listing_id,id,date,reviewer_id,reviewer_name,comments,numerical_review,summary
861490005134416758,881694888562963101,2023-05-01,356300852,Matteo,"We spent a lovely time in Charles' BnB, always welcoming and refreshing after long days visiting London. The room completely met our needs and is truly delicious, well-finished and furnished. Charles (and his wife too) is a great host, very friendly and caring about your stay at his place and your experience in London. His wife gave us a lot of very helpful suggestions. They were both very prompt in meeting our needs and we really appreciated the fact that they allowed us to store our luggage in their home well beyond the check-out time, to help us enjoying our last day. Highly recommended!",5,"Guests had a lovely stay at Charles' BnB, praising the host's welcoming nature and well-finished room."
858136595662134324,1062199492798792335,2024-01-05,530818416,Christian,"very good location and excellent transportations links<br/>easy access and check in and check out anytime<br/>very fast internet really good desk and chair and very comfy bed<br/>amazing and very clean property, very clean kitchen and bathroom too<br/>super clam and peaceful, and everyone we met was polite and friendly<br/>very good price for this location, and facities<br/>very safe and secure, thank you",5,"Guest praised the property's excellent location, cleanliness, and amenities, as well as the friendly hosts."
20987440,208410102,2017-11-01,63384011,Graeme,"Dan was super helpful and understanding. His apartment is decorated stylishly with fantastic attention to detail, great new shower, on a lovely leafy street in walking distance to Oval station and bus routes, making it a great position to get quickly into London or around other cool towns south of the river. Nice, short walk to shops, take-aways and cafes, too. Recommended!",5,Guest appreciated Dan's helpfulness and the stylishly decorated apartment with great attention to detail.
624549267344124983,711481234323057283,2022-09-08,106767251,Yongrao,"The landlords are very friendly and welcoming, making me feel at home. Everything is clean and tidy. You can cook there, and they set the most basic stuff for you. The surroundings and transportation are also very nice and convenient. In front of the house, there’s a park you can walk. Besides, It's only several mins walk to DLR, bus, train station and near the tube station. You can go to the centre of London in half an hour. There are plenty of shopping markets nearby, and you can buy daily necessities and food there if you need them.",5,"Guest felt at home in the landlords' welcoming property, praising its cleanliness and convenient location."
18726042,196455154,2017-09-23,15979506,MaryJane,"The flat is located in a really trendy neighbourhood in London. It's super close to a bunch of hip bars and restaurants, so if you're into that sort of thing, you'll love it! Even if you aren't, I'd still recommend staying at this flat. There's always something going on in this area, and it's really close to transit, entertainment, shopping, great restaurants, etc. The entry way/kitchen/living room area is a bit louder and you can certainly hear noise from your neighbours/down the street. The bedroom itself is extremely quiet so it won't be a problem for those who aren't used to being in a central location. My sister and I ended up sharing a bed instead of making use of the sofa, so I'm not sure how it would be to stay out there. The bed was SO comfortable and, for us, the entire situation was great. The place was perfect and we were sad to leave. The only things we would've liked was to have a full length mirror in the entry way, and more counter space for toiletries/make up/skin care etc. My sister ended up getting all of it so I had to use the kitchen table for the my products. It was okay, but it wasn't ideal. Overall, we had a fantastic time and would recommend it to anyone who was considering this area in London. A solid 4.5*.",5,"Guest enjoyed the trendy neighborhood, comfortable bed, and central location of the flat, with some minor suggestions for improvement."
53354734,1212963440691704933,2024-07-31,448501576,Alexander,"Ich hatte einen sehr guten Aufenthalt bei Roberto. Ich wurde sofort Nett begrüßt und es wurde sich um mein Gepäck gekümmert. Das Zimmer und das Bad waren sauber und ordentlich. <br/>Die Underground ist auch gut zu fuß zu erreichen, wodurch man die ganze Stadt super erkunden kann. Ich würde wieder bei Roberto Buchen!",1,Had a great stay at Roberto's place with friendly service and easy access to public transportation.
1009193990975634048,1254340357407189283,2024-09-26,42627769,Angela,"Love Stephanie's place! It is a cozy warm apartment, perfect for solo and couples. The location is great, easy access to undergrounds and overgrounds, grocery stores nearby and only 15 - 20 mins to central London. The district is safe and peaceful.<br/>It is clean and with all the necessary amenities. Stephanie is a very friendly host, she provided clear instructions on checking in as well as local recommendations She allowed me to drop off the luggage before check in.<br/>Just a small note that the apartment is on 5th floor with no lift. It is not a problem to me at all and I have a lovely stay in Stephanie's place. Definitely will come back.<br/>Thank you.",5,Loved Stephanie's cozy apartment in a safe and peaceful area with excellent amenities and friendly host.
3189998,78735999,2016-06-08,30222016,Zeina,"MAY RUINED MY STAY IN LONDON! She wouldn't fix the boiler, 6 days of no hot water, refused to refund me and kicked me out of the flat 1 day before my flight cause I escalated the case to the nocarz customer service! <br/>I stayed in the flat for 32 nights. Let me start by saying that the flat is well located, on a quiet street and has a lot of natural light but these are the only positives. The flat & the building are very very old, the carpet was so dirty i was shocked, it is stained and filled with dust, the corners were so filthy, the bathroom & kitchen are old so is the furniture (be careful the flat looks much nicer in the pictures than it actually is in reality). I wish i could post pictures in my review. The beginning of my stay went well with May, she was quite responsive to my texts (although i did try calling her a few times and she never picked up which is annoying) until the day the boiler broke. This happened 1 week before the end of my 1 month stay. She kept saying that the plumber is coming but then he never showed up but i am not sure if she has ever arranged for him to come cause the boiler was never fixed so i basically stayed WITHOUT HOT WATER FOR 6 DAYS! I had to go shower at some friend's place which was really inconvenient, embarrassing and unacceptable given the price i paid for the flat (definitely definitely OVERPRICED by the way!). The story keeps getting better and better, cause May decides to kick me out of the flat 1 day before my flight cause i had asked her for a refund which she refused so I escalated the case to the nocarz customer service (according to the nocarz rules i am totally entitled to 50% refund). The cherry on the cake is when she kicked me out of the flat 1 day before my trip! I had to leave work early to go pack my bags and leave the flat to go to a hotel for the last night. The funny part of the story is that she came with the plumber to fix the boiler the day i left, of course cause she was going to move into the flat again. <br/>nocarz customer service was very very good and understanding of my case. They refunded me 50% of the last 6 days, a full refund for the last night and offered to pay a part of my hotel fee. <br/>So overall i would DEFINITELY NOT RECOMMEND staying at May's flat, for the same price (or even lower) you can find a much better flat AND a much nicer landlady :) ",5,"May's flat was poorly maintained, had no hot water for 6 days, and the host was unresponsive and refused to refund."
13836041,95127755,2016-08-18,22345757,Barbara,"Lovely trendy flat just one block from vibrant Church Street.<br/>Richard was away when I arrived, but always kept in touch even from his holiday abroad and made sure I had everything I needed.<br/>His flatmate Arthur arranged smooth collection of keys and left the room perfectly clean and ready for my arrival.<br/>The bed is so comfortable I had to ask Richard where he got it from and my whole stay here was short but very pleasant.<br/>It was a real pleasure to meet these friendly easy going boys.",5,"Richard's trendy flat was clean, comfortable, and well-equipped with friendly hosts who made sure everything was perfect."
710679275564504288,910036857309288674,2023-06-09,425096433,London,Our stay in Kings Cross was great! The nocarz was very close to the train station and the underground which we used a lot to get around! The nocarz was very clean and we used the kitchen a lot which offered tons of great amenities. Would stay here again in the future!,5,"The nocarz in Kings Cross was very clean, convenient, and had great amenities for a pleasant stay."
21039172,205189354,2017-10-21,59152902,Rhysa,"Despite other reviews and the suggestion by listers the the wifi connection worked well during my stay at this flat with four devices connected at once. Perhaps there weren't many other guests attempting to use it at the time. The flat is in a lovely part of the city just blocks away from two metro lines, multiple bus lines, food and shopping. These are the highlights of this listing. The  price of this accommodation is justifiable based on those factors. The room itself is pretty basic and most suitable for short stays or those who don't mind a ""no frills"" accommodation. Shower seemed to go from cold to hot with no in between. Microwave was available but needed to be moved in order to use it as it wasn't placed near an outlet. The room features an enclosed outdoor space not accessible from the street (about 7 feet by 7 feet). Mattress was particularly uncomfortable as springs poked through pretty much everywhere, and the mattress itself was thin. The bed features a headboard which frequently made noises that sounded like it would collapse. There were some holes in the wall that seems to be due to some kind of fixture being removed from that portion of the room. Oddly the television had been programmed to automatically change to an adult channel some time after 2am. On a better note communicating with the host was easy and convenient and we were able to arrange getting the keys from a lock box rather than the office when our plans changed and we arrived in London late at night.",5,"The flat's location is excellent, but the room itself is basic and has several issues with the shower, microwave, mattress, and television."
18519632,842650086365034386,2023-03-08,155729821,Thomas,"Wir hatten einen sehr schönen Aufenthalt in der Wohnung. Sie ist sehr gut gelegen. Eine Bushaltestelle zur Innenstadt ist fast direkt vor der Haustür. Die U-Bahn Station Goldhawk Road ist nur 5-8 min. Fußweg entfernt; gleich gegenüber der U-Bahn Station befindet sich ein lokaler Supermarkt, in dem man alles bekommt, was man so braucht (bis 23:00 Uhr geöffnet). Die Küche ist gut ausgestattet, ebenso gibt es 2 große Betten (eines davon im Wohnzimmer als ausziehbares Sofa). Wir konnten unser Gepäck vor dem Check in und nach dem Check out in der Wohnung unterstellen, das hat uns sehr geholfen. Vielen Dank noch einmal an unsere Gastgeber Stephane und Ellie, die sich aufmerksam gekümmert haben.",0,We had a great stay in this well-located apartment with easy access to public transportation and amenities.
19670926,459912001123129962,2021-09-26,1155595,Alex,"I booked this place for my stay in London because of its excellent location. I was first given a room on the 14th floor but due to a broken AC, I was later moved to the 9th floor. Generally speaking, the room was tidy and everything looked good. I did think that the rooms were a bit too dark for my liking and the light control was all over the place. It would also help if the AC control was closer to the bed because when it got too cold, you had to get up and walk into the living room to change the temperature but this is a minor thing. Overall, the staff was very helpful and they even let me check in ahead of the official time so that was nice.",5,"The room was tidy but too dark, and the AC control was inconveniently located."
7203121,833163385874511201,2023-02-23,330508274,Mary,"Great location, good amenities and travel links to London and short bus ride to the O2 arena. Good, we’ll equipped space for a family of 5. Kevin met us and showed us around and helped park the car - our VW Golf fitted neatly in the garden parking.  The tip in the property details to ask advice for paying for travel around London at Maze Hill station was a great tip. Handy umbrellas in property - we were caught out by rain!",5,"This place has a great location, good amenities, and is well-equipped for families."
663597233485199628,907086340088194714,2023-06-05,240976638,Olly,"Jimmy is a friendly and responsive host, with a place that instantly makes you feel at home. It was in the perfect location for us to attend a nearby music festival. <br/>The place was spotless, and he very kindly left us some milk, bread and chocolates to enjoy during our stay, which was a lovely touch. <br/>We would definitely return!",5,"Jimmy's place is in a perfect location for music festivals, spotless, and the host is friendly and responsive."
30536724,990464633724707208,2023-09-28,10860065,Alva,"Ben was a responsive host who gave clear instructions for checking in and out. He was also prompt to answer any questions I had.<br/>The area is residential but note that as it is by the road you will be able to hear traffic in the morning but it wasn’t terrible.<br/>As with shared spaces it is always a toss up with the people you get. The ones I got weren’t the cleanest so the bathroom were kinda dirty at times but that is something that can’t be controlled.<br/>The room however was clean and spotless. Sheets were clean, fresh towels provided, and the shower’s water pressure was good. The kitchen was fully equipped with  everything you need<br/>Note that the apartment is up two flights of stairs and both showers are also on the second floor of the apartment.<br/>The nearest train station is a short bus ride away and the location was excellent.<br/>I had a pleasant stay here.",5,"The host was responsive and provided clear instructions, but cleanliness of shared spaces was an issue."
1165909059889265917,1265870573430098419,2024-10-12,463748836,Sarah,"Forsythe was an amazing host! My kids (15,12,9) and I stayed for a week and loved the flat! There is a small grocery store 2 blocks away, the train station halfway in between, restaurants and the river also super close. The flat was absolutely perfect! There was nothing we would have changed about our experience! Loved it!",5,"The flat was perfect for a family stay, with great location and amenities."
15866693,670129567391008039,2022-07-13,455518812,Shiane,A great experience overall. It’s in a great location to get to anywhere in the city you need to. We were made to feel right at home. We got shown around the area and even got introduced to some secret beautiful sight seeing spots. Thank you so much to Giulia for being such a great hostess and introduction to our first out of the country Air B&B experience. 10 out of 10 recommend!,5,"The host made us feel at home and showed us around the area, making it a 10/10 experience."
1262693047878218008,1276787347831383094,2024-10-27,210179772,Alves,Super séjour tout à proximité commerce restaurant… le métro est vraiment proche du logement et dessert toutes les localisations pour pouvoir visiter Londres très facilement.le Logement est très propre vraiment j’ai rarement vu en louant un rbnb un logement aussi propre j’ai été très satisfaite de mon séjour. Pavlos a toujours été très réactif à mes messages vraiment super . Merci encore,5,"The apartment was very clean and well-located, with easy access to public transportation and amenities."
42171731,642528960360061727,2022-06-05,211182201,Michelle,"Lovely little hidden gem of a flat, walking distance from Newbury Park tube station (zone 4) . <br/>Small flat, but super comfy bed and full kitchen to chill the milk and wine. Modern bathroom with epic shower and toiletries included. Just perfect what a weekend exploring London, I would defy recommend and would stay here again",5,"The flat was a cozy hidden gem with a comfortable bed and modern bathroom, perfect for exploring London."
2738049,47481481,2015-09-19,1474763,Lisa,"Tiff, My parents and I had such a wonderful time in London and the location of your apartment was ideal. I was really picky about which place to stay and am so happy we chose your apartment. The pictures are a great reflection of your place and how clean it is. Thanks again! Lisa",5,Guest had a wonderful time in London and was happy with the apartment's location and cleanliness.
38995,992590826469603083,2023-10-01,87499472,Marco,Cesar was best host ever. Friendly and always smiley. I had a problem with the flight and he was very helpful to arrange a new check in solution. We had coffe together in the morning and we also had the chance to have some interesting talk. The house was cozy and clean. Definitely recommended! ✌🏻,5,"Host Cesar was friendly and helpful, and the guest had a great experience at his place."
18782939,946923004428540661,2023-07-30,525399085,Dirk,"Es war sehr schön. Wir durften früher rein da der Flieger schon um 07:00 landete. Wir durften länger bleiben weil der Flieger erst abends ging. <br/>Von der Minute der Buchung waren wir sofort in Kontakt über Telefon / Messenger .  Wie wir zügig und günstig von Heathrow zu ihr gelangen. Also besser geht es nicht. Auch die Begrüßung war lieb und herzlich. <br/>Das Zimmer ist gut. Tisch, Bett , 2 Stühle, Kühlschrank , Wasserkocher und ein Bad direkt daneben. Für alle Fragen war Natalia für uns da. Wir empfehlen Natalia gerne weiter und würden beim nächsten Aufenthalt in London wieder bei ihr einkehren. <br/>Frühstücken kann man ca 300 m weiter im Ambassey Café. Die Bahnstation ist in 40 Sekunden zu erreichen. Ebenso der co-op Shop. <br/>Also alles perfekt.",0,"Guest had a perfect stay at Natalia's place, praising its amenities, location, and host's communication."
638499510326353417,839720412700766863,2023-03-04,60118634,Paul,"Leanne is a lovely, friendly host and we had a really comfortable stay at her home whilst up in Woolwich for a party.  Leanne provided the makings of a nice breakfast in the morning and we were off back home well rested and fed.  We would be happy to stay again and recommend to anyone.",5,"Leanne is a lovely host who provided a comfortable stay for the guests, including breakfast."
16555802,581685029987507667,2022-03-13,34488341,Naomi,"Very warm and friendly hosts offering a quiet and wonderfully immaculate apartment with a large and comfortable  bedroom, a fully-equipped kitchen, and a lovely living room overlooking the garden -  perfect for ""hanging out"" but just a short walk to buses or overground trains to get wherever you need and close to a variety of cafes and restaurants.",5,"Hosts were warm and friendly, offering a clean and quiet apartment with great amenities."
1239641403874221003,1281909362747803235,2024-11-03,398050937,Meryem,"Super séjour passé, station de métro et bus à proximité proche de magasin mc do starbuks boulangerie une chouette petit enseigne que j ai adoré Nathaliekitchen pour le brunch en tt cas si je reviens à Londres c sur que je reprend cette petite apart cosy😍😍😍et la réactivité de Barth au top du top j avais perdu l sms avc les instructions d entrée il me les a envoyé à l instant où je lui ai écrit ça m’a rassuré car a peine arrivé dans un pays tu connais pas trop et fatigué ta pas envie de passer une grosse heure à patienter devant !!!! Ça ça été au top 👌🏾 je le remercie d ailleurs 🙏🏼😌",5,"Guest had a great stay, praising the location, amenities, and host's reactivity."
628721339407661122,978157598784096564,2023-09-11,142980253,John,"The location is fantastic - Basically a half block from Victoria Station. That means not only quick access to transportation (we used rail, underground, city buses, and tour buses on the trip), but a wide range of shops (food stores, drug store). Other people have mentioned hearing the trains underground, but that really wasn’t very noticeable to us. The place is very clean and well kept. The only issue was, as others mentioned, it was a little warm. The fan helped a lot, but ac would have been better during a hot spell in London that week. Overall, a good place to stay.",5,"Guest enjoyed the fantastic location, cleanliness, and amenities, but noted it was a bit warm."
26099856,338666700,2018-10-20,133036612,Neiko,This place is simplistic with lots of great literature and art scattered throughout the house giving great energy and nonchalant vibes. The amenities and the location of this place is phenomenal. The host gave us amazing recommendations and I wasn’t disappointed. I wish I could l pay rent and stay there. Definitely worth it.,5,"Guest loved the simplistic yet energetic atmosphere, great literature, and phenomenal location."
20988762,1007160638502658628,2023-10-21,302164666,Alexis,"Was seriously impressed the second we walked through the door. It was a lovely clean apartment and exactly what we needed for our few days in london. The tea, coffee, sugar, oil etc were very handy.<br/>My only grumble is we wish the balcony was the other side of the building so we could enjoy the spectacular night view.",5,"Guest was impressed with the clean apartment, location, and amenities, but wished for a different balcony view."
950150241655311659,1155003753447724081,2024-05-12,236590223,Marc,What can I say after being let down terribly by another host cancelling on us the morning of the stay nocarz suggested a few other places and Silvia’s place fit the bill perfectly. At very short notice and after some frantic messaging Silvia saved the day and I can’t thank her enough she is very kind and so accommodating even adding little treats for our arrival. The apartment is very stylish beautifully clean and in a fabulous location with easy travel links nearby. Again I can’t recommend this enough and I think we will definitely be back at sometime. <br/>Thank you Silvia for saving our trip xx,5,"Guest was grateful to Silvia for saving their trip after another host cancelled, praising her kindness and accommodation."
711360348015164630,854994498798581976,2023-03-25,70218040,Gloria,"Originally, I booked another nocarz, but the host canceled an hour before check in. Hannah came to my rescue, and responded right away, and got me checked in within the hour! I was very impressed and grateful. I loved the area. It was very peaceful and the nocarz was exactly as described. Hannah and her team provided written instructions that included pictures. Very helpful. Thank you, Hannah!",5,"Hannah was very responsive and helpful, getting the guest checked in quickly after another host canceled."
31532632,438313009,2019-04-16,28568246,Kelly,"Truly this apartment is exactly as described!!  My two friends and I stayed for one night as we transitioned to the countryside the following day.... probably best for 2 people but fine for 3 for a short stay.  Apartment was very clean and the host was accommodating with our luggage before check in,  super friendly to communicate with and an extremely easy and smooth check in/out..  loved it!!",5,"The apartment was exactly as described, clean, and easy to check in/out with a friendly host."
571906,298481425,2018-07-29,144928621,Lucie,"Je vous recommande fortement de séjourner chez Cathy. Elle est très attentionnée, la maison est très au calme, il y règne le respect ainsi que la bienveillance. La maison est très propre et délicatement décorée, la chambre est superbe. Il y a un magnifique jardin à l'arrière de la maison. Un joli coin de paradis dans Londres!",4,"Cathy's house is peaceful, clean, and beautifully decorated, highly recommended for a stay in London."
6842736,82630234,2016-06-28,24965607,Nick,Staying with Manuella was simply wonderful. Her house is so lovely and clean - it's also in a fantastic location. Quiet and tranquil yet close to amenities and public transport. Wimbledon itself is a fab place. Manuella waited up for us despite me and my Mum not being so good with directions in London ;-) When we arrived (much later than planned) she offered us tea or coffee and showed us round. The bedroom was so nice and the bed itself was very comfortable. Bathroom was lovely and clean and the shower was fab. Myself and my Mum would very happily stay with Manuella time and time again. It's just a shame that we arrived so late and didn't get to spend more time there. Jesse (is that right?) the dog and Buster the cat were also so friendly! I liked everything about this place and would recommend it to anyone. Thanks Manuella - hope to stay with you again in the future. I'm coming to Wimbledon again next year so will stay with you if you're still doing the nocarz business. Thanks. Nick,5,"Manuella's house was lovely, clean, and well-located, with a friendly host who made the guest feel welcome."
22911465,1282584194938143945,2024-11-04,365612915,Arianna,"Evan is very friendly and proactive, he helped us and always replied us quickly.<br/>The flat was a bit small for three people, but well accessorized and nice. The position was good, well linked to the main underground stations. <br/>It had only two points against: it wasn’t specified that the toilet (WC) was in a separate room from the main bathroom and the windows didn’t seal the apartment well and a lot of cold air and noise from the street passed through them. <br/>Thank you Evan for hosting us, we had a great time in London!",5,"Evan's flat was small but nice, well-equipped, and in a good location, despite some minor issues with the bathroom and windows."
38999399,1099881435043259667,2024-02-26,210668614,Karolína,"David and Allan were both very lovely and helpful. The place looked exactly as described, was very tidy and my friend and I felt safe staying there. The area was nice as well and the tube station was just a short walk from the place. We were both happy with our stay and would definitely stay there again in the future. :)",5,"The place was exactly as described, tidy, safe, and in a nice area."
21055227,482391401,2019-07-06,142000129,Kay,"The location was very nice, it was right next to the portobello market and not that far to the kensington garden in my opinion. You could walk there if you like walking around. There was a kitchen which everyone could use, very clean and a little balcony? Which everyone can use too. The cat next door visits most of the time. Very friendly and the balcony is clean too.",5,"The location was great, the apartment was clean and had a balcony with a friendly cat visiting."
652954577452966496,836148831001953356,2023-02-27,30566704,Daysi,Neo was a great host! It’s always a big help when you can drop off luggage after an early flight and Neo was kind enough to accommodate. Everything was clean and cozy. We took the train every day to get to where we wanted to go and it was very easy. I even enjoyed sitting out on the balcony as cold as it was! Thanks again Neo!,5,Neo was a great host who accommodated early luggage drop-off and provided a clean and cozy space.
612019078541935985,994086238431067951,2023-10-03,467599077,Susanne,"I can recommend this apartment and the the host 100%!<br/>Don't let the run-down stairway scare you off when climbing up the stairs ;) -  the apartment/room itself and bathroom is absolutely clean (and the latter even recently renovated) and there is absolutely nothing to criticize. I really appreciated the little goodies like sknacks and toiletries which were provided for free. Nazrul was always very helpful and polite!<br/>The tube station ""All Saints"" is a 2 min walk, there are also several bus stops nearby. Perfect if you have a concert at the O2 arena. ;)<br/>I have never heard of the borough Poplar before but it was a really nice surrounding even with a marina nearby. And don't miss the famous traffic light tree! ;)",5,"This apartment was spotless, well-equipped, and in a convenient location near public transport."
47753106,766581018759959614,2022-11-23,4364262,George,"Henry was a friendly and responsive host who was flexible with our check-in time when our flight arrived early which we greatly appreciated. We enjoyed our stay at his flat which is accurately described in the pictures; it was clean, comfortable and safe. The sitting room at the sub-level still gets plenty of daylight and the bedroom located down a flight of stairs into the basement level gave us privacy and quiet time. The neighborhood is beautiful with plenty of cafes and restaurants within quick walking distance.",5,"Henry's flat was accurately described, clean, comfortable, and safe with a beautiful neighborhood."
587611228695794002,730262445539439461,2022-10-04,199527035,Bethanie,"John was a lovely host and greeted us at the apartment to show us everything. He was on hand for any queries we had during our stay, and even let us check out later than the planned time. The apartment was lovely and was ideal for us for the 4 days we were there. Perfect location for the tube and DLR and easy access to central London! Clean, tidy and well kept. Would recommend this host and apartment to anyone.",5,"Lovely host, perfect location, clean and tidy apartment."
48322421,1018017977219225806,2023-11-05,154484256,Jessica,"Literally not a single complaint. <br/>Eleonora replied quickly to all messages and was very polite. <br/>The apartment was in a great location based in the heart of Shoreditch. You couldn’t hear any of the night life noises even with being so central, which was great. Apartment was clean and tidy and had everything me and my girlfriends needed. <br/>Would 100% stay again.",5,"Great location, polite host, clean and quiet apartment."
17026875,252123553,2018-04-09,60784966,Lava,"This was my first time using nocarz and I will definitely be using this service more if all my future hosts are like Javier and his wife! The flat is located 50 m from the underground, so it was really easy to get from A to B. I would definitively stay here again next time I’m in London!",5,"Excellent location, friendly host, easy to get around London."
896209679383369016,998433920095544544,2023-10-09,26389912,Linfei,"Jodi is a super host.  I don't know how many questions I had for her before and after we arrive and she always tried to answer my questions and made recommendations.  She's helping us to find the best way to get to attractions.<br/>London Underground was planning a strike on the day we arrived.  She gave us all the information how to get to her place other than underground.<br/>The place is clean.  Although we only have our room but we can use her living room and kitchen.  Very nice.<br/>Locations is good especial if you leave her place to Heathrow.  We had Uber for 7 pounds and hop on Piccadilly line directly to terminal 3.  Piccadilly line goes to Heathrow terminals 2,3,4 and 5.<br/>If I ever go to London, I'll book with her again.  Highly recommended.",5,"Super helpful host, clean place, great location for Heathrow."
655024079101289091,933166880224510310,2023-07-11,91355459,Šimon,"Gemma's place is excellent for a few-day stay - it has everything you need (including towels, shampoo etc.). It was great to feel that someone is living there - many photos, a gramophone player with LPs, a fully equipped kitchen - mainly this is great because some other hosts don't provide everything you might need to cook something. However, the bed is relatively small for two people with only one duvet, which might be a complication for some couples. Also, the apartment is on the ground floor, so you must always keep your blinds closed if you don't like other people looking inside. The last inconvenience was that the neighbour over us had a party at midnight, and since the walls are thin, we heard everything (but I can imagine this was a one-time thing as it happened only once during the week stay).",4,"Good value for a short stay, but some minor issues with bed and noise."
16051209,123930268,2016-12-31,55667349,Yulia,"A lovely flat and welcoming couple in a quit part of a very well connected neighborhood on the central line. The Underground is at 10 min walk and one station away from the overground. There are many buses to central London and other major parts of the city. About 30 min from central London. Very easy to get by. Lots of places to get food on the main street, a supermarket, a great pub, hair salons, you name it!<br/>The flat is very clean and beautifully decorated which makes a very cozy and peaceful atmosphere. All the facilities are great; the heating, washing machine, TV, WIFI, the bathroom is nice, the room is functional, lots of storage space, a full length mirror, comfortable bed, nicely illuminated by the light coming in from the big window. Becky and Matt are the nicest people and very easy to get along with, friendly, welcoming and positive! I highly recommend this place to anyone who visits London !",5,A lovely flat with a welcoming couple in a quiet neighborhood near central London.
841286832985993749,1200621446161977041,2024-07-14,101550277,James,"The place is great, clean and enough space for 2 couples or a small family. On 5th floor so far enough away from road to not hear much of it. Aircon in main bedroom and lounge which was nice. Furniture is immaculate and the place is decorated to a high standard. Local eateries and shops nearby and walking distance to tube station etc",5,"A great, clean place with plenty of space for 2 couples or a small family."
24712566,287583580,2018-07-08,26280703,Amy,We used this property for a school reunion during a hot weekend in July. The place was absolutely perfect for 8 people to stay and it was immaculately clean. The terrace is fantastic and we ate out there on the first night. The rooms were all a good size and two bathrooms meant there were no queues in the morning. Sarah was a great host with quick communication and really helpfully organising a parking permit for me. All in all - would highly recommend.,5,Perfect property for a group stay with a fantastic terrace and immaculate cleanliness.
38943851,848420158485407089,2023-03-16,262226014,Sarah,"Visited London for the first time with our 2 adult children. This flat is bigger than it looks in the pics and is enough space for 4 adults. Really enjoyed the gas fireplace and high quality sheets and pillows. Right by the tube station, which made it easy to get to and from Heathrow. Train noise didn't bother us. Wifi was spotty in the second bedroom so they may want to add a wifi extender. Otherwise it was a great stay!",5,A spacious flat with a gas fireplace and high-quality amenities near the tube station.
738857441180405393,878152244215235222,2023-04-26,174573423,Shiyamkumar,We had a flight delayed and we suppose to reach home between 10<br/>To 11 and we ended up by 1 to 2 but Rebecca was really nice she was waiting for us till we check in and she was really helpful in all means and the place is really comfortable for travelling  and very clean and comfortable room recommend to stay again thank u,5,A comfortable and clean place to stay with helpful hosts despite a delayed arrival.
12910064,286841965,2018-07-07,124910228,Tati,"Gracias Fabio, el mejor nocarz en londres, esta es la razón por la que existen los superhost, el cuarto es muy céntrico y te da muchas facilidades como un microondas, toalla, shampoo, jabón, mini refri, y una smart tv, no pude pedir mejor estadía, lo recomiendo mucho, fue mucho mejor por lo que pague",3,"Guest had a great stay at Fabio's place in London, highly recommending it for its central location and amenities."
875754,100281014,2016-09-08,88626788,Suresh,"<br/>We stayed at this house for 1 week and it was lovely.. The house is very clean and all the facilities works well. Me and my family felt very welcomed. <br/>Sid has been very helpful with arranging our needs! <br/>The house is located in a quite community which was amazing, moreover all the local stores,restaurants and transports are very close by within minutes.<br/>Had really good time there.<br/>",5,"Guest had a lovely week-long stay at Sid's house, praising its cleanliness, facilities, and welcoming atmosphere."
3281207,238218273,2018-02-25,4672359,Glafkos,"A very nice flat in a quiet place in Deptford/Greenwich. The room is comfortable, has its own bathroom/toilet. Heating on all day. Umbrellas are available for the rainy day. USB plug available. Within 5-8 minutes walk is Creek street and another 10 munites to Cutty Sark and Greenwich. I would highly recommend it. I would definitely come back.<br/>Thank you, Fatih and Sibel.",5,"Guest enjoyed their stay at Fatih and Sibel's flat in Deptford/Greenwich, recommending it for its comfort, location, and amenities."
9408750,1013738573182912963,2023-10-30,1925675,Dora,The most comfortable beds that I hv experienced in all the nocarzs that we have stayed - for both the master and the second bedroom. Linen is also very comfortable. <br/>Spacious master bedroom. <br/>Good kitchen. Good washer dryer. <br/>Only thing I would say is that traffic at night is pretty loud - not for light sleepers.,5,"Guest had a comfortable stay at Shameem's place, praising the beds, linen, and kitchen, but noting some traffic noise."
5939048,656337470735214893,2022-06-24,32260572,Kaona,"Truly a home away from home. <br/>My parents flew from Bangkok and had such a lovely time at Shameem's that they hardly felt the need to go out at all even though it's right in the middle of Walthamstow Village and the high street and tube station to central London are just a short walk away. We enjoyed cooking in the spacious and open kitchen area and later lounging and drinking in the garden. <br/>Shameem was very understanding and flexible right from the booking process, and was very helpful and responsive whilst we were staying there. <br/>Very ready to book again next year.",5,"Guest had a wonderful home-away-from-home experience at Shameem's place in Walthamstow Village, praising its location, amenities, and host's flexibility."
673173125522494475,851285898408622142,2023-03-20,3601972,Ben,"We stayed here with two small children and couldn't have hoped to find anything more ideal. The apartment is well-located, comfortable and was spotless when we arrived. Stephen was a great host, always responding to queries. The apartment is especially good if you are travelling with children, with kids books and toys in the apartment which kept our two entertained throughout our stay. Too bad it was raining most days we were there and we didn't get to enjoy the spacious terrace. We would definitely recommend this place and would definitely come back, even if travelling without kids.",5,"The apartment was ideal for families with kids, with a great location, comfortable space, and amenities like toys and books."
30339461,567705149,2019-11-23,66758302,Brooke,"Amazing place in a perfect location! Owners were great, extremely responsive, and offered their personal recommendations for touring London. We comfortably slept two families of 4, while utilizing the loft area for two of the kids. Some of the decor is a little “mature” but our kids appreciated the artistic nature of the place. The only issues we really had - which were NOT big issues - were the lower floors were much cooler than the top floor/loft (but there is a skylight window you can open to let cool air in) and we had an issue with getting warm water in one of the showers. Otherwise, we loved it. Would definitely recommend.",5,"This place is perfect for large groups or families, with plenty of space and a responsive owner who offers great recommendations."
953350,591797026599620165,2022-03-27,38692831,Enrico,"Everything was perfect during our two days in Alejandro's place.<br/>The room was clean and very handsome, no problems with the communication and Alejandro is one of the best host I have ever had, nice and friendly, and me and my girlfriend liked very much talking with him during our (very nice) breakfast.<br/>The location is good, from his house you can reach a metro station in just a couple of minutes walk.",5,"Alejandro's place was clean, handsome, and in a good location, with excellent communication from the host."
39458408,804210850819583993,2023-01-14,62347617,Emily,Place was very very small but nice and clean. <br/>Bed was comfy and furnishings were nice. <br/>Very hard to get large luggage up and down the stairs into the apartment and has a very tall step into the bedroom which is difficult if you have hurt legs or mobility issues.<br/>Otherwise a nice stay.,4,"The apartment is small but nice and clean, although it may be difficult for people with mobility issues to navigate."
745885425977039943,926723936641627686,2023-07-02,9673363,Hana,"Nick was a great, responsive host! Many thanks for the personal attention and quick responses throughout. For example, there was a problem with the washing machine, so Nick proactively arranged for a delivery of fresh linens and towels halfway throughout the stay as well as some cash to wash clothes at a launderette nearby.",5,Nick was a great host who responded quickly to any issues that arose during the stay.
18838317,272403508,2018-06-03,187278059,Tom,"Charlie’s accommodation is perfect for a little week-end ! With a great location about buses, underground,.., this accommodation is good to discover London. Charlie is cool and we can discuss with him even we haven’t the same language. <br/>If I return in London, I would like to stay in his appartment. ",5,
34407085,548377567347855727,2022-01-26,314948862,Jonathan,"A really uncomfortable poor quality bed, poor communication, and poor hospitality.<br/>have stayed in another one of Julies room before and had great communication and a great stay. this stay was way below par. Code for key was not provided and called several times to ask her for it, and no reply. luckily I found key before.<br/>Had text the next day saying I left porch door open, which was not my recollection but text and communication were very abrupt and not at all welcoming. <br/>There is no kitchen but this definitely needs to be made a lot clearer, had I know this I would not have stayed. I was accused of staining sheets with food, at first I thought I may have, but on reflection it just wasn't a possibility at all . Once again her remarks made to me, were beyond patronizing, rude and really quite insulting. I stated 3 nights as everything else in the area was booked  but in many years of being on Air Bnb this was one of the most uncomfortable, most inhospitable stays I have had to date. The mattress in this room is way below par, and I'm amazed it hasn't been changed or considered as poor.",0,
37589784,850627900785679946,2023-03-19,59881488,Iva Luna,"Kamilla’s place is close to the center, location is perfect. Checkin is flexible with codes which is amazing. She provided clear instructions on how to get to her place. You can take metro to Warren Street or Euston Station, same walking distance. The only downside is that room is extremly small, for two people it’s too tight honestly. Also, when we arrived, because it’s a shared bathroom, toilet was in a messy state because of the other guests. They also left hair everywhere etc. throughout their stay. I would suggest adding desinfectant because it’s a shared bathroom. I escalated the bathroom situation to Kamilla and also asked her whether she had power converter for EU, however I haven’t received any response from the check in day when I sent this message which is disappointing. There is no power converter, so bring yours. Also, there was a lot of noise in the early mornings around 7 (possibly cleaning lady doing washing etc.), which woke us up.<br/>All in all, the stay was 6/10.",5,
46504482,1228230235526343215,2024-08-21,89345819,Attica,"The location is very convenient, with two tube stations nearby. There are plenty of shops and restaurants in the area, and it’s right next to Kensington Gardens, close to Hyde Park. Across the park, you’ll find the Royal Albert Hall and the three major museums: the V&A Museum, the Natural History Museum, and the Science Museum. The room itself was clean, spacious, and well-ventilated. The host was very responsive to our messages. This is definitely a place I would love to visit again.",5,
849286133307807452,907177046985564199,2023-06-05,196586964,Will,"Jackson was a great host! The listing perfectly conveyed what you can expect from the stay, and was a good price for where it’s located. Jackson was very responsive while messaging through the app, and was super helpful when we had questions. <br/>For an individual or couple, this is the perfect place to stay when you’re wanting to explore London and not break the bank just for a place to sleep. We would definitely stay here again!",5,
45706701,1262209101508026674,2024-10-07,478401206,Sheila,"The location was what made this place. Especially for a young person in their mid to late twenties but im sure any other foodie or vintage market enthusiast would enjoy!<br/>The room was good and the bed was comfortable, eventho you might need some earplugs for the night if youre a light sleeper. <br/>I’d definitely recommend this place!! And for sure consider coming back!",5,"The location was great, but the room could use some earplugs for light sleepers."
27914007,967994513923005146,2023-08-28,87670031,Laura,"Die Unterkunft war für den Preis absolut in Ordnung. Es hätte durchaus sauberer sein können, aber auf Hinweis hin, haben sie sich bemüht. Die Lage war top, Abuzer war ein sehr zuvorkommender und netter Vermieter. Die Küche ist für die allgemeine Benutzung, ebenso die Bäder. Das war mir vorher nicht klar, aber in Ordnung.",0,"For the price, it was a good stay with a great location and helpful host."
31839940,987613479627914459,2023-09-24,209106342,Pablo Andrés,"Nunca conocí a Ayodeji. El check in lo hice por mi cuenta, el dejo las instrucciones claras y fue fácil de entrar. Me gustó esa independencia que me dio durante todo el tiempo que estuve ahí. A pesar de que es una habitación dentro de un apartamento nunca lo sentí. Parecía que estaba solo ahí. El barrio tiene fácil acceso a buses y subterráneo. Si quieres caminar al Tower Bridge lo puedes hacer a tan solo 30 minutos a pie. Esta cerca de varias atracciones turísticas. Excelente lugar.",2,This independent apartment in a good neighborhood was perfect for exploring London on foot.
10985877,516252412,2019-08-24,189949240,Tasia,Ana was a wonderful host! She ensured that we had everything we needed and was quick to respond. The place was perfect for my husband and I and was in a perfect location in Chelsea walkable to many restaurants and bars. We will definitely stay there again next time we are in London!,5,The host Ana ensured we had everything we needed and the location was ideal for Chelsea's restaurants and bars.
14300513,1018084014211094721,2023-11-05,39716914,Pierre,"Max and Billie’s nocarz I stayed at was quite compact with thin walls, allowing for neighboring sounds to be easily heard. The upper living space had notably low ceilings that were not conducive for taller guests. I encountered a delay during check-in, which required around a 30-minute wait for a host response. Fortunately, finding the host's direct contact information in the nocarz instructions helped expedite the process. It's worth noting that another guest experienced a similar check-in issue, which I assisted with. This property may be more suitable for short stays and is best suited for solo travelers.",4,"The compact nocarz had thin walls and low ceilings, but the host was responsive and helpful."
310949,121340605,2016-12-16,59218634,Amanda,"Robert and Antonio were really amazing hosts, hands down the best I've met on nocarz so far! They were really helpful, friendly and went the extra mile to make sure we were taken care of and comfortable, picking us up at the bus stop, being very flexible with our check-in despite multiple mishaps on our part, and driving us to the nearby supermarket. The photos speak for the house, and I'm sure the other reviews here are an equal testament to their outstanding hospitality. Strongly recommend! ",5,Robert and Antonio were amazing hosts who went above and beyond to ensure a comfortable stay.
1120831332708326676,1218028450621131725,2024-08-07,170288883,Sun,It was our second time staying in Haly’s flat in London and we loved it so much. <br/>Our flight was at night and Haly allowed us to leave our luggage after checking out which was very important and nice for us! <br/>Thank you so much and we would recommend the flat to friends!,5,Haly's flat in London was loved so much that we returned for a second stay and would recommend it to friends.
1236886357979676416,1303642242807532949,2024-12-03,187165366,Nia,"Great central location, so easy to get where we needed to so prrfect for our stay. Had a few initial issues with the WiFi but host was responsive and we got it sorted. We did notice a few minor bits that could do with a touch up which is the only reason not to give 5 stars but the place was comfy, spacious and perfect for our stay.  Great value for the price,Thank you!",5,"The flat had a great central location, comfy space, and good value for the price, but could use some minor touch-ups."
43439608,633194447341459388,2022-05-23,39616912,Peter,"What a fabulous place to stay!  We loved the location, handy to The Tube, a short walk to Portobello Road, lots of good options for meals close-by and a neighborhood with a great vibe.  But once in the flat, everything was quiet and calm and it was fun to watch the activity on the streets below.  Kitchen was adequate for what we needed for breakfast and snacks.  Bed was super comfortable. Internet was reliable and strong.  Keeping this one in mind the next time we are in London.",5,"This fabulous place to stay was loved for its convenient location, quiet atmosphere, and comfortable bed."
40754119,724347735,2021-01-15,4704662,Christina,"Keren's space was an exceptional experience from beginning to end. The decor has been thoughtfully curated and elevated and yet as soon as you walk in, you feel at home. I appreciate the location being just north of Notting Hill (yet an incredibly close to walk to Westbourne Grove) and close to Goldborne Road a street with great character. The flat has been redone to provide great storage / closet space and beautiful features (claw foot bathtub), which were all appreciated during my time spent there. Having a terrace and the spacious footprint in London is hard to come by, so feel lucky to have discovered this gem of a space. Would highly recommend!",5,"Keren's exceptional space had a thoughtful decor, great storage, and beautiful features, making it a gem in London."
551132082770443502,1129563796708131104,2024-04-07,25963109,Karine,"Nous avons logé 8 jours, et la maison correspondait à toutes nos attentes. <br/>Confort des lieux, très bien situé, à distance de marche d'un métro et du stade de foot, wifi qui fonctionne très bien. <br/>Nous avons trouvé la maison parfaite pour nous accueillir.<br/>Beau quartier résidentiel tranquille . <br/>Les hôtes ont répondu rapidement quand nous avons envoyé des messages. <br/>Les défis de cette maison  étaient pour nous typique et charmeur : nombre d'étages , quantité de marches et douches qui évacue lentement et étaient connu dès le départ, donc pas de surprise. <br/>Pour une première à Londres, nous avons été très satisfaits. <br/>Merci pour ce beau séjour",3,The house met all our expectations and was perfect for a stay in London.
1904439,286054091,2018-07-05,185999540,Nga,"One of the loveliest hosts I have ever met through nocarz! Communication with Vanessa was always quick and clear. Vanessa also decorated the rooms with fresh flowers and welcome notes, which made us feel very comfortable and welcomed at the flat. <br/>The flat itself is very well-equipped, cozy and spotless clean. My mother is a vegetarian but her friends are not. Nevertheless it was an interesting experience to use a vegetarian kitchen at Vanessa's for a week. The flat is close to all the amenities: tesco, boots, local pubs & restaurants etc. and is 5 mintues away from Bethnal Green station, which takes one to central London directly. <br/>Overall my mother & her friends who stayed at Vanessa's place were very pleased with the experience and overall, had a great time in London! <br/>Thanks Vanessa!",5,"Vanessa's flat is well-equipped, cozy, and spotless clean with great amenities nearby."
14704493,1160799292432459214,2024-05-20,511747565,Leonel,"l'appartement  se situe au 4eme sans ascenseur, <br/>petit studio  avec tout ce qu'il faut la ou il faut<br/>pas de soucis particulier, à part un bruit de pompe récurrent toute la nuit, sinon à part ça parfait<br/>je recommande pour la facilité  d'accès, les métros à proximité  le park et les divers magasins.",2,A small studio apartment with some minor issues but good location and access to public transport.
50032863,555633203445414948,2022-02-05,2876972,Silvia,"Amazing place, great host!<br/>Filip's place is absolutely lovely, bright and super clean! The room and the bathroom look exactly as you can see in the pics. Filip is a great host. Friendly and polite. The house is located in front of the Marina. You will have an outstanding view from the living room. The apartment is just a few mins walking from the DLR and from many different buses. Very close there is a Tesco express and 10 mins walking a Lidl. House and host highly recommend!!",5,"Filip's place is lovely, bright, and super clean with an amazing view of the Marina."
747030109259775027,885429383664776511,2023-05-06,1534462,Barbara,"L’appartement de Denny est bien situé à 10’ de St Pancras et du British Muséum. Simplement meublé, il est fonctionnel et bien équipé (machine à laver séchante), bonne literie. L’appartement se trouve ds un quartier assez tranquille juste au dessus d’une agence de coursier un peu bruyante ponctuellement le soir et le matin.",2,Denny's flat is well-located near St Pancras and the British Museum but has some minor noise issues.
689868471831110350,1243395927627683017,2024-09-11,595917180,Shriya,"Beautiful and pleasant place in a quiet residential area. A little away from the main parts but easy access to a tube station ,10mins away.  A very homely place that can accommodate a large crowd. The house instructions were clear and the host responds immediately for anything and they are really helpful !",5,Beautiful and pleasant place in a quiet residential area with easy access to public transport.
1147568076152475627,1214370384042617350,2024-08-02,162427747,Rémi,"Le séjour s'est très bien passé. Rubie (co-hôte) est très réactive et très aimable. La communication était très facile.<br/>L'appartement a été refait et ne correspond plus tout à fait aux photos. il n'est pas très grand, mais très bien agencé, et très agréable. Un peu chaud dans la mezzanine l'été.<br/>La cuisine gagnerait cependant à être mieux équipée pour un séjour un peu long (une passoire pour les pâtes ou le riz, un couteau d'office, une quatrième fourchette...).<br/>L'emplacement est absolument parfait, avec un accès facile au centre de Londres grâce à la station de métro (deux lignes parfaites pour les touristes : Jubilee et Metropolitan) à moins de 5 minutes à pieds !",4,"The apartment was well-furnished and located in a perfect spot for exploring London, but could use some additional kitchen equipment."
703388082933621701,886058960172186351,2023-05-07,37700419,Maria Isabel,"El anuncio de Daniella se ajusta perfectamente a la realidad.<br/>El espacio tiene mucha luz, es muy limpio, confortable y permite alojar4 personas con comodidad.<br/>El apartamento está muy bien comunicado con el centro de Londres con dos líneas de Underground muy próximas y el bus 70 que te deja directamente en el mercado de Notting Hill tiene parada justo a 1 minuto de la casa.<br/>Daniella es muy amable y se preocupó en todo momento de que hubiéramos llegado bien y que todo estuviera correcto.<br/>Sin ninguna duda, recomiendo este alojamiento.",2,"The space was very comfortable, clean, and well-communicated with the city center, with a friendly host who ensured everything went smoothly."
854116,613529664056971830,2022-04-26,93503454,Neil,"This is a very good location for exploring London.<br/>A short walk from Hammersmith bus station.<br/>No 9 to Soho  23 to Trafalgar square 211 to Waterloo via Fulham and Chelsea.<br/>Or tube to anywhere in the city. right on the doorstep.<br/>The flat was clean and although fairly basic, suited us for our<br/>week in London at a very reasonable price.<br/>Would use again if back in the City.",4,"This is a great location for exploring London, with easy access to public transport and a clean, basic flat at a reasonable price."
19353227,515037309,2019-08-22,2933309,Kristen,"The location was perfect. I was apprehensive about this as I had to go to a few different places but I couldn’t have asked for a better place. It was near lots of public transport and in an area that was interesting (often this is the trade off). My only compliant is that the unit is on a busy street so it’s noisy for light sleepers. It also doesn’t have AC (usual for London) so it was quite hot. But honestly, for the price, cleanliness, location and comfort - I had no problem dealing with these issues. IMO location makes or breaks a holiday and this one scores high points for fun and convenience.",5,"The unit's perfect location made up for its noise and lack of air conditioning, offering a comfortable stay at an affordable price."
7203121,526591790920243999,2021-12-27,251293926,Lesley,A great family or group house to stay in. Well equipped with everything you need and plenty of space. There is a lovely private garden which will be perfect in good weather. Well placed for exploring Greenwich which has lots to offer. Kevin was there to meet us and show us round and there is an extensive information pack which was very helpful.,5,
1352070,65974873,2016-03-18,9542253,Sue,"Ewa could not have been more helpful.  A mere mention that I'd like to know about restaurants and coffee shops led to two extensive listings complete with reasons for recommendation, when it was crowded, whether it was worth the wait and a sense of pricing. I was grateful.<br/>Ewa also met us and made us feel very welcome. The apartment was well appointed, had everything we needed, and Ewa made sure we understood how things worked. Finally, being from the US and never having used a washer/dryer combination, I emailed her asking if we could use the washing machine and she emailed back immediately telling me how it worked and that it was fine to use it. She was very, very helpful, even by nocarz standards, which we have found are pretty high.",5,
44847528,1204278006421909367,2024-07-19,248165704,Sophie,"Nous n'avons pas rencontré directement Leonora mais les instructions pour arriver étaient très claires. Nous avons séjourné en même temps qu'une autre voyageuse et les espaces n'étaient pas un problème à partager. Notre chambre était suffisamment spacieuse et équipée comme il fallait (2 grands lampadaires en lumière indirecte en plus de la lumière centrale +Leonora nous a gentiment prêté des prises européennes pour recjarger nos téléphones car nous avions oublié les nôtres 🙂). Nous nous sommes senti ""comme à la maison"". Ce qui était très appréciable : le train, le bus, le supermarché au pied de l'immeuble ainsi que le pub local! Excellente expérience, très bon rapport qualité-prix. Si nous devions revenir, on reviendrait là. Un grand merci pour votre hospitalité Leonora !",4,
31325161,694083826140386061,2022-08-15,9094594,Elizabeth,"Simone and John represent the epitome of hospitality. They welcomed our little family with such generous arms and took incredible care of us. This was especially true when our littlest got sick and they went out of their way to pick up some food for him and even introduced us to their pharmacist. Our favorite highlights included the delicious daily breakfast and a leisurely afternoon spent in their company learning about our shared interests. While you could certainly stay here and keep to yourself on the top floor, you would be doing yourself a disservice, as Simone and John are such an essential part of the experience.",5,
1089736412736721543,1189838257802306207,2024-06-29,384737249,Jake,"AVOID AT ALL COSTS - sat in the car park for 2 hours trying to contact host, contacted air bnb and had to wait a further hour as they give an opportunity for host to respond. Ended up driving 2 hours home following our show in London as no where else to stay at short notice in the local area. Host blocked my calls after not answering the first few times. Absolute waste of our night off and looking at the reviews for the last month (after we booked) several unlucky people have had the same experience. Very frustrating and host still will not reply to messages even though they are delivered and read. Shouldn’t be allowed to host as very stressful. We were lucky we could drive home… some people have no where else to stay as travelling from abroad.",0,
19446226,558930595,2019-11-03,303133748,Donna,We had an absolutely lovely stay in your beautiful home. Great communication with you right from the start. We felt so welcome and the kids thoroughly enjoyed their time in the house. It was very kind of you to offer us access to pretty much everything in your home which was above and beyond anything I expected. Highly recommend!! *****,5,"Guest had an amazing stay, great communication, and felt welcome."
27321920,666740262,2020-09-21,171827832,Ben,"Great location and the flat is nice and stylish. The bedroom is spacious and the kitchen is on the small side if you plan to cook a lot of meals but perfect if you are coming and going, it was as shown in the pictures. Olya was very accommodating and had great communication.",5,"Guest enjoyed the location and stylish flat, with good communication from Olya."
390356,154191284,2017-05-23,53536087,Martin,"I thoroughly enjoyed my one night at Anne's.  I must admit I was a literary apprehensive about how well I would sleep as it was a really hot day In London, but Anne was helpful enough to suggest I sleep on the bed next to the window. Anne was great at keeping touch with me with regard to my ETA and was at home when she said.  Anne explained everything really well! The home on a relatively quiet street and the bedroom I was in was on ground floor facing the leafy back yard, very picturesque! A lovely room and comfy bed! I will try to book again the next time I'm coming from to London! ",5,"Guest had a lovely stay, comfortable bed, and appreciated Anne's helpfulness."
17002435,251199978,2018-04-07,90513865,Katie,"Great location near many bars and cafes, but still a quiet street. Host was kind and very accommodating, allowing me to check in 3 hours early when she learned my flight was landing earlier in the morning. <br/>Flat is basic with minimal decor/furnishing and those stairs are no joke, but a good value for the location and size.",5,"Guest liked the location, but found the flat basic and stairs challenging."
39483997,691886568737090781,2022-08-12,260389877,Victoria,"The bedroom was great! The area is beautiful and to the underground is only a 2 minute walk! Unfortunately the other guests were quite loud and we woke up pretty early since the walls a pretty thin and you can hear the people walking down the staircase. It was also very hot but to be fair apartments in London aren't built for 32 degrees. The room is equipped with a fan so the heat was bearable. The communication with the owners was also very uncomplicated and they're very polite. The vents in the bathrooms should be cleaned sometime but other than that, it was a pleasant stay.",5,"Guest enjoyed the bedroom and area, but was disturbed by loud guests and heat."
18221628,175285938,2017-07-28,38914349,Jessica,"The apartment is very nice and clean!<br/>The position is very good, 15 min walk to the metro station, in a quite neighbour. We haven't met Tomasz but the communication with him was perfect, he gave us all the instruction to easily find the apartment and make the check in without any problem. ",5,The apartment is very nice and clean with perfect communication from the host.
18405932,701279536173995219,2022-08-25,35499980,Joel,"Ed‘s place is in a great location, near Camden and near London city. The area is quite quiet an opposite of a park. The flat is small, but everything in it you need. Only the bathroom is really tiny. All in all good value for a couple of days in London.",5,Ed's place has a great location but a small flat with a tiny bathroom.
1071497372399952221,1124580285557692212,2024-03-31,117650711,Eduardo,"Such a great apartment, in a perfect location. We loved the business of the neighborhood, and the street noise at night was no big deal. We could barely hear it from the third floor. The stairs were only a challenge when leaving, carrying the luggage down the narrow stairs. But other than that, it was perfect.",5,This apartment is in a perfect location despite some street noise at night.
388315,3560424,2013-02-17,3058826,Tawny,"Staying at Helena's was  great . The area is wonderful, with lots of fabulous shops, cafes and the market, and it is very easy to get around London. Although this is a basement apartment, once you are inside it is lovely, comfortable and quiet. Comfy bed, good heating, hot water ....and many beautiful books to read if you love art and literature. All our communications with Helena were quick and smooth and she was very helpful with check in and check out, even offering to help us after we left with finding my phone which I lost on the last day. She even brought us flowers.  Thanks Helena",5,Helena's basement apartment is lovely and comfortable with excellent communication from the host.
894875210359645904,939023708188900726,2023-07-19,40538332,Shayyan,"BE AWARE! This is a trap not a house. The host is cutting corners and running a very unsafe listing. nocarz will not do anything to help you. The whole place was not cleaned on arrival nor during anytime. The sheets were from previous guest, there was no towels, nothing in the house until we told them and they purchased them. On checkout i watched as the “cleaner” folded our used dirty towels for the next guests (arriving that day) to use without washing them, she did not wash the sheets either. My family and i watched as she did this and nocarz could care less. The house has had some kind of major water damage because windows are boarded up with tape and garbage bags, there are burn marks all over the house, strong smell of smoke and dangerous mold. Half of my family had to move out and book a hotel due to mold allergy. The host lied about sending a cleaner when we brought up the dirty sheets, human body hair in the beds. nocarz will not protect you from this. no exaggeration.",0,The house was dirty and unsafe with major water damage and mold issues.
49353522,1184040483386426095,2024-06-21,158597319,Yeison,"This one room apartment is for me a good place to stay if you are not going to spend so much time at the actual apartment.<br/>You basically have everything you need.<br/>The pressure of the shower is a joke. But as the host have explained, it’s noting she can fix due to some piping issues. Just takes a little bit longer to shower.<br/>Also the bed for two people is kind of small. You will feel ur companions every move on that bed. There is a TV and dining table in the same room if you need dose. <br/>The location is great. It’s walking distance to canary warf. If you like walking, or there is a bus station really close as well they will take you there if you don’t.<br/>Getting inside was smooth as well with the instructions you get from the host.<br/>There is a super market (LiDL) really close if you need to buy anything.<br/>I would recommend this place if you are visiting London for a couple of nights.",5,"A good one-room apartment for short stays with some minor issues, but great location near Canary Wharf."
38009227,1242014588565987107,2024-09-09,63894188,Cheng,"Wonderfully located cozy, clean studio, perfect for solo travelers, so convenient to public transportation everywhere (including central London and all the airports and train stations). Mark gave great local recommendations and keeps the flat well stocked. But keep in mind though that there’s no stove so don’t plan on real cooking. And note that there are stairs to navigate, including a pretty long, narrow spiral staircase. Definitely recommend though!",5,"A cozy and clean studio with a convenient location, perfect for solo travelers, but no stove and stairs to navigate."
1164567125294437280,1231873044945194268,2024-08-26,322760804,Marcel,Alles in allem eine gute Wohnung die Bäder und Küche hätten etwas sauberer sein können. Generell sieht die Wohnung inzwischen etwas abgenutzter aus als auf den Bildern und die Matratzen sind etwas durchgelegen sodass man die Federn schon etwas spürt. Jedoch ist die Lage für den Preis super. Es ist trotz Großstadt sehr ruhig und man ist schnell an zentralen Punkten.,0,"A good apartment in a quiet area with a great price, but some cleanliness issues and worn-out mattresses."
8303815,107756748,2016-10-12,45695496,Joe,"The host, Karim, was awesome. Right away i felt welcome and at home. He showed us around the apartment and its amenities. He graciously left us the essentials to cook and so forth also. The flat is nice with modern updates and is in the area Limehouse, We enjoyed being close to Canary Wharf as well, Transportation was simple as well, the DLR and tube are close. ",5,A nice flat with modern updates and a welcoming host who provided essentials for cooking.
10976789,195129762,2017-09-18,3901804,Ryan,"Clare's place was excellent. We needed a place for my parents while they visited us from Canada. Clare was quick to respond to any questions and very helpful. Check in was simple. The flat is clean, comfortable and has all the amenities you could want. I highly recommend this place to anyone wanting to stay in the area.",5,"An excellent flat that is clean, comfortable, and well-equipped, highly recommended for stays in the area."
979770695279315290,1068093926446160509,2024-01-13,418405216,Natasha,"Diana's apartment was easy to find and right near a bus stop that took us straight to the ExCel (the reason we stayed there). <br/>Even though Diana was at work when we arrived, she was very responsive when we arrived. <br/>We felt welcome at the apartment and was offered tea, coffee, milk etc <br/>Towels were left on the bed for us to use to shower but we got there late and left early so did not make much use of the bathroom. <br/>Would definitely recommend.",5,Diana's apartment was easy to find and welcoming with a responsive host.
17639572,174608906,2017-07-26,116472576,Rhonda,"Andrew bent over backwards to help us have a good stay. He was incredibly considerate and accommodating despite our error with dates. The flat was immaculate, extremely well appointed, spacious and very comfortable. Very convenient for the tube and other amenities (e.g. New M&S < 5 mins walk). Cannot rate the place or the owner highly enough. It actually CAN sleep 5 comfortably. ",5,"Andrew's flat was immaculate, well-appointed, and convenient for amenities."
12925678,454411259,2019-05-18,241438540,Ricardo,"One of the best nocarz stays my wife and I have ever stayed at. Ronda is very very kind and will help you with anything you need, she even helped me find an amazing hair stylist right around the corner. Everything from beginning to end was pleasant and correct. The mattress is amazing too. Totally recommended.",5,"Ronda's place was one of the best nocarz stays, kind host, and comfortable with an amazing mattress."
1037109370151429871,1239049877942574054,2024-09-05,58714393,Daniela,"Geräumiges und modern ausgestattetes Haus. Bei der Anreise erwartete uns eine kleine Aufmerksamkeit. (Danke). Schnelle Kommunikation mit Reann und Ade bereits vor und während des Aufenthalts. Es muss mehr Augenmerk auf die Sauberkeit gelegt werden. <br/>Leider konnten wir bei dem schönen Wetter den Garten nicht nutzen (dies wurde uns allerdings erst mit der Check-In Informationen mitgeteilt, obwohl der Garten lt Bewertungen schon seit längerem nicht nutzbar ist) <br/>In der Umgebung befinden sich mehrere Bushaltestellen und die Bahnstation Homerton, mit denen man in die Innenstadt fahren kann",0,Reann and Ade's house was spacious and modern but cleanliness needs improvement.
40364721,417867232083277860,2021-07-30,411231007,Sau Ming,"John is the very helpful landlord and his response is very quick. We have enjoyed very clean studio and good experience in this trip. Also location is very convenient, we can go central London is very convenient! There have many kinds of shops and restaurants we can buy and enjoy the meal.",5,John's studio was very clean and convenient for central London with many shops and restaurants nearby.
12596630,839754028968431219,2023-03-04,502105801,Jess,"Wow. Where to start. We’ve just left having spent 2 nights there and have already said we will definitely be returning. The price was amazing and well worth it. It was easy to get too, literally a 5 minute walk from the tube station and was in a beautiful neighbourhood. The room itself was perfect!! So spacious, massive tv which we made use of, and the bed was so amazing! So so comfortable, better than mine at home. We came and went as we pleased but ended up spending more time in the room than expected as it was just nice to relax in. Thank you so so much we will definitely be returning. Very happy :)",5,"Guest had an amazing experience at the accommodation, praising its price, location, room, and host."
15510717,360677336,2018-12-21,27488834,Naomi,"Super host! Amelia was an amazing host and her place really exceeded my expectations. Great location, clean, great room and bathroom and access to the kitchen. Amelia is a lovely host, really welcoming and friendly. I was a bit ill with a nasty cough when I arrived and she really looked after me, she brought me soup and cough medicine and I felt so looked after. And it was lovely chatting with her and her daughter. I really enjoyed meeting them both. If I’m ever in the area again I will definitely stay again. Highly recommend!",5,"Guest was extremely satisfied with their stay, praising the host's hospitality, cleanliness, and amenities."
565770,18294300,2014-08-25,9519191,Anna,"Mandeep was away the weekend we stayed so unfortunately we didn't meet, but his log cabin was lovely. We were sent clear instructions on how to gain entry to the cabin, his communication was excellent.<br/>The cabin was clean, well equipped and felt bigger than I had expected from the photos. Our party was 2 adults and 2 children and we had plenty of room. <br/>The M&S food at the end of the road is very handy and such a short walk. <br/>I found the wifi a bit hit and miss (but that might have just been me).",5,"Guest had a pleasant experience at the log cabin, appreciating its cleanliness, equipment, and location."
25801362,564621562,2019-11-16,302272503,Yiannis,First of all the hole house and the room is great esthetically and practically in my opinion! And transportation is easy don't worry about that...even at night time. The naiborhood is really friendly for london standars ! Colin is a great host he was very considerate and always happy to answer questions and even make conversation 😁 the two cats were also very friendly. I would definitely stay there again if need be with out even considering looking for another nocarz...,5,"Guest was very pleased with their stay, praising the accommodation's aesthetic, practicality, and host's hospitality."
7547993,86766885,2016-07-17,30644506,Quentin,"The pros: Joe is a very welcoming host, a true londoner who's willing to share a ton of useful tips about the greatest places. We had the opportunity to discuss a lot of subjects with him as he definitely seems to be an open-minded person.<br/>The flat is also very conveniently located, about 150m from the Stockwell station from which the centre of London can be reached in less than 10 minutes.<br/><br/>The cons: the flat is not clean, with the worst part being the toilets and the bathroom. We also had to ask twice for Joe to provide the towels on our day of arrival; he did bring one, after 10pm. No toiletries of any kind were provided.<br/>I understand that this is a cheap accomodation according to the London standards, but in our opinion the minimum requirements in terms of cleanliness and service were not met.<br/><br/>Unfortunately the cons negatively influenced our nocarz experience this time. In our opinion, this place is not suitable for a young couple seeking a simple but clean place to stay for a few days in London, and that is why we can only give two stars for Joe's accomodation. ",5,"Guest had a mixed experience, praising the host's welcome and tips but criticizing the cleanliness and service of the accommodation."
1123164495791640594,1160095580199412252,2024-05-19,137491402,Rachel,"Lovely stay thank you! Perfect location and flat for what we needed. Well suited for the children with plastic plates/cups which was a bonus! Noisy street at night but expected so, very comfortable flat with great amenities and walkable to ULCH which was just what we needed. Very friendly proactive host. Thanks so much",5,"Lovely stay with perfect location and amenities, despite some noise from the street."
870127209134845356,1308007772277989958,2024-12-09,46956987,Almarinda,L’appartamento è perfetto ! Esattamente quello che è descritto . Posizione eccezionale . Ci si muove a piedi e/o con i mezzi con la massima semplicità . Abbiamo trovato l’appartamento Pulitissimo .<br/>Il letto è molto comodo . Perfetto per due persone . <br/>Anna o Jennifer rispondono immediatamente ad ogni richiesta. <br/>Se dovessimo tornare a Londra sicuramente torneremo !<br/>Consigliatissimo!!!!,2,"Perfect apartment in excellent location, very clean and comfortable, with friendly and responsive host."
5132596,435116678,2019-04-09,246355042,Matteo,"Apartment not very big, but for two people who stay around a lot, it is more than good given the price.<br/>Located in a very quiet area and with many means to get around and with many nearby shops that can provide everything you need during your vacation.<br/>Jane was very kind and super hospitable.<br/>Highly recommended",5,"Good value for price, quiet area, and kind host, but not suitable for large groups."
1311837,1133259033368655212,2024-04-12,37191252,Caitlin,"The location of Fernando’s place was excellent and very well connected if you’re visiting London. Fernando was a very responsive and accommodating host.<br/>The block of flats is a housing estate and was fairly unsafe. Lots of people coming and going, smell of marijuana throughout the block. The pictures in the listing aren’t completely an accurate reflection of the flat, some of the pictures are of furniture that is no longer there and has a different layout.<br/>The water pressure in the shower is really poor and there is a noticeable mould odor in the bathroom.",1,"Excellent location, but flat had issues with safety, cleanliness, and accuracy of listing photos."
1125872226581063722,1256480179735990960,2024-09-29,361355506,Sofiane,"Sj était très accueillante souriante et adorable ,elle m'a mis du café et du thé ainsi que du lait à disposition dans la chambre  ,elle était toujours réactif au message ,elle  m'a mis à disposition tous les équipements nécessaires ainsi que toutes les instructions nécessaires à l'accès et au séjours dans son logement.<br/>Je la recommande fortement elle était une hôte parfaite .",4,"Host was very welcoming, responsive, and provided all necessary equipment and instructions."
731589510524668782,749094047947695031,2022-10-30,166742050,Yijia,"Isla is very nice and kind. My English is not good and she would listen to me very patiently.<br/>This is a great place to stay in Battersea. The transport is very convenient. The rooms are very cosy. My friend and I had a very pleasant two nights. There are comfortable beds, well equipped, a spacious kitchen and a cosy living room. Also the terrace is a great space. We enjoyed our stay here. Thank you very much!",5,"Isla is very nice and kind, the apartment has a great location and amenities."
37911135,878171283900214699,2023-04-26,263947814,Hélène,"Merci, cet appartement est fidèle à la description. <br/>Une station d’overground est à 10 minutes à pied, et il y a beaucoup de magasins autour qui facilitent le quotidien. L’appartement est bien équipé et suffisamment grand pour un couple et un enfant. <br/>Un petit bémol cependant : mon conjoint est allergique à la poussière et a fait une grosse crise pendant notre séjour. L’appartement est plutôt propre, mais la moquette doit retenir de la poussière.",4,"The apartment is well-equipped and spacious, but be aware of potential dust allergy issues."
854116,1281189825522349635,2024-11-02,545022063,Jens,"Sehr gute Lage, da Hammersmith von 4 U-Bahnlinien angefahren wird und die Unterkunft 5 Min von den 2 Stationen entfernt liegt. Sehr gutes Preis-Leistungsverhäktnis.  Die Unterkunft war sauber, mit Kühlschrank und Kochgelegenheit und Mikrowelle,  allerdings schon der eine oder andere kleine Makel, hat aber nicht weiter gestört, da man sowieso nur zum Schlafen hier weilt.",0,"Good location, good price, clean apartment with basic amenities."
810659240941570066,830370095382828759,2023-02-19,16410116,Tamir,"We had a wonderful stay at this great apartment. The communication and check in instructions were very clear, the key is collected from a security box at a local off licence, an 8 minute walk away, luckily we were driving so this was very easy for us to collect before heading to the property.<br/>The ‘permit parking’ on the street ends around 6pm on Fridays, so we parked for free on the main road outside for the weekend - this is a great bonus especially for London.<br/>The apartment was very spacious and clean. 2 good sized bedrooms, newly decorated bathroom and large kitchen/living area. The hosts left a bowl of welcome snacks and tea which was a lovely touch, there was no milk but we picked some up from the shop when collecting the key.<br/>The kitchen is fully equipped and has everything you need including a coffee machine.<br/>This didn’t feel like a typical serviced apart and felt more like a home. We will definitely stay again",5,"Wonderful stay at this great apartment, very spacious and clean with excellent communication from the hosts."
19383824,170941940,2017-07-16,71903861,Klaudia,"We loved our weekend stay at Christine's house - it is clean and beautifully furnished. Christine herself is an amazing host, who helped us with directions to the places we wanted to visit and even cooked for us. She was really lovely, friendly and helpful. I would highly recommend Christine's place to anyone. Thank you Christine. ",5,"Christine's house is clean, beautifully furnished, and Christine herself is an amazing host."
34304151,522593094,2019-09-02,10735722,Wei Ching,"James’s place is a really good space for one person or a couple staying in London who wants to stay in central London with easy access to lots of places. Great location, stylish apartment, nice touch with the patio  and very clean above all. Would highly recommend and come back again another time.",5,"Great location, stylish apartment, and very clean with excellent service."
12394542,807831826337493597,2023-01-19,38220285,Ching,"**first time to London and it was a disaster, I dun have British fake kindness so here are some points to note. good luck everyone :))<br/>-heating is timed (8-10am & 7-11pm)<br/>-wifi you will be using is different from which showing on bnb <br/>-host bang on my door complained I used the air dryer for too long <br/>(as an asian with long thick hair, i bet host couldn’t imagine how long it would take to dry my hair)<br/>**hidden house rules (will be reminded upon your arrival)<br/>-place water faucet handle right in the middle after used (not too left, not too right, perfect)<br/>-leave your room door slightly open when you are out (host entered my room to turn wifi off THX) <br/>-10 mins shower is encouraged<br/>**good points<br/>-gorgeous plants<br/>-host is responsive<br/>-room is well equipped and facilities are in good condition<br/>lastly, as a bnb host, I had bad experience during hosting too but that wont change my way of being considerate and sincere to any stranger aka guest(true advice from a girl under 30, hope u enjoy)",5,Mixed experience with some issues but also some positives such as responsive host and well-equipped room.
713475,4544571,2013-05-12,4684916,Hans-Peter,"It was a very nice experience from the first contact. His responses to all our contacts were always very fast and friendly. The Flat was exactly as discribed: fully equipped with all household facilities, even electric adaptors and very clean and comfortable, in a quiet area. We would recommend this flat to anyone. By our next stay in London, we will try to book this flat again. <br/>Thanks to Stefano & Maria",5,"Fast and friendly communication from the host, a fully equipped and clean flat in a quiet area."
2184786,41044933,2015-08-03,32344822,Donna,"Maria Teresa is a wonderful and fun person! She let me move in early, and made arrangements for her housekeeper to let me in on my schedule.  Travel weary, I was able to have a glorious bath in the large marble bathroom. This is such a nice feature for travelers. The flat was the most elegant I've stayed in during my 2 weeks in London. The building and neighborhood were both up-market.  She and I hung out and I felt like I'd made a new friend in London. I defiantly hope to go back some day. ",5,A wonderful and fun host who made the stay feel like home with a beautiful marble bathroom and elegant flat.
20565709,998388302739341557,2023-10-09,69798183,Julie,We couldn’t have had a better stay. The location was perfect. Check in was easy. Alexandre was super responsive with any questions prior to arriving and then upon arrival he was always prompt with answering any questions we had. The flat was a large size and very clean. We loved the unit and the location. It’s right next to two tube stations and backs to a park. It’s easy to walk everywhere and is enough off the beaten path that it feels like you’re in a quiet neighborhood. Definitely recommend and would stay here again.,5,"Perfect location, easy check-in, and prompt communication from the host for a great overall experience."
6131981,981062486758045182,2023-09-15,155641591,Rushani,"We really enjoyed our stay at James’s place. The location was unbeatable and the property itself was beautiful. The host was incredibly responsive which was helpful since we visited during a time when there was a heatwave and needed to ensure there were fans (which there were). <br/>Pro’s: location, beautiful property, responsive and kind host. Well worth the price tag!<br/>Con’s: we have kids with allergies to dust and cats/dogs. They normally do best in places without carpets.",5,"Guests enjoyed their stay, praising location, property, and host, but noted issues with allergies."
1120839592724165531,1197715611898093158,2024-07-10,98519224,Lindsay,We were a family of 6. The space was adequate for us. The half bath was convenient to have with multiple people. We really appreciated the tower fans in the bedrooms and the windows opening as there is no A/C. The unit is on the top floor so that was nice to have no one above and the unit and building was very quiet. The first impression of the building was not great (odor and location) but the unit was nice. The washer/dryer was also very nice to have!  The location was not ideal - long walk to any tube station and bringing luggage to and from. The bus stop was very close so we used that multiple times. Overall this was a decent spot to come back to but if we were looking again I would try and find something closer to a tube station or the tourist attractions in zone 1.,5,"Family of six found the space adequate, but criticized location and lack of air conditioning."
16912190,1000557120448689176,2023-10-12,55358443,Kate,"Great location, right in the middle of Shoreditch. Easily walkable, with great restaurants and bars close by. The apartment was clean and spacious. It was def hot and I would be wary staying there when it’s hot outside. We also found there were so many rules and extra charges for things we didn’t feel that comfortable relaxing in the home and didn’t spend much time there. The TV was also not working. There also wasn’t enough time between the change over from us and the last guest so there was a ton of wet laundry in our closet we ended up having to deal with.",5,"Guest was pleased with location, but unhappy with rules, extra charges, and TV not working."
11518502,572977772447207972,2022-03-01,138362729,Lelia,"Another great stay. Nadia has a lovely house in a great location. We loved the cafes on Roman Rd, and  walking the canals. Santander bikes are close by, we cycled back from Greenwich via the tunnel. There is a lovely cycle route largely along the canal. Ombra in Bethnal Green is great for Italian food. Highly recommend staying at Nadia’s.",5,"Guests had a great stay, praising Nadia's house in a great location with nearby amenities."
1002852460684566069,1174604044793641986,2024-06-08,13834797,Esther,Joanna is such a brilliant host who was quick to respond and helpful in every way which made our stay so relaxing and enjoyable.<br/>Her place is spotless with nice taste of interior design. It is also spacious for four of us and so close to the tube stn. <br/>Would definitely come back again for this lovely place.,5,"Guests praised Joanna as a brilliant host and her spotless, spacious place close to the tube station."
836366816329940315,950578293425619265,2023-08-04,271596345,Lukaz,"Superbe séjour que nous avons passé au sein du logement proposé par Isabel ! Nous avons été chaleureusement accueilli par Lou, une amie d'Isabel qui a été très flexible sur notre horaire d'arrivée et qui nous a présenté le logement, en restant disponible au long du voyage.<br/>L'emplacement est idéal pour accéder au centre de Londres (bus, métro) à une vingtaine de minutes à pied de la gare de King's Cross, et proche de plusieurs restaurants et commerces, ce qui est un avantage non négligeable. Nous avons eu la chance de ne pas avoir trop de bruit dans le quartier, malgré la disponibilité de bouchons d'oreille dans le logement (probablement dû au fait d'avoir séjourné en semaine). Nous avons eu cependant des difficultés à dormir à cause d'un matelas un peu dur. De plus, l'escalier permettant d'accéder au logement est un peu étroit, ce qui sera compliqué avec beaucoup d'affaires ou pour des personnes à mobilité réduite.<br/>Merci pour le séjour au sein de cet appartement cosy et chaleureux.",4,"The host was welcoming, but the mattress was too hard to sleep on."
992678624532689660,1165945272580718188,2024-05-27,254123911,Tanja,"Wir wollten 4 Tage bleiben, jedoch haben wir kurz nach em Einchecken storniert und haben ein Hotel gebucht. Ich möchte nicht zu negativ bewerten, da die Beschreibung und die Fotos schon der Realität entsprechen. Jedoch haben wir uns einfach nicht wohl gefühlt. Es war sehr hellhörig, man alles in der Umgebung und jedes Wort der Mitbewohner im Haus gehört. Die Bettwäsche war definitiv nicht gewechselt, da sie gerochen hat und Haare drauf waren und die Handtücher waren fleckig. Und das relativ weit außerhalb. Wir haben für uns beschlossen in London definitiv künftig auf ein Hotel zu setzen, da wir bei dem nocarz inkl. aller Gebühren fast auf die gleiche Summe kamen wie bei dem spontan gebuchten Hotel MIT Frühstück sogar und deutlich zentraler.",0,The guest felt uncomfortable due to noise and cleanliness issues.
79571,1332034,2012-05-22,2363666,Michael,"Everything was just perfectly prepared for our arrival, drinks, towels, soap, snacks etc., the communication was excellent and very detailled via email as well as per phone and text messages, the appartment is nice and clean, close to tube stations directly to the tourist hotspots, with a nice balcony, and we even met Nicholas for a drink in the pub nearby and finally even got some of his rare homebrewn beer - yeah, there would be more to tell, so, it was absolutely great, nicholas very friendly, the sort of host you dream of, so you do not have to worry about anything!!! definetely a place to recommend!!! PS: don't miss the ethno food market on saturdays at saatchi gallery just around the corner... ",5,"Everything was perfectly prepared for their arrival, and the host was very friendly."
976536533956794154,1107207612992186107,2024-03-07,86226803,Jessie,"The place was wonderful, in a great location, and with all the amenities you’d need. <br/>The host is even better. Sabin is incredibly accommodating. I had some odd needs for this particular trip and he was perfectly responsive, accommodating, organized, and proactively communicated everything I needed to know for my requests. <br/>Highly recommend!",5,"The place was wonderful, with a great location and accommodating host."
26677816,295414503,2018-07-23,197508774,Jessica,"I am so glad I found Ariel's room in Hendon, just a few steps away from Hendon Central and another few steps from the institute where I took my course. In the mornings I could enjoy some runs in the park nearby too. Ariel was such a thoughtful and considerate host even before the stay via messages to inform me and make we feel welcome. He also prepared a little booklet with useful information which I found in my room. In the flat he labeled the storages in the hall and kitchen so that the guests could easily find what they need. Thank you Ariel, I will be back when continuing my course next term.",5,Ariel was a thoughtful and considerate host who made them feel welcome.
3301963,810026989744723101,2023-01-22,15252309,Lucy,"Lee was a friendly host. I did however find the amount of noise in the flat past 10pm excessive with cupboards banging, phone calls on speaker phone and what sounded like a hair dryer going on past 11pm. I don't think this was Lee, but someone else in the flat. It wasn't ideal for me as I needed to sleep because of working early the next morning. I also thought the bathroom was quite dirty :( However, Lee was kind enough to let me out of the building and into the carpark at 8am on a Sunday morning when I'm sure she'd rather have been sleeping herself.",1,Host Lee was friendly but the flat had excessive noise after 10pm and a dirty bathroom.
38977380,903488835108235646,2023-05-31,66595164,Jocelyn,"We loved our stay at this apartment. It was the perfect home base for the 8 days my husband, 2 small children and I stayed in the city. Juan was a wonderful host who welcomed us when we arrived and took the time to go through everything about the apartment, showing us how it all worked! He was super responsive and helpful when we had any questions. The apartment is in the perfect location, so close to St Paul's and only a few minutes walk to Blackfriars and the City Thameslink train station. The neighbourhood was surprisingly quiet in the evening but had lots to offer during the day! I definitely recommend staying here.",5,"We loved our stay at this apartment, perfect location and wonderful host Juan."
15490112,1170904697568107651,2024-06-03,63421814,Rita,This is our third stay in this beautiful apartment. It’s been a home away from home for the past six months. So nice to come back to in between our travels. Fiona and Tristan are the perfect hosts in every way. Can 💯 recommend. Hope to come back again one day.<br/>Thankyou for everything <br/>Best wishes Rita and Don,5,"This is our third stay in this beautiful apartment, Fiona and Tristan are the perfect hosts."
31135188,1019455231385621646,2023-11-07,12871722,Lauren,"This is a lovely flat. I stayed here with my partner and a friend. I love having the luxury of two bathrooms! The bed was very comfortable and it was nice to be able to control the thermostat. The flat is quite well equipped, with a coffee machine and a washer. <br/>The couches were comfortable and the living room was a lovely place to hang out in. <br/>I would recommend this flat! Hopefully I can come back and stay again.",5,"Lovely flat with two bathrooms, comfortable bed, and well-equipped kitchen."
11292142,362395660,2018-12-26,71068349,Stephen,"Roly's place is well located , very close to Brick Lane with great curries, lots of fashion thrift shops and street food. Close to tube (10 min walk) and buses. Roly is great communicator and checks in regularly to see if you need everything. Had a jar of Vegemite waiting for us which was a nice touch",5,"Roly's place is well located, great for Brick Lane and a good communicator."
797036,56585883,2015-12-15,16436030,Daina,"Hemos tenido una estancia en general muy agradable, en cuanto a la localización y a la predisposición por parte del anfitrión. Es fácil llegar a cualquier punto de Londres gracias a las paradas cercanas de autobús ( no m ás de 5 min andando).<br/>La casa cuenta con todo lo necesario para la estancia de 2 personas, además de estar muy bien climatizada.<br/>Si tuviera que destacar algún pequeño inconveniente sería que en el dormitorio principal se encuentra el calentador de agua y este provoca un ruido molesto durante la noche.<br/>A pesar de esto no dudaría en recomendar  o volver a este apartamento.",1,"A pleasant stay with minor issues, but would recommend due to good location and host."
1335779,32846196,2015-05-22,11566696,Matthew,"A quiet, friendly, tidy and super convenient place to stay. Chloe and Chanse made us feel very welcome and the room was just as advertised. They were flexible and helpful hosts with good recommendations for local places to eat and do. I hope to bump into them and their lovely dog Darcy in Bethnal Green soon!",5,"Quiet, friendly, and convenient place to stay with welcoming hosts."
934433922599836299,1043447291390802475,2023-12-10,6023887,Paula-Marie,"The good stuff first — Julia was very kind and flexible as a host. My flight was delayed by more than five hours, and she was patient and responsive through the many updates. The location is also very convenient — close to paddington so getting there from the airport (and back) was easy, plus access to the underground to go all over town. The immediate surroundings aren’t very picturesque but the convenience to Paddington station was worth it.<br/>As for the not good — we found clumps of hair on the floor in several places (def not ours) and the space was very dusty in places. The pillows were very uncomfortable (felt like lumps of old socks stuffed in a bag) and we ended up going to buy travel pillows so we could sleep comfortably.  It is loud at times — a train (or the underground) goes by every fifteen or so minutes and you not only hear but the whole places shakes. The shade in the bathroom was broken and rusty, the shower head broken so that it wouldn’t stay up. We won’t be back.",3,"Convenient location, but space was dusty and had cleanliness issues."
1240874981951522282,1269466152747923116,2024-10-17,22581904,Trina,"This is a great studio right on the main road by Kings Cross. There’s loads of bars, cafes & restaurants nearby. There’s lots of space, a great shower & very comfy bed. It is right in the thick of it though so if you want peace this isn’t your place! The host had provided excellent ear plugs which meant I slept brilliantly & wasn’t disturbed by the road. Would definitely recommend - it’s well equipped, clean & the host is very friendly & responsive",5,"Great studio in central Kings Cross area, but can be noisy."
4408750,124579119,2017-01-02,103358113,Donatella,"My boyfriend and I spent a beautiful journey at Harriet's. <br/>The house is very central, near to the underground station and bus stops from which it's easy to reach every tourist attraction. There are many pubs in the nearby and the place is very quiet and safe. <br/>Harriet is a very kind and beautiful person, she helped us whenever we needed, and the house is very cozy. <br/>Absolutely recommended! ",5,"Central, quiet, and safe house with a kind host."
702216159767104578,1097056367787059653,2024-02-22,25396443,Sue,"Half of Number outside apartment missing . Was given code to wrong flat , had to ring but prompt response. Love homely v well  equipped appt . Spotless . Comfy huge bed , lovely linens towels and shower products . Nice kitchen , cold water in fridge very welcome .  A bit noisy late night from restaurants and early morning from scaffolding going up but to be expected from such an amazing central location .",5,"Loved the homely apartment with comfy bed and spotless facilities, but had issues with missing items and noise from nearby restaurants."
904907165640184086,1124514725636531169,2024-03-31,483513981,Jason,"We had a great stay in London and this was a great layout for our family of 4 (two teenage kids).<br/>The location has easy access to many public transportation stops (bus and tube) and there are great, walkable restaurants around from traditional British spots to a wide array of international cuisines (Lebanese, Indian, Middle Eastern).<br/>The apartment was very convenient and clean and a perfect spot to rest and unwind after some big days of touring around the city. Also enjoyed the proximity to Hyde Park which allowed for a great running destination in the morning before our sightseeing days would begin.<br/>Would definitely recommend.",5,Had a great stay in this convenient and clean apartment with easy access to public transportation and amenities.
957097427122155954,1201365669553236993,2024-07-15,3262855,Anton,"Spacious and beautifully decorated one bedroom appartement in a great location. Steps away from Portobello Road and Notting Hill restaurants. Has great amenities including a washing machine (and an inbuilt dryer), dishwasher, and an awesome shower (and a bath as well). Big kitchen and a very comfy bed. Tim left us water and milk, which was very helpful. Check-in was easy and flexible.",5,Enjoyed the spacious and beautifully decorated one-bedroom apartment with great location and helpful host.
632672,747609714327060485,2022-10-28,44927610,Jørn,"Essential:<br/>Personal service: Good. Donovan was nice, flexible and helpful.<br/>Information: To be improved. No pro active information about toilet on same floor being closed, or that wifi information was outdated. No pro active advise on how to use bed lights (and you would want advise).<br/>Beds: Good. Clean sheet, towels were fine. Quite hard madrasses, which I liked.<br/>Bathroom: Average. Looks nice and clean, but water pressure was poor.<br/>Nice to have:<br/>Location: Average. Walking distanse to the Old Street Underground and Tesco 24h express. Excellent if closer to Old Street Station.<br/>Design and style: Average. The images in ad do not tell the full story. However, seems to be cleaned. Bed room size was ok.",5,"Found the apartment to be average, with some issues with water pressure and outdated information, but good beds and location."
855465,15819338,2014-07-16,4665479,Jonne,"Sophie's apartment was just as described! We found it it very cosy and neat, just perfect for our stay in London. The location couldn't have been better with nice restaurants and shops around and the tube station just around the corner. Sophie was a very good host and made us feel welcome to her house and we got some good tips about the neighborhood.",5,Loved Sophie's cozy and neat apartment in a perfect location with great restaurants and shops nearby.
6620546,966488867748044441,2023-08-26,11131415,Amy,"Great location. Spacious apartment for our family of 5.<br/>Very close to the tube station.<br/>The apartment had everything we needed for a few days stay in London. Beds were very comfortable.<br/>We really appreciated the balcony for an early morning cup of tea or watching the rain in the evening.<br/>The furnishings/cushions were a little worn, some threadbare. However we had everything we needed and enjoyed our stay very much.",5,"Great location, spacious apartment with comfortable beds, but some worn furnishings."
2354954,882467903998621962,2023-05-02,418527618,Michelle,Ali was extremely helpful and after a long flight we appreciated him greeting us on arrival outside of his normal hours. The location was more than we had hoped for - very central to so many great London sights but on a pretty and quiet street. We would not hesitate to recommend or to stay here again.,5,Excellent host and central location made for a wonderful stay in London.
8477795,525782206,2019-09-08,102747913,James,"We spent three nights in London and found Harold's place to be just what we needed. Harold and Tommy are the perfect host. Their guest house is beautiful, quite, clean, and has all the amenities we needed for our stay. We would recommend their place and plan on staying again next time we are in London.",5,"Beautiful, quiet, and clean guest house with perfect hosts."
32321548,706393046,2020-11-03,31812643,Vincent,"Relatively easy journey from Euston to Billie and Max' nocarz, the house was lovely although the electronic keys proved to be stressful manoeuvring your way around the app when life is much simpler with a key.<br/>The room itself was very small but fresh and clean but the bed was absolutely terrible, lumpy and lopsided, not at all a good nights sleep unfortunately. <br/>Alas there was some confusion with the booking and I had to vacate the second night. The biggest surprise was thinking I had booked a £47 per night room that transpired once surcharges had been added (cleaning £26:00 and service fee £12:37 ) the price bumped up to £85:37, I hadn't noticed these charges visibly anywhere so at this point, not at all worth the money. <br/>All that said the hosts were very communicative.",4,"Disappointing experience due to small room, terrible bed, and unexpected price surcharges."
15886050,185739222,2017-08-22,42255826,Maria,"I booked Alberto's place in the evening the day before and although that was admittedly late, everything ran smoothly. The apartment is nearby a vibrant district, there is a supermarket a 10 minute walk away and there are no problems with getting to the city center. I would absolutely recommend it!",5,Smooth booking process and great location made for a wonderful stay in Alberto's apartment.
17958985,147333287,2017-04-26,15604850,Walter Baroni,"Sal is an extremely kind person, always ready to help. The location is incredibly close to tourist attractions, but also to the wonderful Brick Lane - that it has been a great and unexpected discovery. The apartment, as others pointed out, is noisy, but it depends on what you are looking for. A calm place miles away from the city centre or one that is less peaceful, but from which you can reach the city ten minutes by foot. So it's just a matter of choice and interests. ",5,The apartment is noisy but has a great location near tourist attractions and Brick Lane.
547039567523456512,634598181925926228,2022-05-25,398519401,Lin,"Clean, neat , tidy accommodation with ample space. Bus stop 3 house away, great Turkish restaurant nearby name Ottoman ( big portion & great value for money). <br/>Check in and check out is very easy. Jay is very communicative and sent me details in advance for our travel. Would like to stay here in future as well.",5,Clean and spacious accommodation with easy check-in and good communication from Jay.
45512471,475100259536235461,2021-10-17,26450810,Anna,"The location of this flat is excellent, its a beautiful part of London and the transport links and local amenitiesare both great and convenient. Check in was really easy, using an electronic pin pad, couldn't have been easier. Note that nocarz says check in is from 11am, after booking the host said it was from 3pm. I then paid extra to check in early because I had booked for a wedding.",5,"Excellent location with convenient transport links and local amenities, easy check-in process."
20489399,258121650,2018-04-28,50278079,Linda,Die Wohnung liegt sehr ruhig und man ist per Fuß schnell bei Tube/Bus/Overground. <br/>Wer gerne läuft kommt hier auch auf seine Kosten. Bis zur Tower Bridge ist es nicht weit und auch ein gemütlicher Spaziergang nach Greenwich ist drin.<br/>Das Zimmer reicht vollkommen aus für einen Städtetrip!!<br/>Ewelina ist super nett und auch einen früherer Check-In war möglich!<br/>Des Weitern sind Einkaufsmöglichkeiten für den Alltag schnell zu erreichen.<br/>Ich kann das Zimmer nur empfehlen und würde gerne wieder kommen.,1,Quiet apartment in a great area with easy access to public transport and amenities.
31402976,705714793,2020-11-01,17488404,Alan,"This is a lovely airy self-contained attic room in a very pretty area of London. It has a small, pretty private roof top terrace area. <br/>Communication with Peter was very easy and he is a lovely host. The key safe access and on street parking was very handy. <br/>Public transport into the city is straightforward, close and regular. <br/>Highly recommended.",5,Lovely attic room with private roof top terrace and easy communication from Peter.
7274152,589635865,2020-01-06,152471702,Rob,"An apartment that, as a family,  really blew us away. Incredibly clean and spacious filled with some superb art and clever touches. The location was awesome and the chance to chill out on the balcony after a full day in the City was amazing. I would highly recommend the apartment and would like to thank John for his great communication and hospitality. Don’t miss this one!",5,A clean and spacious apartment with excellent location and communication from the host.
886994516377640009,1164396230261495583,2024-05-25,180104673,Dr. Med. Uwe,"Wir haben schon vor der Anreise hilfreiche Tips bekommen und unsere Gastgeberin Hilal hat alles getan, um uns den Aufenthalt so angenehm wie möglich zu gestalten - besser geht es nicht! Die Unterkunft ist 10 Minuten von der U-Bahn-Haltestelle Oval entfernt und hat damit Zugang zur Northern Line. Dadurch können viele Ziele einfach erreicht werden. Es handelt sich um eine komplett ausgestattete Wohnung zum Wohlfühlen. Die Nachbarn hört man leider gut, weil die Wände den Schall nicht gut isolieren. Ohrenstöpsel helfen aber. Kleinere Einkaufsmöglichkeiten sind ca. 200m von der Wohnungstür entfernt. Insgesamt eine sehr angenehme Erfahrung, wir kommen sehr sehr gerne wieder!!! (;",0,"A well-equipped apartment with good access to public transport, but some noise issues due to thin walls."
14701569,295754655,2018-07-24,198376736,Eugenia,"la casa estaba bien ubicada pero la habitación era muy pequeña y calurosa y no te dejan usar ninguna zona común excepto el baño asique si quieres descansar es prácticamente imposible,entre el calor de la habitación,el ruido de los vecinos entrando y saliendo y la cantidad de escaleras que hay que pasar,no merece la pena para el precio.",2,"The room was too small and hot, and there were no common areas available for guests."
818591541083860539,1274632020474233331,2024-10-24,69963247,Alan,"Needs a full make over very worn out & tired , smells from other apts as you walk indoor ,all smoke / methane detectors out of date or broke , shower broke had to kneel in bath , carpets /settee heavily stained ,poorly decorated , handrail in hall way ready to fall off",0,The apartment needs a full renovation as it is worn out and poorly maintained.
26016962,555975949,2019-10-28,28161735,Audrey,"This is a wonderful place and super host(s).  We are an older couple and have had some less than great experiences with nocarzs but this one totally restored our faith!!  Clean, bright, GREAT bathroom and excellent value.  I was concerned re distance from central London but we could reach all the major sites within 30-40 minutes via bus, overground, underground.  Host right ""on site"" so any issues/questions can be immediately addressed.  Host soooo hospitable--just a really great experience!!",5,A clean and well-equipped apartment with excellent value and a very hospitable host.
968752762175738149,1130352433624794831,2024-04-08,15214651,Jaimie,"Kinga & Marc couldn’t have been more accommodating. Due to a small issue outside of their control, our booked apartment was unavailable for 48 hours but they were able to set us up with another apartment next door which was still great for the beginning of our stay.  They kept us updated on progress of the issue and Marc was on hand to help move us into our original apartment. <br/>The apartment was very comfortable and had the added bonus of 2 bathrooms. My teenager loved having his own space to chill out when he got fed up with us!<br/>The area was great, the DLR is 2 minutes walk from the doorstep and gets you to Canary Wharf in less than 5 minutes and Bank station in under 15 minutes. There is also a good choice of shops, takeaways and cafes & restaurants close by.",5,The hosts were accommodating and provided a great apartment with excellent location near the DLR.
25318881,931711732700278751,2023-07-09,462981919,Victoria,We thoroughly enjoyed our stay here. Dave was very helpful and informative and allowed for a seamless experience from the initial booking through to check out. Lovely light room with big windows on one of the more quieter streets in Camden. I felt very safe here with my teenage daughter and we had everything we needed for a comfortable stay.<br/>Wouldn't hesitate to return- thank you!,5,"The host was helpful and informative, providing a lovely light room in a quiet Camden street."
837412416295318012,862239516376760632,2023-04-04,503645414,Zahra,"It is small place maybe it is good for a young and male , because  there are many step that everyday should pass to go bathroom or kitchen , there is no mirror in the room that for minor thing we should go to the bathroom .I advised if you book this room bring one portable .location is not bad but still to reach underground station need walk about 10 minute .generally I will give 3 star",3,"The small room had some drawbacks, including many stairs to bathroom/kitchen and no mirror in the room."
1543097,670155067149080511,2022-07-13,6685063,Julianne,"We really enjoyed our stay here! Convenient but quiet location, comfy bed, and all the essentials for our quick stay. The washing machine was out when we were there but George was more than happy to coordinate with us to use his in the neighboring unit - a lifesaver as we’d gone a week without and had no clothes left. George also had a couple of great recommendations and had fantastic, very quick communication.  Would definitely stay here again, albeit, not in the middle of a heat wave as we are used to AC (but knew going into this stay it wasn’t offered).",5,"The convenient location and comfy bed made for a great stay, despite no air conditioning."
12358732,504121344639879856,2021-11-26,421870057,Michael,"Beautiful place to stay! Lovely and warm when we got in later in the day from the cold. Cosy and clean! <br/>Not too far away from Queens Park which gives access to the underground and overground to travel around London. <br/>Local shops and cafes nearby if you want to go out for lunch, get food for a home dinner",5,"The cozy and clean apartment was lovely, with easy access to Queens Park and local shops."
53622434,1261571947638389247,2024-10-06,558818805,Jonathan,"Totally surpassed expectations, it looked beautiful on the photos but it’s such a unique space for a weekend in the city. <br/>- Location is perfect.<br/>- Host support was 1st class.<br/>- Will 100% stay again and be recommending to friends and family. <br/>Only critique would be a complex and dated media set up but that’s only an inconvenience if you’re a long stay guest or not so tech literate.",4,"Guest had a great stay, praising the location and host support, with only minor complaints about outdated media setup."
37452718,1292773034930623280,2024-11-18,161045918,Andrew,"Jennifer’s place was a home away from home. The space was incredibly homey and functional, the location couldn’t have been better and Jennifer was helpful, kind and so generous with her time. We would come back and stay in a heart beat! Highly recommend Jennifer’s place for a short or a long stay!",5,"Guest felt at home in Jennifer's place, praising its hominess, functionality, and excellent location."
927436143082657772,1225977211684439875,2024-08-18,311530686,Jiajie,"Let's talk about the house first: it has a very beautiful garden, the rooms and living room are very warm, and the kitchen is very complete.<br/>Then the host's family was very friendly, making me and my son feel at home.<br/>If there is a chance to come back to London, I will definitely come back to Julie's house.",5,"Guest had a wonderful stay at Julie's house, praising its beautiful garden, warm rooms, and friendly host family."
925404026762329814,1219471044411013717,2024-08-09,27177580,Rachel,"I had a wonderful stay at Eleide’s nocarz! She was incredibly welcoming and made sure I felt right at home. The room was exactly as described, clean, and comfortable. Eleide was also very helpful with laundry, which I greatly appreciated. The neighborhood felt safe, especially as a solo traveler, and there were plenty of excellent bakeries nearby. Highly recommend!",5,"Guest felt welcome and comfortable in Eleide's nocarz, praising her hospitality, cleanliness, and helpfulness."
28599087,527249309,2019-09-10,77349572,Christine,"Tafon est un hôte acceuillant, et disponible pour toutes demandes. Très bonne localisation. Dommage qu’il n’y ait pas de volet occultant dans la chambre et de possibilité de fermer la chambre à clé. De plus leurs jeunes enfants étaient bruillant jusqu’à presque minuit, ce que je ne trouve pas respectueux pour les invités qui souhaitent dormir. Un matin sans eau chaude à la douche. Pour la propretée, c’est vite fait, il ne faut pas regarder en détail.",2,"Guest had a mixed experience at Tafon's place, praising his welcoming nature but criticizing noise from children and lack of amenities."
1390326,66459133,2016-03-22,4208210,Zoé,"L'appartement correspondait tout à fait à sa description dans l'annonce, d'une propreté irréprochable, situé idéalement dans un bel immeuble près de St Pancras, dans un quartier calme et agréable, à deux pas de plusieurs adresses sympas ( restaurants,pubs, magasins d'alimentation etc) listées par Steve. <br/>L'accueil fut super et même adaptable suite à un retard de train, Steve et Alex sont des hôtes charmant et le fait qu'ils habitent dans l'appartement d'à côté permet une disponibilité pratique si l'on rencontre le moindre soucis. Tout en offrant une réelle indépendance et le sentiments d'être chez soi. <br/>Bref, nous avons passé quelques jours très agréables dans ce joli petit appartement à Londres et le recommandons sincèrement.<br/>",2,"The apartment was clean, quiet, and well-located, with friendly hosts who were available to help."
40459545,1018094474791439885,2023-11-05,39528076,Daniel,"The apartment is spacious, very comfortable for 4 people, with two bedrooms and two bathrooms. There are all the kitchen supplies needed if you want to cook yourself, otherwise there are many interesting restaurants in the surroundings! The underground station is literally 2 min by foot. a big plus for travellers with kids: the nearby Holland park adventure playground is fantastic!<br/>highly recommended!",5,"The spacious apartment was comfortable for four people, with good amenities and a convenient location near public transportation."
890439075645302411,919436749201933502,2023-06-22,408009710,Muntasir,"A great flat in a great location! so fabulous for sightseeing with everything in walking distance . Sahar’s flat is clean, modern, comfortable, well equipped and well laid out. It was also warm, has a spacious bedroom, good sofas, and a great shower, and was very, very easy to rent.<br/>Her communication is superb – from immediate initial contact, to instructions beforehand, to several messages during the stay to check everything was ok. She was just fantastic with everything.<br/>Would highly recommend – a very convenient flat you can book with confidence that it will all work and be very easy!<br/>⭐️⭐️⭐️⭐️⭐️",5,"Sahar's flat was clean, modern, and well-equipped, with excellent communication from the host."
19124709,886851439325471296,2023-05-08,92926039,Jen,"Great private and quiet place to stay. My wife and I stayed for 5 nights whilst I worked in a nearby area, and enjoyed how peaceful it was. No noise at night, felt like a safe area which was important to us walking home late at night, parked on the road outside the house really easily. Bus gets you to the tube/ overground in no time, so its pretty convenient for getting into London, takes about an hr to the centre. Useful shops nearby. Lovely welcome from Raymond. Does what it says on the tin!",5,"The quiet apartment was a peaceful retreat for two people, with easy access to London and a friendly welcome."
42853360,983960241643408497,2023-09-19,2786238,Robert Jozef Laurens,"fine place to stay if your standards are not to high.  although adequate, this place lacks a personal touch.  of all the amenities, everything check out just fine,  but there is nothing extra.  6 pieces of silverware, six cups, nothing in excess.  six guest can eat at a 4 person dinner table with 4 seats. the cupboard in the living room is placed halfway into the room to allow for storage space behind it.  beds sleep well, neighbors upstairs somewhat noisy.  window sill quite abhorrently dirty and windows don't do much to keep street noise and draught out.   out for a weekend with friends on the town? this is your place.  romantic getaway with slightly spoiled 40+ group? look elsewhere.  host provides fine communication and is all good intentions, undoubtedly.",5,"The place was fine but lacked a personal touch, with basic amenities and some minor issues with cleanliness."
664947537164520868,1289121559982645077,2024-11-13,492411829,Sarah,The apartment is modern and well equipped the entrance lobby and secure door makes it feel very safe. There is great proximity to amenities and travel to wider London with Camden Market being in easy walking distance . The apartment was big with sting WiFi and quiet for being so central.,5,Modern apartment with great amenities and safe location near Camden Market.
572517068892753313,868665762090973454,2023-04-13,140652208,Andrea,This Air bnb is worth than what we paid for.  Dainius added so many thoughtful touches that added to the experience. My son was loving bring able go play a video when wewere breaking from sightseeing. Location was fantastic. it's only a 15 min walk from Big Ben. <br/>Will definitely be staying again on our next trip. thank for everything  Dainius!,5,Excellent value for money with thoughtful touches from host Dainius and fantastic location near Big Ben.
895752159787227645,902778130631555181,2023-05-30,301277730,Isis Osiris,"Stay here, this place is amazing, Monica and Florin are really really really nice, they always asked if we needed something, if we were ok, they always had the house clean, it was the best experience i've had at an nocarz, recommended 100%, worth it 100%, the Elizabeth line is like 10 minutes away and you get to the center of the city in less than 20 minutes by train,it is a really safe and quiet place, we liked it very very much, hopefully we can stay here again in the future :)",5,"Amazing experience at this quiet and safe place with friendly hosts Monica and Florin, highly recommended."
631239748484476667,904235636031210717,2023-06-01,498531420,Yasheni,"I booked this place on behalf of my parents, and their experience staying here for about 2 weeks was just perfect!<br/>Checking in was super easy as Mr Saket provided clear instructions on accessing the apartment.<br/>The place itself was absolutely delightful. The room was incredibly comfortable with lots of sunlight, and the huge living room overlooking the canal was the best thing to wake up to every morning for them. <br/>The location was ideal with 2 Tescos just a short 5 minute walk away, and the DLR just a 3 minute walk from the place. Also an added bonus is the step-free access from ground floor to the apartment.<br/>Saket is truly a superhost, always ready to help with any inquiries or requests. He’s super friendly and accommodating, and ensured my parents felt welcomed and comfortable throughout their stay.<br/>Overall I highly recommend Saket’s place. The combination of a cozy and well-appointed space, strategic location and fantastic hospitality of the superhost make it a true gem 😊",5,"Perfect stay for my parents with easy check-in, comfortable room, and ideal location near Tesco and DLR."
439489,158361765,2017-06-06,55411589,Alexis,"I loved staying at this nocarz because it was right near Primrose Hill which is beautiful and has an amazing view of the whole city! James was a wonderful host and made sure I had everything I needed. He was easy to talk to, and when the London Bridge incident happened he made sure to see if I was okay and talked to me about it. The flat is fairly close to a tube station and it is very quick and easy to get to the rest of London, but is also in a quieter area which I really liked! Will most likely stay here again if I return to London.",5,Lovely stay at this nocarz with beautiful views of the city from Primrose Hill and friendly host James.
19240268,360602706,2018-12-21,5027631,Claire,"This is a great little studio space. Stylish and modern, and very clean. <br/>We were met by Amy on arrival, who offered us information about the apartment and the area. It was nice to chat art, and we noted the gorgeous artwork around the space! <br/>The resident cats of the flat were also a highlight for me. They are gorgeous and so friendly - I loved giving them a cuddle in the morning. Felt very at home and would definitely visit again.",5,Guest had a great stay in a stylish and modern studio space with friendly host Amy.
4605913,148200096,2017-04-30,29108090,Georgina,I enjoyed staying with Yolanda. She was easy to contact and happy to let me check in my stuff early. It's a fantastic location only a few minutes from Liverpool station tube and lots of places to eat nearby. The room is very small but the futon thing is comfortable and it's quiet. ,5,"Guest enjoyed their stay with Yolanda, who was easy to contact and offered a convenient location near Liverpool station."
46287771,753563398,2021-05-01,67186969,Andrew,"We loved this apartment. So much so that we stayed 2 months, instead of the originally booked  one month. It's only metres away from one of London's largest green spaces.<br/>There are great bakeries, coffee ahops, an amazing Italian deli and a host of top restaurants on your doorstep. Our favourite was The Little Thai, closely followed by Mimmo la Bufala (especially for pizzas).<br/>And there are great bus and rail links into central London.",5,"Guests loved the apartment's location near green spaces and amenities, staying for two months instead of one."
915208227761249097,1010722399254891678,2023-10-26,165337717,Cindy,"Le logement de Dhimitër proposait un lieu calme et agréable, avec tous les équipements nécessaires et même un bureau pour travailler. <br/>Notre hôte s’est montré amical et attentif, n’hésitant pas à nous envoyer un message de temps à autres pour savoir si tout se passait bien pour nous. <br/>Nous recommandons avec plaisir et si nous revenons sur Londres, nous louerons ce logement sans hésiter ! <br/>Merci Dhimitër ! <br/>Corentin et Cindy",2,Guests had a pleasant stay in Dhimitër's calm and well-equipped home with friendly host.
1191821445570651868,1211576880508929475,2024-07-29,45802745,Bo,"Stayed for 1 night in a group of 6, going to a festival at walking distance Boston Manor Park. The house matched the photos, quite empty and very basic in terms of furniture. Self check-in via lockbox was very easy. Could do with more glasses and kitchen apparatus (e.g. bottle opener) but overall very satisfied. Note there isn’t a hot tub as in the description but this wasn’t an issue for us.",4,"Group of six stayed overnight in the house near Boston Manor Park, finding it basic but satisfactory for their needs."
21375064,441896720,2019-04-22,253851990,Tamara,"We stayed for 4 days in Matt’s Apartment. The communication was fast and easy, he gave us many tips for our stay. Matt allowed us to have an early check in and a late check out. We’re happy to stay at his place and would love to come back at any time.",5,"Fast communication, early check-in, and late check-out made for a pleasant stay at Matt's Apartment."
4151500,56202231,2015-12-10,49394921,Valeria,"Would definitely recommend it!<br/><br/>The apartment is lovely, spacious and cosy. it was very clean and well equipped. james was extremely helpful and available, he responded to all messages within a very short time. At some point, the heating and warm water was not working, and he came over in just 10 minutes and fixed it.<br/><br/>The location is also quite convenient, in a relatively quiter area but well connected and close to most points of interest.<br/><br/>I would go back:)",5,"The apartment was lovely, spacious, and well-equipped, with James being extremely helpful and responsive."
3683851,396849248008476203,2021-07-01,21344730,Carina,"May I’d absolutely wonderful! Great host super responsive and very kind. Anytime I had an issue she would get back to me right away and solve the issue. Only thing TV ke just basic cable so I had to stream everything from my compitieron, and the flat is located right in front a bus stop so when ordering cars and stuff it was a bit of pain cause they could stay outside the building, and the shower water pressure isn’t great so it made taking a shower a little tough. But those things are out of host control otherwise. She was an absolute delight. I think it’s very good for something short term, good space bedroom and living room are very big. Good natural light as well. Flats a bit old, but the building is pretty cute.",5,"May's flat was wonderful, but had some minor issues like basic cable TV and low shower water pressure."
8879562,165902102,2017-07-02,123009714,Tobias,"The apartment was absolutely wonderful. We were four people, and found it to be plenty spacious, with a really nice kitchen for those communal dinners. Instructions on how to get to the apartment, checking in and checking out were all clear and comprehensive. The host was really nice and was very attentive to every question we had both prior to our arrival and on the day of our arrival. She also helped us out with a lot of extra information, concerning issues with tickets for a concert we were going to attend, which again was so nice of her. The neighborhood was lovely, and it doesn't take too long to get into downtown. All four of us would gladly recommend this apartment!",5,"The apartment was perfect for our group of four, with a nice kitchen and friendly host who helped with extra information."
5311415,484566138750543362,2021-10-30,134974007,Riley,"I rented Louis's room in Battersea for 3 months and I found it to be nothing short of an amazing experience. He is a fantastic host and a wonderful person. His apartment is clean, well-furnished, and comfortable. It is right around the corner from a  bus stop, which makes getting around easy. It is also just a short walk from the beautiful Battersea park along the river.<br/>I will have great memories of my time staying with Lou in Battersea and I would, of course, recommend staying there to anybody.",5,"Lou's room in Battersea was an amazing experience, with a fantastic host and comfortable accommodation."
9244494,258558067,2018-04-29,26691562,David,"This is an absolute superb house. Everything is as you can see it in the pictures. Mary takes excellent care of her guests and is always happy to help. Her cakes are brilliant and so is the entire breaktfast. If it were posssible, we would give 6 stars, because Mary-Beth, Billie and Bowie are absolutely splendid hosts.",5,Guests praise Mary's excellent hosting and delicious breakfast
51592613,980996645643535387,2023-09-15,17978404,Shane,We had the best stay at Louise's place. It was centrally located for our needs and made me feel like I was back living in the UK!  From the initial booking the communication was superb. The apartment had everything we required for our stay and we would absolutely book again next time we are back from Australia. Thanks Louise for a fantastic stay! Highly recommend!!,5,Guests had a fantastic stay at Louise's place with great communication and amenities
54409282,685298044572605399,2022-08-03,20099424,Amanda,"The house is spacious and clean, decoration is lovely. Simon (and the cats) are friendly and chilled. Very short walk to Orpington station and town centre (plenty of shops, cafes and restaurants). Parking on driveway. The private bathroom has both a bath and a shower. All very good and easy! Thank you!",5,Guests enjoyed Simon's friendly hosting and convenient location near Orpington station
21038811,295374273,2018-07-23,43524975,Jerzy,House typical for this part of London. Very quite neighbourhood. Location is on the - nice view on London. Bus stop just around the corner so yo can reach  New Cross Gate in no time in case you want spare on walking (few minutes). Convenient apt for two persons. Very comfortable bad with many pillows. Everything works.  Ideal place to stay if you want to explore east south London,4,Guests found the house comfortable and convenient for exploring east south London
42286214,985355743904034290,2023-09-21,6530585,Chris,"Parsons place was perfect for a 24 hour layover in London. We were 4 adults and while a little tight, the apartment met all our needs. The dryer was great when we got rained on while sightseeing. There is a pub right across the street to get a drink at. We would definitely stay again if the opportunity presented itself.",5,Guests had a great stay at Parsons place with its convenient location and amenities
814000429357353728,1013677724751038959,2023-10-30,8559092,Jennefer,"This accommodation was perfect for us. We had events in Wembley and Excel and both were really easy to get to with the tube station so nearby (but not noisy). We even ventured by bus to the RAF Museum. Spotless, attractive and a very pleasant place to sit and chill one day too. We didn't use the cornershop across from the tube station, but it was good to know it was there. The only challenge during this stay was the immersion heater in the eaves right by the bedroom. This seems like it gets activated whenever anybody in the complex of flats runs a hot tap and so randomly starts-stopd during the night for late night showers and whatever else. You can hear what i assume is the fan of the neighbouring flat bathroom too. Thankfully, I'd seen a previous comment in a review and made sure to pack earplugs and I slept much better after the first night. Syed's instructions were really clear and timed very well. And any additional queries were answered very promptly. :)",5,"The accommodation was perfect for us, but the immersion heater caused some noise issues."
34797251,602270664,2020-02-06,164412733,Jolanda,"Der Aufenthalt in dem Apartment war super! Die Mitbewohner waren nett, die Verständigung zwischen Marcelo und uns war auch sehr gut. Schnelle Antworten und immer sehr hilfsbereit bei fragen. Das Apartment ist direkt an einer U-Bahn Station und ein Einkaufsladen direkt nebenan, was sehr viele Vorteile verschaffte. Die Badezimmer waren auch relativ sauber (man muss dabei bedenken, dass dort noch mehrere Leute leben, so kann man nicht immer von blitzblank ausgehen) aber alles komplett im Rahmen. Alles was man braucht ist zur Verfügung gestellt. Shampoo, Duschgel, Spülung und auch Handtücher und ein Fön.<br/>Gerne wieder ! ☺️",0,"We had a great stay in the apartment, with friendly neighbors and excellent communication from Marcelo."
41917030,708960681,2020-11-15,374288235,Henna,"Thank you very much for letting us stay at your nocarz! It was pleasant and welcoming. Your communication was excellent, very attentive. Also loved the subtle, airy & modern room decor. Less is more! Will hope to see you again in the near future. Best wishes to you & Roma X",5,"The room was pleasant and welcoming, with excellent communication from Syed and modern decor."
960834669718645860,1140481182702091991,2024-04-22,127326004,Rob,"The guys who checked us in were great and they quickly arranged an additional key which was delivered the next morning.<br/>When demonstrating the pull out sofa bed he immediately spotted there were crumbs all over the cushions and vacuumed them up but this just underlined that the £50 cleaning fee didn't reflect the cleaning as several of the dining chairs also had stains and the whole place smelt of people having smoked in there.  Having left the windows open, the next morning when closed the smell was still not great and it became clear that's because the smell was actually embedded in the sofa cushions.<br/>It's not the owners fault that renters ignore the 'no smoking' rule, but if you are paying £50 for cleaning on top of £850 for 3 nights you do expect that the cleaning staff will ensure it's clean and fresh upon arrival.",5,"The apartment was not clean upon arrival, with stains on furniture and a strong smell of smoke."
5161205,437478211493061153,2021-08-26,23745717,Boris,"This is one of the best host experiences I have ever had. Eric exceeded all of my expectations as a host and was super nice and accommodating and helped me at all times i needed, whilst ensuring I had total privacy and felt completley comfortable. The room and apartment is super nice and in a great location and clean with great WiFi. I can only highly recommend and will defilitley be back. THANK YOU ERIC!!!",5,"Eric exceeded all expectations as a host, providing a great experience in a super nice room and apartment."
1105182623933181779,1125243915127262226,2024-04-01,62905669,Gaëtan,"It was a perfect stay, Steven is a great host. It’s so easy and pratic to find the apartment, the location is very perfect. Only 15 minutes to reach Victoria Station for example, Madame Tussauds is at 3 minutes walking. Many things to do near from the apartment. The view is also perfect. And each room is clean and cosy.",5,Perfect stay with great host and location
438421,1015197408998022340,2023-11-01,34311276,Kelsey,"Small place and nothing too fancy but clean, quiet and best location. Walk to most of the best things to see in London! Host was very kind to let us drop off bags early before check in so we could explore. Easy to find in Chinatown. Good value for the price!",5,Clean and quiet apartment with excellent location for exploring London
1280318706400838300,1304288645230640528,2024-12-04,117938083,Pulkit,Had a great time with Will. He’s such a wonderful host and took care of almost everything. He even came to the street to pick me up when i faced issues in finding the place. The bed was very comfortable and the place was spotless clean. <br/>Will definitely visit him again.,5,Wonderful experience with kind and helpful host Will
35024469,429431818580177840,2021-08-15,206543612,George,"Outstanding Air B&B. Room was perfectly clean and beds were delightfully comfy. Exceptionally good value for money considering the quality of the room and how easy it is to get to get into Central London. Hosts were easily contacted and very friendly. When they called to tell us that the room we had originally booked was unavailable due to cleaning, they provided another one of their rooms with no hassle. They even allowed us to use the parking space after our stay was over just for the day, which was a load off of our mind as we still had things we wanted to do in London. Shower was high quality with good water pressure, and room even had a washer/dryer. Very spacious so great for long and short stay, on a very quiet street. For the price offered, this is the closest you will get to a perfect Air B&B.",5,"Outstanding Air B&B with clean room, comfy beds, and great value"
37209799,558829561,2019-11-03,235059415,Josh,The property is very nice and modern and clean and the pictures do not do it justice. It is a large property with great facilities and in a good position for shopping and the tube.<br/>The only issue we had was that the barber shop directly upstairs (as this is a basement apartment) is very noisy on a morning from 8am every day (even weekends) until around 7 on an evening. <br/>I would definitely stay in this property again but if you haven’t been before it’s definitely something to bare in mind.,5,"Nice modern apartment with good facilities, but noisy barber shop above"
18323662,673750491930358932,2022-07-18,56540568,Jonathan,"This place and host are great.  Danny checked in on us several times to make sure everything was good, and gave us plenty of suggestions while we were there.  We came to London with our 3 children ages 4, 8, 11.  The setup here was perfect for us, as there is great access to public transportation, and Northcote road has a ton of great dining and shopping options.  Would definitely come back again in the future.  Thanks Danny for being a great host.",5,Great host and location for a family with kids.
21617650,309471679,2018-08-18,31967602,Megan,"Wow! Where to start. Having spent a fair time in nocarz the past 2 months around Europe and UK I can completely understand how Yossi has achieved superhost status!! Not only was the cabin absolutely Devine with all one needs for a relaxing tranquil getaway, Yossi was always on hand to help with any questions I had. I couldn't think of a better place to end my vacation. ",5,Wonderful cabin with excellent amenities and a superhost owner.
38657797,540375936,2019-10-03,906439,Henry,"Great location in the heart of SoHo. Surrounded by several pubs, restaurants, theaters and the heartbeat of the city! Very close to the theatre district and two underground stations. Picadilly Circus just a 7 minute walk. Check in was a breeze as we were greeted at the door by Harry and he walked us through all of the apartments’ features. The studio apartment is very small, however, great for two persons. The bathroom is very small - particularly the shower and toilet. If you’re a big person, it may be quite uncomfortable. It worked for us. We didn’t use the TV much but it comes equipped with an Amazon Fire Stick. The full size bed was small and could use a mattress upgrade. The studio also comes equipped with a washer/dryer, small refrigerator, stove and some kitchen wares - but who wants to cook with all of the dining options surrounding the apartment? Overall a great stay for us and would recommend it to others.",5,Good location but small studio apartment with some minor issues.
1342325,146968792,2017-04-24,126274973,Bonbon,"Tete is an amazing host. She's kind and caring. Just like our mum haha.<br/>Due to the luggage problem, we checked in at 1 a.m. Tete waited for us til late night and gave us a big hug after we lost our luggage at the airport. <br/>Location is good, not prefect but the neighborhood is very safe and quiet. <br/>There is a supermarket and restaurants nearby within 15 mins walk.<br/>Tete's apartment is clean and concise,we felt comfortable when we stayed there.<br/>The equipment of the kitchen and bedroom are complete. Tete is very welcome the guests to use it. I would definitely recommend for other travellers!!<br/>",5,Friendly host and clean apartment in a safe neighborhood.
51933506,998393881165551040,2023-10-09,248039649,Carlos,"Excelente apartamento muy bien equipado y con un nivel de limpieza inmejorable. Hay lavadora, secadora, lavavajillas, tostadora, nevera, microondas, horno y cocina eléctrica. También hay ropa de cama, toallas y toda clase de productos de limpieza. La estación de metro de Clapham South está a 5 minutos. En la avenida al lado del apartamento hay varios supermercados y locales de restauración. La zona es muy tranquila y no parece nada problemática. Los anfitriones estuvieron pendientes de informarnos en todo momento. El precio que pagamos para alojarnos 8 personas lo considero muy razonable.",2,Well-equipped and clean apartment at a reasonable price for large groups.
13294159,191709572,2017-09-08,53125255,Karen,"You'll be in for a treat here at Genes. Bed- excellent,best in my travels firm pillows-one of ea so you can choose bathroom's-clean good showers   kitchen-well equip. plenty fridge space. Living area off kitchen with table just like the pic. Opens onto sunny garden. Parking easily at the door. Bus 30 walk and Tules Hill station close. Excellent value for you money! Great communication too",5,Excellent value for money with a clean and well-equipped accommodation.
5170302,1052810149067804592,2023-12-23,130234191,Phan,"Sara's place was located in a good area with two train stations closed by.<br/>The house does need a bit of love with a lot of crack paint and a chipped window in the back bedroom.<br/>The kitchen bench was very sticky, even after we tried wiping it down with wet wipes.<br/>the bed was comfortable and the heating system is very good for the winter temperature.<br/>overall, the place was a good stay for our london visit. beside the minor issues abovs, was happy with everything we saw.",5,"Good location, but the house needs some maintenance and minor issues were present."
41360125,793311039310989100,2022-12-30,115265428,Julia,"What a great place to stay!<br/>I was slightly worried to have read the previous review which mentioned some mould and damp at this property, however I decided to go ahead and book it due to all the other 5 Star reviews posted about this property.<br/>The place was very clean and tidy and there was NO sign of any mould or damp as indicated by the previous review.  The place was immaculate and obviously recently renovated. The beds were very comfortable, there was a great shower and I had everything I needed.  It was also great that the property had a private parking spot, so there was no need for street parking.<br/>It was a 1-2 min walk to the Tube station, with bars, pubs, the Co-op, Sainsbury's and restaurants on the way to the tube.<br/>I can highly recommend this place and will definitely stay there again!",5,"Immaculate property with no signs of mould or damp, excellent location and amenities."
33729192,461343673,2019-05-31,11686029,Jessica,"My husband and I and our 18 month old daughter had a comfortable stay in Emma’s flat. The flat is well located just off the high street, but on a nice quiet road. The flat is very homely, with comfortable furniture and nice touches like a basket full of mini cosmetics in the bathroom for guests to use. It was also great for our daughter who slept in the cot in the nursery - she really enjoyed reading the children’s books! The only slight downsides were it felt a little cluttered in the kitchen area - there wasn’t much space to put our food, and there isn’t access to a freezer, which wasn’t a problem for us, but might bother some people. Also Emma uses a third party to manage the flat, and I found them slow to respond to messages sent on nocarz. If you need a quick response I found out the best thing to do is call them on the mobile number they send you in the check in instructions. Overall, a comfortable stay in a great location!",5,"Comfortable stay in a homely flat with nice touches, but some minor downsides were noted."
1904019,48080451,2015-09-23,1360765,Maximiliano,"Hi Everyone,<br/>Adam's apartment was great and have all the comfort that we were needing.<br/>It is well located in close proximity to a few underground stations.<br/>The apartment is in a very quiet street close to everything (pubs, supermarket, restaurants, The Sharp Building, etc).<br/>He was very responsive before and during our stayed.<br/>I will definitely stay at his apartment again in my next trip if it is available.<br/>Good luck!<br/>Max",5,"Great apartment with all comforts needed, well-located and responsive host."
25572500,612296061,2020-02-29,82893372,Lawrence,Great value for money stay in Camberwell. The room is compact but does a lot with the space and the entire place is extremely clean. The bathroom in particular was super modern and loved having it to myself. The bus station is literally 1 min from the apartment with buses taking you into central. Mark was also lovely and accommodating!,5,"Great value for money stay in Camberwell, clean and modern room with excellent location"
1083485727620479033,1178956607539890216,2024-06-14,102592333,Helen,"The pictures didn’t do justice to this modern two bedroom two bathroom apartment. With the big windows, the rooms are actually very bright. We like the simple/ minimalist design.  The location and space are perfect for travellers who want to be close to Zone 1 but don’t want to pay a fortune. (We did find a private parking nearby and rode the Tube to central London, both the parking and station are within walking distance). It was spacious and comfortable for my family of four, including one elderly and one teen. <br/>Al, the owner, was very helpful and friendly. We highly recommend this apartment.",5,Modern two bedroom apartment with perfect location and space for travellers
45706265,847041259626894562,2023-03-14,326286953,Robert,"Great nocarz - is her personal flat, so was full of amenities, everything you need you have.<br/> Location is great, super friendly nice clean neighborhood, as well as friendly neighbors.<br/>For London, especially central London, the quality to price ratio is fantastic!  2 bedrooms, balcony, living room, kitchen, and 2 bathrooms. <br/>Favorite place i've stayed in London so far. Highly recommend!",5,Clean and spacious flat with great amenities and friendly neighborhood
977379123168346344,1152768204924582697,2024-05-09,113886863,Laure,"Appartement correct, correspond à la description et très bon emplacement. Néanmoins, faire bien attention aux commentaires sur les problèmes d'eau chaude. Malgré ma remarque j'ai dû passé 2 jours sans eau chaude, jusqu'à ce qu'nocarz intervienne et contacte le propriétaire qui ne répondait pas à mes messages et relances. Finalement un plombier est intervenu.<br/>L'hôte a accepté que je laisse mes bagages à 12h au lieu de 15h à mon arrivée. Ce qui en soit est appréciable. Arrivée, le ménage n'était pas fait après les précédents voyageurs. Ill a fallu que je m'en plaigne. Il a menti sur le fait que la femme de ménage venait à 14h30 (pour un logement sensé être dispo à 15h, c'était donc vraiment pas normal....). Au final quand j'arrive à 18h30 après une promenade, la femme de ménage est présente et me dit de revenir plus tard. C'est pas normal!<br/>Au final c'était sensé être des vacances reposantes mais la moitié de mon séjour était stressant avec les divers problèmes/manque de répo",1,"Apartment had issues with hot water, cleanliness, and communication from host"
13342767,1307203563975741564,2024-12-08,403195760,Jayne,Petra is a perfect host responding quickly to emails. We were provided with lots of very useful information about the area. <br/>The coach house is beautifully presented. The kitchen is fully equipped with everything you could possibly need. We had a lovely peaceful stay and will definitely return in the summer to make more use of Richmond park which is almost next door.,5,Coach house was beautifully presented with fully equipped kitchen and peaceful stay
20419999,606343449275470544,2022-04-16,407541852,Leilah Maria,"You will receive a warm and friendly welcome from Geeta.<br/>Everything was organised for check-in. Geeta is serene and beautiful, and this is very much reflected in her lovely calm home.<br/>The road is quiet, residential, tree-lined and well-lit - just a few minutes along from a bus route and mini-supermarket. Further along is the mainline train station and several more bus routes. <br/>It's really great here and without hesitation, I would recommend to friends and family.",5,The host Geeta provides a warm welcome and the property is well-located with easy access to public transport.
735539372587408887,1170941167792235739,2024-06-03,503092061,Chantal,"Unterkunft ist nur wenige Meter von der U-Bahn entfernt und man ist schnell in der Stadt. Durch die angrenzenden Bahngleise ist es aber zwischenzeitlich ziemlich laut. Wohnung ist sehr gut ausgestattet. Ein Kritikpunkt ist die Sauberkeit, vorallem der Teppich im Badezimmer war etwas eklig (die darunterliegenden Fliesen sind Kaputt). <br/>Aber alles in Allem eine gute Unterkunft für ein paar schöne Tage in London.",0,The apartment is well-equipped but has some noise issues due to nearby train tracks and cleanliness could be improved.
51622869,962906246499862411,2023-08-21,68655176,Iliya,"Our room in Fabio's hostel was as advertised and it was perfectly clean and well-maintained. Fabio was continuously responsive to our questions and he had many local suggestions for us, which we took as much as we could. We loved the backyard patio space, I wish we'd had more time to hang out there. I'm so glad that we stayed here for our trip to London! The location was right by an Underground station with two lines, taking us anywhere we wanted to go in the city.",5,"Fabio's hostel was clean, well-maintained, and perfectly located near an Underground station with helpful local suggestions."
1190704736840037399,1257153868800517083,2024-09-30,118987376,Natalie,"If you’re looking for a clean, quiet and affordable location — this is it! Not only are you directly in the heart of Covent Garden, this location is perfect for walking to all the top attractions. The host met us and personally showed us around which was incredibly helpful. This place also felt very safe and secure. We will definitely be returning and couldn’t have asked for a better apartment, location or host!!",5,This quiet and affordable location is perfect for exploring Covent Garden with a safe and secure atmosphere.
44317580,648865973,2020-08-09,303509316,Anosh,"This property is absolutely amazing, great value and perfectly located. There’s 24h parking right next to the property and everything you will ever need is walking distance. The property has everything you will need to cook, clean and have a great time. If I need to stay in this area again I would definitely stay here again. Thank you Michael 🙏",5,"The property offers great value, 24h parking, and easy access to amenities making it an ideal stay in the area."
764942119204432497,838287637988310504,2023-03-02,876841,Fanny,"We had an amazing stay at Valentina’s place. The apartment is very well arranged and furnished, the location in Notting Hill is great and we loved the light coming through the big window. We felt at home and Valentina was available and Nice to answer to all my questions. Thank you so much!",5,Guests had an amazing stay at Valentina's well-arranged apartment with great location and natural light.
647487803224445425,837544448668929240,2023-03-01,34354559,Violaine,"Nous avons passé un excellent séjour dans l’appartement de Christopher. C’est l’endroit parfait où se reposer après de longues journées de visite à Londres. L’appartement est terriblement bien situé, juste à côté d’un arrêt de bus qui vous permet de rejoindre le cœur de Londres très facilement. Christopher a été très réactif. Nous lui avons demandé un lit supplémentaire pour permettre à nos ados d’avoir plus de place pour dormir, et dans l’heure qui suivait, le lit était installé ! L’appartement est très propre et très pratique. En plus, il est très très calme, parfait pour des nuits reposantes! <br/>Merci Christopher, nous reviendrons avec plaisir!",4,"Christopher's apartment was perfect for resting after long days of visiting London, with excellent location and quick responses to guest needs."
6519512,70518016,2016-04-18,66236289,Anja,"We loved to stay at Vicki's house.<br/>It is so cute and comfortable cause you can use the kitchen and bathrooms and feel free. You're  able to reach the city by bus or overground very fast. She is such a lovely, open-minded person. So helpful with our problems and questions even though we didn't see each other very often.<br/>We would definately come back. Best choice!<br/>xoxo<br/>Anja & Kirsten",5,"Vicki's house was a lovely and comfortable place to stay, with easy access to the city and a helpful host."
12822730,176950170,2017-08-01,38056041,博雅,"To those who are browsing this page: You are very lucky to find such a nice room/host!!!<br/>I was so amazed at how clean and tidy Tikiri keeps his flat. The bedroom is comfy, and I love the books on the shelf. And the SHINY toilet/bathroom! It is so nice a toilet that I think nocarz should nominate it for 'the loo of the year' (if there is any award like this).<br/>Tikiri is always so helpful and considerate. And it was fun to chat with him. <br/>I really wish I could stay longer!",5,"Tikiri's flat was extremely clean and tidy, with a comfy bedroom and a 'loo of the year' worthy toilet, and he was always helpful and considerate."
10976789,604146192,2020-02-10,40884956,Alison,"What a wonderful, stylish and light-filled space. I really appreciated the design aesthetic, with lovely touches everywhere. For a place so well-connected in London - it was also amazing quiet, no traffic noises at all. It felt very private and had everything you might need in the kitchen. The broadband was a bit bumpy, but I could have happily moved in...",5,"Guests appreciated the stylish and light-filled space with lovely design touches, excellent location, and quiet atmosphere."
16578724,286878665,2018-07-07,2973881,Monique,"Alexi and Jan are great people.  They were friendly and welcoming, I felt like at home. She even offer an extra touch leaving me breakfast every day, with a home made marmalade that was awesome. The house is amazing. It have a beautiful garden. The neighbourhood is calm, and at night you can see for far away some foxes running around the local parks. The location is a bit distant from the center, but it is easy to move around by metro. It is perfect if you want to relax and not being in the craziness of the city all the time. Highly recommend staying with them. ",5,"The hosts were friendly and welcoming, and the house had a beautiful garden and calm neighborhood."
19009806,161628700,2017-06-18,17870122,Kevin,The location is really convenient : right to Euston station. The key safe make checking-in an out really easy since you don't have to arrange a meeting. <br/>The place is nice and tidy and we even had complimentary shower gels (really classy). You have enough space for your clothes. <br/>The only complaint we have is the noise. There's a pub just under the bedroom window and it can be a bit noisy at nights. ,5,The location was convenient but noisy due to a pub under the bedroom window.
5842492,167327992,2017-07-06,57548898,Sabine,"Die schöne Wohnung von Nicola ist sehr verkehrsgünstig gelegen. Sie liegt nur einen Steinwurf von der U-Bahn entfernt und von dort aus ist man schnell im Zentrum. Das Bett ist sehr bequem und die Luftmatratze ging leicht aufzubauen und wurde zu einem komfortablem Doppelbett. Ein paar Dinge, die nicht funktionierten, wurden schnell repariert. Alles in allem ist es ein guter Platz für einen Besuch in London. ",0,"The apartment was well-located, comfortable, and had good amenities, making it a great place for visiting London."
869259311989219077,978825063513206708,2023-09-12,289750636,Arlene,"My bestie and I enjoyed Tania’s place! London is lovely and we thought it was a great neighborhood. Tower bridge is down the street, which was so cool to pass by. The bus stop is right in front and the metro is a short walk. Borough market is also near. Which was so cool to visit. The only thing that was my fault was not properly checking which building to enter to. Make sure to look at the picture of the building and read the numbers correctly because the whole street is basically the same building style from the front just with specific numbers on each building. Everything there was great. The fans in there helped cool us down, the washer was also great. The bed/ couch bed were comfy! I was a bit confused when picking up the keys, because you do pick them up at a store next to the building but Tania helped me get there and it was all good!",5,"Tania's place was great, with a good location, comfy bed, and helpful fans, but be careful when picking up the keys."
23167253,489639611310974426,2021-11-06,192918883,Emily,"Great space, very clean and tidy. Simple with just everything you need. Great communication and answered my questions very quickly and clearly. I'd love to stay here again when I'm in the area. Its not quite the location we thought it was, a lot further out, but for its style, quietness and cleanliness its worth it!",5,"The space was clean, tidy, and had everything needed, despite being further out than expected."
8114948,71849532,2016-04-29,12773567,Zdenka,"My stay at Samir's house was great. Everything was perfect - my room, kitchen, spacious modern bathroom, fast connection to Central London. There's also a big supermarket in walking distance. Getttika, Samir's wife welcomed me on my arrival and gave me all information I needed and Wifi password. There were other guests staying in the house, all my age (in their 30s) and all lovely people. Overall, it was the best nocarz experience I've had, and I can highly recommend it to anyone.",5,Guest had a great stay at Samir's house with perfect amenities and friendly hosts.
11066627,62860921,2016-02-17,20471012,Min,"Prefect appartement as pic ,super big room with sunshine . You can use everything in here just like living in home . So nice price  with great location . <br/><br/>Zdenka and Louis are so nice person  , I Checked in so early because of my train and Louis was waiting for me in home , I really  appreciate them .<br/><br/>100% Recommend!",5,"Guest loved the apartment's big room, great location, and friendly hosts Zdenka and Louis."
48036104,784627454594745470,2022-12-18,48730965,Robert,"We had a very comfortable stay, the studio was lovely and warm during our stay when the outside daytime temps were -1 deg C. The bathroom has a heated floor with large heated towel rack and lots of storage. Fast Wi-Fi (70Mbps typical). There were a few safety and maintenance issues which I relayed to Host. I would recommend the studio as it offers outstanding value for money in Marylebone.",5,Guest had a comfortable stay in the studio with good value for money despite some minor issues.
50031041,590384391144007096,2022-03-25,152711828,Alison,"Very comfy and cozy, a perfect little house with kitchen, living room, table and TV on the ground floor, then upstairs a bathroom with tub/shower and a bedroom with TV. Nestled on a quiet street but very close to cafes, shops, and tube stations. Blinds on all windows, full control over heating, bed was very comfortable, and both TVs are logged into multiple streaming services. I booked this property for my mum who was visiting from abroad and she had a lovely stay.",5,"Guest's mum had a lovely stay in this cozy house with kitchen, living room, and comfortable bed."
618527201343602880,925250827294983518,2023-06-30,151559680,Kirsten,"We really enjoyed our 11 night stay in this lovely London home. Our group was 2 seniors, 2 adults, and 2 teens. The 4 bedrooms worked perfectly for us and we really felt at home. We also enjoyed the outdoor space each day and were thankful to have a kitchen and washer/dryer.<br/>A couple considerations - there are 3 flights of stairs that will need to be navigated to reach the bedrooms and kitchens. The listing states ""central air conditioning"" but only the bedrooms are air conditioned. In mild weather it would not be a concern, but it was quite hot weather while we were there. <br/>One of the best features of this home is the location. We walked to Kings Cross/St Pancras every day (5-7 minutes) and could go anywhere by train, bus or Underground from there. There was a grocery store just steps away, and many pubs and restaurants nearby. Despite the central location, the side street where we stayed was remarkably quiet and peaceful. It was a great home base for our London adventure, thanks!",5,"Guests enjoyed their 11-night stay in the London home with great location, outdoor space, and amenities."
21617650,302100492,2018-08-05,15227591,Chris,"Yossi's Cabin got a full five stars from me on everything and they were all well deserved. It's a delightful, comfortable and very well-equipped cabin at the end of a pretty garden. Check-in was a breeze and while staying in the Cabin is very private, Yossi always seemed to be available if there were any questions or if anything was needed, which of course it wasn't. The location is good too for getting into central London as well as for walks into Richmond Park or along the river in Kingston and the excellent fish restaurant at the end of the road is a must-visit. Thank you Yossi, your Cabin is high on my favourite's list.  ",5,Yossi's Cabin is a delightful and well-equipped cabin with excellent location and service.
904907165640184086,1295610569159687323,2024-11-22,19627930,Luke,"Despite good communication through nocarz from the host, the accommodation is completely uninhabitable; <br/>- Check in - Had to wait 15 minutes in the pouring rain for someone to turn up, check in and show me round the flat<br/>- Filthy - windows were disgusting and look like they've never been cleaned, the cutlery, pots, pans and utensils were dirty<br/>- Lighting - automating lighting in toilet, bathroom and kitchen did not work, often leaving me in the complete dark<br/>- Noise - constantly noisy throughout the night, traffic and building works first thing <br/>- Entrance - unpleasant smell in the stairwell, corridor and entrance <br/>- Heating - boiler broke and someone had to come out to sort it. Spent the day in the freezing cold <br/>- WiFi and TV - completely intermittent and had to turn on and off constantly <br/>Overall, a really disappointing experience. I've stayed in many nocarz's in London, but this one needs to be unlisted until the issues above are resolved.",1,"The accommodation was completely uninhabitable due to various issues such as cleanliness, noise, and technical problems."
818019612156760508,1284777121991032895,2024-11-07,161317782,Bronwen,"The flat was fine for my needs, i wasn't in there for long. The steep stairs are a challenge with a heavy case. <br/>Was good to have little kitchen area & nice to have Teabags / sugar / coffee & cooking oils left for use. <br/>Place felt pretty tired & in need of some TLC in some areas.<br/>Felt expensive for what it is but this is London prices & it was nearly half the price of a nearby travelodge so VFM not bad really. <br/>As someone else commented, couldn't get the TV to work which was annoying, despite it being connected to the Internet, none of the channels or apps would load.",4,"The flat was fine for my needs but felt tired and in need of TLC, with some minor issues like the TV not working."
567855772435655651,827422259972858762,2023-02-15,41029687,Colin,"This is a great flat in a very well connected area. The flat itself is very bright and airy, with large window that can let in the natural light. It is spacious, we were a family of 5 (2 adults and 3 young children) and found that it was very suitable for our needs. The kitchen is modern and very well equipped and the bathroom was likewise. We stayed at the flat for 3 weeks and found it to be very comfortable. It is located in an area which has lots of restaurants etc in the very near vicinity, otherwise the closest tube stop is a 5 minute walk away. You're not in the very centre of London but you're very close and the area strikes a good balance. It was never an issue to get around London from the flat, and we had 2 young boys in buggys. The host was also very responsive. I would definitely stay here again and highly recommend.",5,"This is a great flat in a well-connected area, spacious, bright, and airy, with modern kitchen and bathroom."
24884713,1165917196989716972,2024-05-27,14522022,Jayne,"This was one of my best Air BnB experiences to date! Kate was such a wonderful host. The space is amazing - so clean and roomy, bed very comfortable and nice and quiet. The perfect place to unwind after a day in London! The location is excellent too - very well connected and nice area with green spaces and cafes. Kate was so helpful with check in - waiting for us to arrive to personally help us into the home and also with navigating London and helping us make our way back to the airport. Can't say enough good things! I would definitely love to stay here again next time I'm in London.",5,"This was one of my best Air BnB experiences - the space is amazing, clean, roomy, and quiet, with excellent location and host service."
4721789,30769403,2015-04-27,22436457,Paula,"Elizabeth and Hugo's Sparkling new apartment was a wonderful base to explore all that London has to offer. It is very well located within walking distance of two tube lines, one is particularly close by. There are local shops for the basics and great recommendations for a bite to eat.<br/><br/>The apartment is spotlessly clean and offers every home comfort. The bath is particularly luxurious after a busy days sightseeing! The high ceilings and neutral classical decor are what initially attracted us to the apartment, however, it was the personal touches such as the basic essentials like  salt and pepper, olive oil and toiletries that will make us return.<br/><br/>Our family would highly recommend a stay at Lizzie and Hugo's apartment.",5,"Elizabeth and Hugo's apartment is a wonderful base for exploring London with its great location, cleanliness, and personal touches."
266037,152537058,2017-05-17,31805773,Maryanne,"Everything about this visit was delightful, from Akbar greeting me when I first arrived to gracious goodbyes on the morning I left. The flat is situated so that travel around London was easy and timely and pubs and restaurants are within walking distance, including the champagne bar in St. Pancras. James and Akbar were welcoming, informative, and accommodating and made my stay a pleasure.  I had a marvelous time with them and hope to stay with them again on my next London visit. ",5,"James and Akbar's flat was delightful to stay in due to their welcoming nature, easy travel access, and nearby amenities."
38151297,1039091998067434468,2023-12-04,423259823,Carmela,"Estuvimos muy bien en el piso de Megan. Nos hizo el uso que buscábamos que era un lugar donde dormir a gusto ya que el resto del día estuvimos haciendo turismo por la ciudad. Tienes supermercados cerca y la estación de metro también, realmente fue una estancia muy buena. Megan se comunicaba con nosotros rápidamente es muy buena anfitriona.",2,Megan's apartment is a great place to rest after exploring the city with its convenient location and friendly host.
5976865,113649933,2016-11-13,13387168,Latinka,"Anna's place is the most amazing property- it's beautifully decorated, spacious, perfectly equipped for even a longer stay and the location is great as it is close to convenient public transport. Anna herself is an immaculate host- she's beyond nice, very accommodating and available at all times to answer questions and help with problems, she even came by on one of our evenings there to personally show us how to operate the gas fireplace! This apartment would be our first choice on all our future visits to London. ",5,Anna's beautifully decorated and equipped apartment is an excellent choice for any stay in London due to her exceptional hosting.
33504528,1018033309440119861,2023-11-05,339391374,Ashleigh,"Glenn was a very friendly, helpful host. He gave us lots of informations before we arrived a responded quickly to any questions I had about local travel.<br/>The apartment was lovely, very clean and comfy, perfect for what we needed. Acton Town itself was great, very diverse. We ate in a lovely Thai restaurant just over the road from the apartment.  <br/>We’d definitely look to stay here again in the future!",5,"Glenn's apartment was a great place to stay with its cleanliness, comfort, and helpful host who provided lots of information about the area."
3194911,136845898,2017-03-12,18213211,Liz,Edwards flat was lovely and homely and ideal for the two of us to enjoy a long weekend. The location allowed us to do everything we had planned and was just a short walk to the tube station. Edward was a good at communicating before and during our stay. We would highly recommend! ,5,"Guest had a lovely stay at Edwards flat, highly recommending it for its location and communication."
604137186311515391,612804792802238192,2022-04-25,132852439,Marta,"Posizione PERFETTA: comoda a Earl’s Court (stazione della District line e anche della Piccadilly) e a una fermata dell’autobus. Ha vicinissimo un supermercato (TESCO) enorme è bello.<br/>Non affaccia su strada quindi anche non rumorosa! Arredamenti nuovi, fantastici, bagno pulito, c’era tutto il necessario per stare comodi. Unica pecca il Wi-Fi che l’ultimo giorno non ha funzionato per 24 ore, poi non so se abbia ripreso ma io ho dovuto fare il check out. Comodissimo anche il check-in e il check-out così! <br/>Consiglio vivamente e se mai tornerò a Londra ritornerò di certo qui!",4,"Guest was very satisfied with the apartment's location, amenities, and cleanliness, but had some issues with Wi-Fi."
9093050,92292807,2016-08-08,5759786,Daniela,"Beautiful, homey, clean and wonderful house! I loved everything! If you love cooking, you will find your place in the kitchen, fully equipped with everything you need, trust me, everything :-) big dining table and comfortable sofa bed, cute garden at the back of the house. I spent my weekend with my pregnant friend so it was just perfect place for us, quiet, very family and cosy. Thank you Catherine and her family for letting us stay and for the nice present they left for us xxx you are perfect host! Daniela ",5,"Guest loved everything about Catherine's homey and clean house, perfect for a quiet weekend stay."
1242540233444183748,1302122053228820913,2024-12-01,166292091,Devin,"Great stay. The bed is firm, I found it comfy but if you prefer a really soft bed it might not be your favourite. The location is amazing and the bedroom is in the back of the building so it’s super quiet. The place is a bit smaller than expected, but the kitchen is fantastic and fully stocked.",5,"Guest had a great stay at the apartment, praising its location, kitchen, and quiet bedroom, but noting a firm bed."
45699550,714878454,2020-12-12,35627230,Emiliano,"The apartment is beautiful, comfortable, and well kept. It is spacious and has everything necessary for a great stay, and is perfectly located next to elephant and castle. Being on the seventh floor it also has spectacular views and is very bright, I would definitely recommend it to anyone. Sorina is the perfect host and has been helpful and available throughout, check in and check out were extremely simple. Thanks again Sorina!",5,"Guest was extremely satisfied with Sorina's apartment, praising its beauty, comfort, cleanliness, and perfect location."
2518024,17741282,2014-08-17,13493456,Josie,"El lugar es muy tranquilo pero muy bien comunicado con el centro de Londres en autobús, metro o tren. La casa es muy cómoda y dispone de todo lo necesario. Pero lo mejor es el trato del anfitrión-a, son personas muy agradables que te ayudan en todo. Al llegar encontramos algo de comida en la nevera y luego nos llevaron al supermercado .... y siempre que podían pues te ayudaban, se preocuparon por nosotros y nos hicieron sentir como en casa. Muy recomendable por el lugar, el apartamento y sobre todo por el trato .",2,"The host was very friendly and helpful, making us feel at home with their excellent service."
1191061561684438934,1235470743906762105,2024-08-31,238594332,Damani,The host was very friendly. They answered all my concerns quickly and always extended their help to me and my family as we used their accommodation. I highly recommend. The neighborhood is close by bars so it may be slightly loud due to the bar scene some nights but that’s the least of concerns,4,"The host was very friendly and accommodating, answering all our concerns quickly."
659543390965679447,1160090406584970759,2024-05-19,239969113,Flavia,"Very clean appartment, close to groceries and metropolitan. However i would have liked to know prior that this is a house-share and that i would not meet the owners. Roomates are calm and the flat is absolutely not noisy. Gokhan and Ersal are very responsive and quick to reply. The bedroom is comfy and spacious.",5,"The apartment was clean and comfortable, but we would have liked to know it's a house-share beforehand."
1035339,74259105,2016-05-14,55227066,Carol,"I remember seeing a review saying that it's his fifth time staying in this apartment and now I know why.<br/>The place is in central London, conveniently located 5 minutes away from Holborn station. The inside of it is exactly shown in the photos - spacious, clean and modern. It has EVERYTHING you need, literally everything: shampoo, shower gel, olive oil, chilli flakes, even Chinese oyster sauce and more. Natalia is so kind that she prepared a basket of food sitting in the kitchen waiting for us. There is chips, chocolates, fruits and cookies. You can also find a loaf of bread, juices, milk and butter in the fridge. Home sweet home.<br/>Natalia was waiting for our arrival and showed us around. She is such a sweet lovely lady. It's been a pleasure meeting her in person. She has brought hospitality to a new level. Thank you so much Natalia!",5,"The apartment is perfectly located in central London with everything you need, and the host Natalia is extremely kind and welcoming."
11665555,86659228,2016-07-17,73362722,Jessica,"We didn't get the chance to meet Paloma, however she was very friendly when communicating and helpful. There is a nice restaurant downstairs which Paloma recommended to store our bags. The staff were friendly and it was very safe. It was easy to check in and out, and the area is very convenient with lots of supermarkets, restaurants and a short walk to Victoria station. The space could easily sleep 4 guests, however not a lot of room to store bags. Overall we enjoyed our stay.",5,"We enjoyed our stay at Paloma's place, which was convenient and had a nice restaurant downstairs."
7237625,741925043069991336,2022-10-20,44302778,William,"My stay at Camilla's home was perfect. Camilla is a very kind person with a lovely home. She provided the perfect balance of availability and privacy. The location is ideal. Four underground lines and the overground are within 10 to 20 minutes walk, depending on your pace. The stops for six different buses are less than 100 yards from her home for those wanting a shorter walk. The room is on the ground floor and with its own bathroom with shower enables one to come and go without concerns about disturbing anyone else.",5,Perfect stay at Camilla's home with ideal location and kind host.
782361090804736131,933984652083762353,2023-07-12,44935933,Ravi,"I couldn't have asked for a better experience after a long work trip in London. The hosts were like family, welcoming me with open arms and ensuring I felt comfortable throughout my stay. The room was cosy and inviting, with thoughtful touches that made it feel like a true home away from home. I'll definitely be returning!",5,Excellent experience at the hosts' place with welcoming atmosphere.
41131474,462866547254432711,2021-09-30,394406455,Laurie,"I absolutely loved my stay at Abbie’s wonderful apartment. I was desperate for somewhere clean and homely to stay whilst building work was being carried out on my own property, and I instantly felt so at home at Abbie’s place. The interior is stunningly decorated and has everything you need, and the garden is just beautiful. Abbie herself is a great host who is always there to help and is very friendly, but also just let’s you get on with things which really appreciated. I will be recommending this apartment to any friends coming to stay in London in the future!",5,"Loved Abbie's apartment for its cleanliness, homeliness, and beautiful garden."
1126243324745492997,1198524657015671720,2024-07-11,251028425,Melody,"We really enjoyed staying here - the apartment was spotless, exactly as described and shown in the photos, but felt much larger than expected. It’s in a great location, Angel tube is a short walk away and we walked with our luggage from Kings Cross. Fabulous restaurants, cafes, shops and pubs right around the corner. Highly recommend :)",5,Great location and spotless apartment in a fantastic neighborhood.
608431,1114401099117271909,2024-03-17,444158239,Thomas,"Caroline was an excellent host with a great home! This is a great place to stay if you're looking to explore Hackney, as it's quite close to many of the major sights in the area. Moreover, Caroline went above and beyond as a host, providing recommendations for the neighborhood and good conversation :) Would highly suggest this listing.",5,Caroline was an excellent host with great home and local recommendations.
27920779,1236215784465339477,2024-09-01,362791622,Anna,"Amy was a very nice host, provided us with a lot of information before we arrived and was very responsive when we had a question during our stay. The flat is located out of the centre of London but easily accessible by public transport and in a nice neighbourhood, close to the Broadway market. Everything was clean and exactly like the pictures in the description. We liked the cats, Moo came to say hi a few times 😊 good price-quality, would recommend for a few days in Londen when you don’t want to pay an enormous sum to stay in the centre of London.",5,Amy was a great host and the flat was clean and well-located for exploring London.
34116541,617246723145750979,2022-05-01,20381745,Makarand,"Excellent place if you are visiting London and want to go around. A couple of mins walk from the seven sisters underground station and around 12 mins to kings cross. Hosts are very nice and help you with everything. A small suggestion would be to have chat support for people who'd be checking in late, like I had some trouble getting the main door opened, but nothing too much. Superb, overall!",3,"Excellent place with friendly hosts, close to public transport and good value for money."
1024523364631092222,1036134672413382060,2023-11-30,33611113,Shannon,"Haewon's place was absolutely perfect for my needs - set in Chapel Market, it's close to all of London with easy access to tube, buses, restaurants, pubs and shops. It also happened to be a couple of doors down from my daughter's flat which made it all the  more perfect for me. Great space for a single, couple or family with small child. May be a bit tight for many more people as it is a true studio, as advertised. A fair number of steps from street to flat, so keep that in mind if any disabilities. I will definitely stay here again at another time.",5,"Haewon's studio apartment was perfect for my needs, located in a great area with easy access to London."
1207281495819825640,1295661353740713753,2024-11-22,524531165,Kris,"I had an amazing stay at Clarissa’s place. The convenience of being just steps away from cafes, shops, restaurants and public transportation made exploring the city a breeze. The room itself was cozy, clean, and well-appointed, providing a comfortable retreat after a day of sightseeing. The host was incredibly welcoming. I couldn't have asked for a better place to stay during my trip, and I will definitely be back.",5,"Clarissa's place was cozy, clean, and convenient, with a welcoming host and great location."
52560423,785344196038739061,2022-12-19,280797346,Emellia,Great experience to stay at Lisa's place.. the house is clean and neat.. really close to the Paddington Station.. just walkable.. public transport is just around the corner..  i advise to take a taxi first to go to the house if you're not familiar with that area.. after that it's really easy to go everywhere since it's only 6 to 8 minutes walk to  Paddington Station..,5,"Lisa's house was clean and close to Paddington Station, making it easy to get around London."
1038966635322875880,1176032453646069812,2024-06-10,579637166,Kalyan,"I recently stayed at Murray Stays' nocarz and had an exceptional experience. The apartment was exactly as described—spotlessly clean, cozy, and equipped with all the amenities needed for a comfortable stay. The location was ideal, situated close to major attractions and public transportation, making it easy to explore the city. The neighborhood was charming and safe, with plenty of great restaurants and cafes nearby.<br/>Murray Stays was an outstanding host, always prompt in responding to my questions and providing helpful local tips. The check-in process was seamless, and the thoughtful touches, such as fresh linens and complimentary toiletries, were much appreciated. Overall, I had a fantastic stay and would highly recommend this accommodation to anyone visiting the area. Thank you, Murray Stays, for making my trip so enjoyable!",5,"Had an exceptional experience at Murray Stays' nocarz with spotlessly clean, cozy accommodations and excellent location."
1175488909619407135,1231796808342220836,2024-08-26,218808483,Luke,"We stayed at Sam’s place for the weekend when going to the stadium. <br/>It could not be any closer to the stadium so the location was perfect. <br/>Communication before the stay was faultless, quick responses and always available to help. <br/>Sam met us outside to show us how to get into the building etc, was greeted with a smile and a friendly host. <br/>The space couldn’t have been cleaner, the private bathroom was spotless. The bed and pillows were incredibly comfortable. <br/>We had use of the communal living space but didn’t get chance to take advantage of this space or the kitchen due to our plans. <br/>Sam is the perfect host and can’t rate high enough for the apartment. <br/>Hopefully we’ll visit again!",5,"Sam's place was perfect for the stadium, with great communication, a clean space, and comfortable bed."
21718300,752765088530456921,2022-11-04,294341307,Satu,"We really enjoyed our stay at Marta’s place! The place was just as described, with a good location, also quiet and clean. Wifi worked well to work remotely and the apartment was well equipped. Such a cute flat on the top floor! Beware if you have difficulties to move or a lot of luggage, the staircase is quite narrow with many steps. Super easy check-in and it was easy to communicate with Marta. :)",5,"Marta's apartment was quiet, clean, and well-equipped, but be aware of the narrow staircase."
877445739927283278,960738413882040874,2023-08-18,238623812,Hyeongseok,"it is awesome! <br/>Marie is very considerate and can be as comfortable as my house. This apartment is beautiful, has everything you need for a comfortable stay, and you can feel a lot of ingenuity in the details. <br/>We have 3 peolpe-me, my wife and my daughter as 12 years old. The size of the apartment is very good and compact. It is the best location in central london. Victoria Station is a 10-minute walk away. Buckingham is a 15-minute walk and Big Ben and Westminster are 15 minutes away. There are many restaurants nearby. I will definitely stay at this accommodation again. I highly recommend it!",5,"Marie's apartment is beautiful, comfortable, and in a great location with many amenities nearby."
779487351008499569,917268852740367636,2023-06-19,163562606,Bogna,"Ruth is a wonderful host . She is very helpful and friendly and always available. The room is beautiful,the bed very comfortable. I had everything I needed and more . Ruth left some English essentials in the little refrigerator and of course some tea and biscuits. I will definitely go back there .",5,"Ruth's room was beautiful, comfortable, and well-equipped, with a friendly and helpful host."
1208955,929589989350473811,2023-07-06,312352936,Tu,"Lovely home, great hosts! We really enjoyed our stay here. The upstair shower is amazing, beds are super soft and comfortable, the hosts (and their lovely cat) are very friendly. Location is a bit farther out from main attractions but lots of buses around so commute was not a problem, plus side is that it's much quieter. Highly recommend!",5,Lovely home with great hosts in a quieter location but still accessible by bus.
656297270290189610,688291696466223198,2022-08-07,2797262,Nicholas,"Really fantastic apartment on the first floor of Kings St - right in the heart of Covent Garden. The apartment is super clean, well equipped with modern and high quality items, and Josh & Adi went out of there way to deal with some unusual check in requests. But the main selling point is that you are right there,  right next to Covent Garden, overlooking St Paul's church and gardens. If you don't mind the people and the liveliness - than you cannot go wrong. Many thanks to the team.",5,Fantastic apartment in the heart of Covent Garden with modern amenities and friendly hosts.
49288184,1275268714566457341,2024-10-25,154715512,Sofi,"Excellent séjour à Londres chez Joseph, en famille, avec nos 3 ados. Le logement est situé à deux pas des 2 gares de St Pancras et King Cross, et donc très pratique en terme de transports en commun. Il est très fonctionnel : la salle de bains est très pratique et la cuisine est super avec 4 feux à gaz et un grand réfrigérateur -congélateur. <br/>Ce logement nous a permis de nous poser en toute tranquillité entre des journées de découvertes intenses! Nous recommandons vivement le logement de Joseph.",5,Practical and comfortable apartment near St Pancras and King Cross stations with easy transportation.
767090884531850602,1272413275476959296,2024-10-21,576549175,Jane,Jacob greeted us and gave us a personalized orientation to the flat-which was a first and so appreciated. He was extremely friendly and made us feel at home. He also gave us a great history of the building and area. The flat was exactly as pictured-very clean and nicely appointed. Everything you could have needed to make a stay comfortable was available. When we did have a couple of questions Jacob answered them thoroughly and immediately. The area is perfect for walking to many attractions around London. The whole family loved it!,5,Friendly host Jacob provided a personalized orientation to the flat in a perfect walking location for London attractions.
567074007236766830,754259475940889081,2022-11-06,457769485,Armelle,"L'appartement est idéalement situé à proximité de Westminster dans un quartier calme et résidentiel. Cet appartement a du caractère et une âme du à la décoration raffinée. La cuisine est bien équipée et approvisionnee pour cuisiner. La communication avec Alex est facile, ces précieux sont conseils sont agréables pour passer un agréable séjour. L'appartement est propre, la literie bonne. Nous avons passés un excellent séjour dans l'appartement d'alex et sa compagne. Je recommande vivement cette adresse pour un séjour.",4,Charming apartment in a quiet residential area near Westminster with refined decoration and good amenities.
993355480487279839,1178857750814301075,2024-06-14,6414438,Travis,Great stay here. We stayed with two young kids while I had to work at Chiswick Business Park and was a 5 min walk and perfect. Host was very responsive… we had to turn heat on and he immediately did video call to coach me through. He was also flexible on both check in and check out which saved us with the kids and bags. We would stay there again for sure.,5,Great stay with a responsive host who was flexible on check-in/check-out times.
2025844,821642988038560196,2023-02-07,10862357,Fanny,"We stayed in Mark's accommodation for a work trip. It is remarkably central and close to the Russel Square station, quiet and warm (we previously had experiences of flats badly insulated and too cold in the winter). Mark's instructions for check in were clear and his communications always responsive. Also, it was nice to see one of these Brutalist buildings from the inside :)",5,Central and quiet accommodation with clear instructions from the host.
1009326420240926494,1039792081264362509,2023-12-05,489725116,Sonny,Absolutely perfect experience at Grant’s flat.<br/>It was decorated perfectly and had everything you could require. <br/> <br/>The bedroom is huge and the lounge/dining area is one of the best we have ever stayed in.<br/>The area is a great balance of a quiet road but very close to an amazing pub (The Bedford) and multiple great restaurants.<br/>Would definitely love to come back and would highly recommend Grant and Renita as hosts.,5,Perfectly decorated flat in a great location with a huge bedroom and excellent amenities.
1082342780924186421,1303628343300324621,2024-12-03,276616636,Hadassah,"Lyle was a very kind and attentive host. He sent all the information about how to get to the place and received me very well. The room is large, clean and the house is totally organized, I had everything I needed for my stay. It's close to the station and bus stops, so I had no trouble getting around. It was a short but excellent stay. I certainly intend to return!",5,Friendly and attentive host with a clean and organized room in a convenient location.
549406606686597033,1084738834967158303,2024-02-05,537047052,Iulian,Second time staying at Elias's place when visiting London. 10/10  for cleanliness of the bedroom and bathroom. Room looks 100% better than advertised due to being recently renovated. Great value for money. Friendly host and easy to talk to. Will be 1st place to check for availability when visiting London again. Thanks Elias,5,Clean and recently renovated room at a great value for money with a friendly host.
690426883209373639,853519948031305569,2023-03-23,412952153,Kiana,"This was my second time staying at this location, and it was great! Checking in and out was very easy, and Billie and Max were helpful and responsive. The location is nice to walk around, and convenient to the tube. The bed was very comfortable, and though the space is small, you have everything you need for a short stay :)",5,"Great location, easy check-in and out, comfortable bed, and helpful hosts."
22611077,262277173,2018-05-08,43912145,Kelly,"This place is great, the bed was a bit hard and pillows a bit flat but we made do! It’s a good location, close to everything. One flight of stairs to get to the first floor, but can take the lift which was helpful with our large suitcases. Very quiet, other nocarz-ers were hardly noticed. The rooms have locks on the doors so our stuff felt safe while we were gone. Kitchen was fully equipped with large refrigerator for food. Market and cafe close by. Easy pickup from Uber! Thanks Eddy!",5,"Good location, quiet, and safe with a fully equipped kitchen, but the bed was a bit hard."
1117458068368854629,1256428667813580332,2024-09-29,20668561,Shantanu,William's place is very conveniently located at walking distance from Earl's Court station and is perfect for a small family. The apartment is clean and has all the basic necessities one may need for a short stay. William is very quick to respond and was always just a message away for all our questions and concerns.,4,"Conveniently located near Earl's Court station, clean, and well-equipped for a small family."
29901107,492531910,2019-07-21,75748481,Tony,"Great place that is spanking clean, well setup with ample living space. Good safe and quite neighbourhood. <br/>The host Jackson is wonderful and thoughtful. He runs a pub nearby with great drinks and good food. Very warm and great conversationalist. Very genuine.<br/>A great place for families and a good place to explore Kew Gardens, Richmond Park, Westfield, Richmond and Hammersmith areas. Also very near to airport so you don’t need to rush. <br/>Would highly recommend this place.",5,"Clean, spacious, and safe with a wonderful host who runs a nearby pub with great food and drinks."
21801259,267674205,2018-05-22,20255630,Diana,"Wir waren ein langes Wochenende in London mit unseren 2 Kindern. Die Unterkunft  ist schön eingerichtet und man kann gut die öffentlichen Verkehrsmitteln erreichen, 10 Minuten bis zur Ubahnstation Mile End. Die Gegend fanden wir mittelmäßig schön, zwischen weniger schönen und schönen Straßen gelegen. Unser Auto haben wir für 10 Pfund je Tag im Innenhof abstellen können.",0,"Well-furnished apartment near public transportation, but the neighborhood was only mediocre."
2659707,1242678197039094311,2024-09-10,335820933,Marco,"Abbiamo trascorso un soggiorno fantastico a casa di Katherine e Craig! La casa è ancora più bella di quanto si possa vedere dalle foto: spaziosa e con un bagno privato direttamente nella nostra camera, un vero comfort. Katherine e Craig sono stati padroni di casa eccezionali, sempre disponibili e gentili. Abbiamo avuto modo di conoscere anche i loro due bambini, e ci siamo affezionati particolarmente a Jiro, che è stato davvero adorabile. Se torneremo in zona, senza dubbio sceglieremo di soggiornare di nuovo da loro. Un'esperienza davvero perfetta!",4,"Guests had a fantastic stay at Katherine's house, praising its beauty, comfort, and hosts' exceptional hospitality."
40340679,1202838175587022927,2024-07-17,409936034,Francesca,"Two unforgettable days in London, in a typical English neighborhood, well connected to the center.  The e house is bright and very cozy, with a lovely indoor garden. The bedroom with a very soft mattress and pillows.<br/>Deborah is the perfect hostess, very helpful and ready to help with advice <br/> We will definitely stay there again as soon as we can!<br/>Francesca e Maria",5,"Francesca and Maria enjoyed their two-day stay in Deborah's cozy London home, appreciating its location, garden, and hostess's helpfulness."
985535783555531979,1117333996702443423,2024-03-21,199351521,Heather,"All about the location. It’s in a walkable and busy section of London right at the center point. Walk across the street to Tesco, shops, plenty of restaurants, and the National Gallery.<br/>It was clean and convenient. It was   complicated and overwhelming for a weary traveler to get in, but once I found the key box, it was easy going. <br/>My only constructive criticism is that the beds are not very comfortable, and we didn’t sleep well in them. <br/>Host was very responsive helpful with every question that I had.",4,"Guest found the location ideal, but had issues with bed comfort and complicated check-in process, despite responsive host."
2051141,648233176,2020-08-08,265869525,Natan,Gute Lage (Farringdon) von da aus ist alles schnell und einfach zu erreichen. Kian Antwortet immer schnell. Leider kann man sein eigenes Zimmer in der Gemeinschaftswohnung nicht zuschließen. Wenn man spät abends oder nachts nach Hause kommt kann es sein das man unten warten muss bis jemand von Security kommt und dir die Tür auf schließt.,2,"Kian's apartment in a good location, but guests were unhappy about not being able to lock their own room."
39163970,542528692103825257,2022-01-18,216356793,Stephanie,Things I liked: location - very central. The space and quietness - bedrooms away from road to super quiet. The high thread count sheets. The well equipped kitchen - especially the food disposal unit (made it feel like home away from home). Simons responsiveness - we had some issues with the TV and he reacted quickly to resolve it. All very very good,5,"Guests praised the central location, quiet bedrooms, high-quality amenities, and Simon's quick response to issues with the TV."
12262814,440946536,2019-04-21,98215077,Angela,"I would highly recommend these accommodations for the excellent location, quiet surroundings, and fair amenities. This is about a 3 minute walk to the Sloane Square tube station, which connects to all the main attractions in London. As first time visitors to London, we were able to visit all the main tourist attractions, all within a 10-25 minute tube ride. My family and I were impressed with how quiet the neighborhood was- it was completely quiet at night and we were awoken by birds chirping in the gardens in the morning, which was nice. It seems to be a very safe area as well. It is close to Wulf and Lamb, which is a vegan restaurant we enjoyed visiting several times. I also appreciated the French press for morning coffee. The second (smaller) bedroom near the kitchen/living room does not have a door (which we were told ahead of time and didn't bother us), but is good to know as I imagine this could be an issue for some groups. The apartment was also clean and the check in was easy. I would be happy to stay here again!",5,"Excellent location, quiet surroundings, and fair amenities make this accommodation highly recommended."
11066627,1184706057273589560,2024-06-22,42915438,Marius,Alright to stay in if you’re going for a less expensive option. Kind of anonymous with the other guests in the flat. The location allows you to get around quickly. The building is super dirty from the outside. From the outside the building is. It so nice but inside the flat is equipped with everything you need. The squeaky floor and doors in the flat is a little bit annoying. The communication with the hosts was quick and helpful.,4,"A decent option for those on a budget, but the building is dirty from the outside and the flat has some annoying squeaks."
20104023,753247669,2021-04-30,291074960,Matthew,"Very nice, bright, well laid out flat with plenty of room for 2 of us.  Kitchen had essentials for cooking and clean sheets provided for sofa bed along with shower gel/shampoo.  Building work in adjacent flat with banging went on until around 9pm every day but not during the night.  Could get fairly noisy from the flat above the bedroom when people were moving about.  But all-in-all a lovely stay.",5,"This bright and well-laid out flat was perfect for two people, with essentials provided in the kitchen and clean sheets on the sofa bed."
883591048938183897,981026105784225097,2023-09-15,536568380,Colin,Extremely impressed with the accommodation and the welcome given on arrival.  Coffee making facilities provided.  Dedicated bathroom with good quality towels supplied. Host open for sociable conversation and helpful directions to restaurants etc.<br/>Great location  with good transport links to central London and Docklands.<br/>.<br/>Highly recommended  and will return on my next visit to the UK.,5,"The accommodation exceeded expectations, with a great location, good transport links, and a welcoming host who provided helpful directions."
989195000525792174,1014367031403929729,2023-10-31,469974837,Anna,"Questo appartamento è nel centro della zona dei teatri di Londra, ideale per spostarsi a piedi per esplorare la città. Il design degli interni è moderno e funzionale, adatto sia a famiglie che a gruppi. Il team di Welcome London è stato efficiente, comunicativo e gentile durante tutto il nostro soggiorno. Cinque stelle su tutto!",4,"This modern and functional apartment is ideal for exploring London's theatre district on foot, with efficient and friendly hosts."
16716169,266159455,2018-05-19,169148474,Angie,"Gilly’s place is very convenient. It is a few minutes’ walk to a national rail station and a bus stop right out of the front gate. It is a small clean cabin with everything you need. Gilly was responsive and polite, usually responded within minutes and it helped that she lives right next door. She helped wash our laundry and pointed us to a place to dry nearby. Before we arrived she stocked the place with fruit, drinks, and pastries for breakfast as described. She even restocked them during our 6 nights of stay. There is also a park nearby for walks. I would recommend for anyone visiting London to stay at her place. Gilly made our visit a great experience.",5,"Gilly's place is convenient, clean, and well-equipped with a friendly host who goes above and beyond."
236956,12272335,2014-04-28,11942827,Massimo,"Very pleasant experience!<br/>The apartment was clean, quiet at night, with all the comfort needed for a pleasant holiday in central London.<br/>Donovan, was very kind, both on welcoming, and to provide guidance on how to arrive and to leave the house, from underground and trains station.<br/>Highly recommended by an Italian family, Barbara, Massimo and Matteo.",5,"Donovan's apartment is quiet, comfortable, and centrally located with excellent service from the host."
1612301,16626559,2014-07-30,17669568,Rachel,"Really enjoyed our stay at Yvonne's studio - such a gorgeous place and perfect for what we needed on our trip. The studio has everything you need - tea, coffee, ironing board, hairdryer, coathangers, etc etc. Yvonne supplied plenty of information and maps on London and the local area. It's about a 15 minutes walk to the tube but there were plenty of bus routes close by. Yvonne was on holiday during our stay but we were met by her friend. We were much later to check in than expected because of reasons beyond our control but the house-sitter was able to meet us at a later time which was much appreciated. Yvonne remained in contact to answer any questions despite being on holiday herself - overall very happy with both host and accommodation.",5,"Yvonne's studio is perfect for short trips to London, clean, well-equipped, and has a friendly house-sitter."
50842117,473717668451360898,2021-10-15,9359883,Ana,"This was one the best nocarzs I stayed at (and I use nocarz a lot!). The cottage is very clean, the bed is comfy, the covered terrace area is excellent for your meals and in my case I used it as a work from home station. Wifi connection is great. I stayed here for 8 weeks and felt at home. Also conveniently located next to the Limehouse station (3 min walk) and several bus stops. There is a Tesco store super close by (5 min walk). I also liked that PureGym is only 5 min walking distance also, which for me was great, because I stayed here for a couple month and enrolled at the gym, which is affordable and doesn't require a contract. If you like running, there are several paths close by that go along the Thames.<br/>Tom was very communicative and flexible. He checked in on me to see if everything was to my liking and whether I needed anything. I told him that was a small problem, a ceiling leak when I used the bathtub, but it wasn't too big of a deal for me. He promptly send a plumber that fixed the issue on the following day.<br/>Overall an excellent experience, highly recommend it!",5,"Tom's cottage is one of the best I've stayed at, very clean, comfortable, and conveniently located with excellent service from the host."
383382,2615271,2012-10-15,3518053,Patricia,"I stayed together with my mother and my sister for 3 days in Francien's house and had a very great time there. Francien supported us with a lot of good recommendations regarding restaurants and shopping locations, directions etc before our trip started.<br/>Francien's house has a very good transport connection to the city center. I totally recommend this accomodation to everyone who looks for an affordable and homelike accomodation. <br/>Thank you Francien for all your help and support.<br/>Bis zum nächsten Mal. Viele Grüße, Patricia",5,Francien's house is an affordable and homelike accommodation with great transport connections to the city center.
1319498,759250750405792224,2022-11-13,444112178,Jorge,"Casa muy acogedora en un barrio precioso. Tiene unos gatos preciosos y super cariñosos. Está a 10 minutos de una estación de tren, 15 de una de metro y 5 de una de bus. Habitación limpia y cuidada. Nosotros no estuvimos mucho con Deborah, pero parece muy agradable. Por la noche el barrio da un poco de miedo, pero solamente el último tramo hasta la casa (porque está muy oscuro).",4,Cozy house in a nice neighborhood with friendly hosts.
6179409,291011331,2018-07-15,36643462,Peter,"This is what I sent to the lovely hosts:- ""Charlie and Lee, what can I say? A truly perfect nocarz experience! I can't thank you enough for sharing your lovely home with me. Needless to say, if I'm ever needing a room in SW London, your place will be my first port of call. Thanks again. Peter."" You will not regret staying in this lovely home.",5,Perfect nocarz experience in a lovely home with great hosts.
43007471,1027484814412577161,2023-11-18,543815014,Evelin,"We were 3, including a disabled person on the electric scooter and it was really accessible appartment on a ground floor. It has 2 stairs from bedrooms to the bathroom or kitchen, so we slept on the couch in the kitchen-living room and had free stairs access to the bathroom.<br/>Untill new guest arrived it was surprisingly quiet, no traffic on the road, really awesom.<br/>I strongly reccomend this appartment if you want to enjoy in Camden. <br/>P.s. London is great for tourists with electric scooters or wheelchairs. <br/>We'll be back",5,Accessible and quiet apartment in Camden with easy access to public transportation.
1177530,359146098,2018-12-16,17616817,Jack Hymel,"It’s worth it to be in the right location and this place is just that. This is a quite place located in a happening neighborhood. Conveniently located to the tube or walkable to many sights and locations. I would highly recommend this place to anyone, and plan to stay here when returning.",4,Conveniently located place in a happening neighborhood with easy access to tube.
967119933342222498,1189809341871277544,2024-06-29,56973905,Andre,"We booked Michelle's house for a family vacation with 7 adults. Everything was perfect and Michelle's house was the ideal accommodation for us. The house is beautifully furnished, and everything was provided as described. The kitchen and outdoor area offer plenty of space to enjoy the time together. The amenities are of very high quality, and the accommodation is in excellent and clean condition. <br/>There are pubs, restaurants and shops nearby and several underground stations are reachable within about 10 minutes walk distance. Michelle is a great host and always responded promptly to our questions.<br/>We thoroughly enjoyed our vacation here and would book Michelle’s accommodation again at any time.",5,Perfect accommodation for family vacation with great amenities and location.
1219751088996933521,1280466267222700635,2024-11-01,66158845,Marcello,"Sicuramente abbiamo lasciato l'appartamento molto più pulito e rifornito di come l'abbiamo trovato (mancavano: la carta igienica, attrezzature sufficienti per cucinare, prodotti per la pulizia in cucina, per l'igiene e per la pulizia della casa). Per consumare i pasti, il tavolo è per 2 persone perchè ci sono solamente 2 sgabelli per sedersi, essendo in 4 questo era un grosso problema. Reattività di Levan non pervenuta (i codici del wi-fi ci sono giunti la sera prima di partire), non ci ha mai chiesto come andava il soggiorno, il servizio di accoglienza è stato totalmente inesistente, assolutamente non in linea con i canoni soliti di nocarz. L'appartamento non era adeguato a livello di pulizia in generale, non ci sono mobili e quindi non si sa dove mettere i vestiti. Non consigliamo assolutamente di pernottare in questo luogo, non tanto la zona geografica (sicuramente siamo in periferia, ma comunque in circa 20/25 minuti si è in centro con la ""tube"" da Turnpike Line). Sconsigliato.",3,"The apartment was not clean and lacked basic amenities, with poor communication from the host."
7141356,65278608,2016-03-12,55375066,Emma,"Our host Tina was there on arrival to show us around  and easily contactable. She could not have been more helpful. The flat was exactly as shown, more spacious than we thought and very good quality soft furnishings, it's really charming and comfortable. We felt at home, and have a good experience in London with my colleagues.<br/>And the location is great,5-6 minutes walk to Earls Court tube station and the rest of shops, restaurants and pubs around the area.<br/>Much appreciated, and  definitely recommend!",5,"Our host Tina was very helpful and the flat was exactly as shown, more spacious than expected."
572245473003088736,667212035602024554,2022-07-09,69692060,Renee,"A group of 5 of us stayed here for two nights. It was overall a great stay and only a 5-10 min walk from a tube station. We appreciated the provided soaps, and had we needed it, the kitchen seemed well-equipped. We were visiting in July so it was quite warm (no AC or fans). Communication was always great, and we would still recommend to other groups looking to stay together in London.",5,"A great stay in a well-equipped apartment, close to a tube station, with good communication from the host."
1056348737760420985,1147772565044336240,2024-05-02,528118886,Faizan,"It was fine, just some dirty shared spaces. There was one other person staying there so not sure if the other resident made them dirty, or if the cleaning was inadequate. <br/>Other than that, it’s very close to the airport and Nagendra was quick to respond. I just wish he would have helped more with the cleanliness.",1,"The shared spaces were dirty and could have been cleaner, but the location was convenient for the airport."
22802740,531418933,2019-09-17,8488505,Seoyoon,"It was a great place to experience life in London. Tim's house has two large bedrooms, the cozy living room with kitchen and one toilet. We stayed just two, but I think it'll be big enough for two couples (four people). It was well heated, hot water was always served. It was a pretty house  with cozy interior design. There were a good audio and various cooking tools, we could feel like staying in London. The location is 6 minutes walk from Aldgate Station. It was convenient to use the subway or bus. Check-in/check-out was also very convenient. If you have a point of caution, there are no elevators here, just like most of the Flats in the UK. It may be a little hard for people with heavy luggage to climb the narrow stairs on the third floor. Overall, it was a very satisfying accommodation :)<br/>런던 라이프를 경험할 수 있는 멋진 숙소였습니다. 넓은 거실 겸 부엌과 넉넉한 침실 2개, 화장실 1개로 이루어진 플랫으로 저희는 2명이서 이용하였지만 2커플(4명)이 이용해도 충분할 것 같습니다. 난방도 잘 되고 뜨거운 물이 상시 나왔으며 아침에는 따뜻한 햇살이 비추는 예쁜 집이었습니다. 인테리어도 감각적이고 좋은 오디오와 다양한 요리도구들도 갖추어져있어서 영국의 가정집에 지내는 기분을 느낄 수 있었습니다. 위치는 Aldgate역에서 도보로 6분 정도 소요되는 곳으로 지하철을 이용하거나 버스를 이용하기 편리하였습니다. 체크인/체크아웃도 매우 편리하였습니다. 주의할 점이 있다면, 영국 대부분의 Flat이 그렇듯 이 곳에도 엘리베이터가 없습니다. 짐이 많고 무거운 분들은 3층의 좁은 계단을 올라가기 조금 힘들 수도 있습니다. 전반적으로 무척 만족스러운 숙소였습니다 :)",5,"A great place to experience life in London, with a cozy living room and kitchen, close to Aldgate Station."
682256300552521226,869434386355085857,2023-04-14,6716272,Amy,"I had such an incredible stay with Barbara! The space is lovely and has everything you need, including a perfect balcony to sit and read in the morning sunshine.  The location is perfect- peaceful area but very close to restaurants shops the tube and anything else ur looking for.  Barbara is an incredible and thoughtful host tipping off a perfect stay with incredible hospitality.  Would highly recommend and would definitely go back.",5,"Incredible stay with Barbara, perfect location, lovely space, and excellent hospitality."
589138930814145890,948451709756554436,2023-08-01,147569774,Anastasiia,"It was my first nocarz experience and I’m so happy that this experience was good. Mark is very helpful and respectful host, always here when you need help or advice. Really nice person.<br/>Room for two was amazing: huge bed, enough place for suitcases and it was so bright and clean. <br/>My partner and I were staying in Mark’s place for 1 month. Absolutely recommend 💫",5,"Great first Nocarz experience with Mark, helpful host, clean and bright room."
7876870,71661476,2016-04-27,36806080,Bernardita,"Absolutely perfect!<br/>The apartment is fantastic, nice decor, comfortable living and bedroom, and just what it is needed in the kitchen and bathroom. Beautiful view to a small back garden. <br/>Quiet street, beautiful neighborhood, with gardens nearby, and close to everything we needed. Seconds walking to the bus and rental bikes, 2-3 minutes walk to the tube, supermarket, pharmacy and lots of restaurants.<br/>Ayaz was an amazing host, so kind and ready to answer any question. Thank you so much!<br/>I would definitely recommend and rent it again",5,"Perfect apartment with Ayaz, fantastic decor, comfortable living, and great location."
489405,98159301,2016-08-29,14402533,Tom,"My girlfriend and I stayed for 5 nights in late August-early September 2016. It suited us perfectly, being right near Hoxton Overground Station and a 10 minute walk from Shoreditch's busy area. There's also a good coffee place called Beagle right at the station.<br/>Andy's place is clean, spacious and relaxing, as is the guest room itself. It's covered in art and indoor plants. It's a shared bathroom arrangement, but this was no problem. Andy also kindly made fruit, tea and coffee available for us each morning and we felt comfortable using the kitchen and fridge. Communication was easy.<br/>The are two things worth noting. First, the spare room faces the Overground train line, which is a bit noisy with the window open, but fine when it's closed. Also, the blinds aren't great at blocking light.<br/>Overall, we had a great stay and we'd definitely recommend Andy's place.",5,"Clean and relaxing stay at Andy's place, perfect for exploring Hoxton and Shoreditch."
1208693693071484376,1281860805045834173,2024-11-03,465426716,Gianluigi,"Robert and Antonio were absolutely exquisite! They both welcomed my boyfriend and I in their lovely house, making feeling just like at home.<br/>It's not always easy travelling with your partner and feeling safe in a stranger's house, but Robert and Antonio never made us feel such way. On the contrary! They were funny, helpful and very sweet. And chatting with them was extremely delightful. <br/>We could have not asked for better and we are so glad we chose them for our short staying in London! We certainly know where we will stay next time we are in town!",5,"Robert and Antonio were excellent hosts, making us feel like home with their lovely house and warm hospitality."
38723140,932501732976187571,2023-07-10,33174366,Jessica,"This is in a great location (15 mins to Kings Cross station, lots of food and groceries). The host, Justyna, is super friendly and very timely and clear with her communication. We never met in person but she definitely exceeded my expectations with how easy she was to reach.<br/>I couldn't rate this stay any higher as this is a family home that is very much lived in with toys and clutter everywhere. It was uncomfortable to walk into a space that didnt feel prepared for paying guests. The pillows on the beds were cushions and very uncomfortable, there was clutter everywhere (unlike the photos in this listing), things shoved behind the couch. We had 5 adults staying and the sofa bed was going to be used. It clearly hadnt been pulled out and checked beforehand as there were things that had fallen down into the lounge. There was also a fair bit of dust and dirty tea towels left in the washing machine. Two of our party (another couple) were so uncomfortable they stayed in a hotel instead.",4,"The host exceeded expectations with communication, but the space felt unprepared for guests due to clutter and uncomfortable pillows."
28421205,1256425521987392066,2024-09-29,78946254,'Zaira,"A Truly Exceptional Stay - 10/10!✨<br/>I’ve used nocarz countless times, and I can confidently say Gulcan is the best host I’ve ever had! She went above and beyond to ensure my stay was comfortable and enjoyable, even taking care of me when I wasn’t feeling well. Her hospitality, kindness, and genuine care really set her apart.<br/>The flat itself was spotless, well-appointed, and perfectly located in London. Everything you could need is within walking distance—fantastic shops, parks, and the beautiful Victoria Park’s Pavilion just within walking distance. The bus stop nearby (8) connects you directly to Shoreditch, the City, and Liverpool Street, making it super convenient to get around.<br/>Gulcan’s communication was excellent from start to finish, making the whole experience seamless. I couldn’t recommend her place highly enough—it’s truly a gem. If you’re looking for an incredible nocarz stay, this is it! Thank you so much, Gulcan, for making my time in London just peaceful!",5,"This was a truly exceptional stay with a spotless, well-appointed flat in a perfect location, thanks to an excellent host."
886311182939788749,1307166193860922958,2024-12-08,26066846,Helene,"Quartier très vivant et tendance, résolument ""the place to be"" pour plonger dans la vie londonienne ! Proche des transports, de restaurants, bars et marchés sympa. Appart cosy et hôte très accueillant, avec des conseils précieux et des attentions charmantes, comme des fruits ou encore un petit mot laissé le matin ;) On s'est senti à l'aise et dans une atmosphère bienveillante. Merci encore Stepan !",3,"The area is lively and trendy, the apartment is cozy, and the host is very welcoming and helpful."
965816585357643979,1205024093684799525,2024-07-20,61718274,Jacqui,We thought the area was great but very noisy with train line under bedroom windows and only air con in 1 bedroom. Needed windows open but too noisy. Getting to the apartment was a hassle getting into 2 different lifts and a long walk. But apartment was lovely and comfortable. And very good area . Host was also very helpful.,5,"The area was great but noisy due to a train line under the bedroom windows, and getting to the apartment was a hassle."
30495851,609281403526491838,2022-04-20,116419261,Jean,"I like the privacy and the great functionality of the pods. <br/>This is a large operation, without a communal kitchen, so less chance for meeting others, outside of the associated bar. Depends what you're looking for.<br/>This is not a very quiet place. But again, depends what you're looking for.<br/>Overall appears well managed and very safe.",5,"This is a well-managed and safe place with private pods, but it's not quiet and depends on what you're looking for."
980778832620544879,1216583673746066295,2024-08-05,62917369,Domenico,"10mins walking distance from Westminster Abbey. Supermarket around the corner. Overall the neighborhood seemed pretty safe. The apartment was quiet even if it is a part of a big building with over 50 apartments. <br/>4 stars and not 5 only because the place is super tight! It can sleep 4 people, but if you have a baby and place the crib in one of the rooms, you run out of space.<br/>Overall a good experience though.",5,"Quiet apartment with good location, but small space for 4 people."
579757392637509408,952728888694297482,2023-08-07,336033663,Aurélien,un logement fonctionnel pour quelques jours de vacances à Londres. nous étions 4 amis pour 3 nuits et nous avons très bien dormi. Calme et détente sont de rigueur. Matt le propriétaire toujours réactif en cas de questions sur le logement ou sur la ville de Londres. Très bon rapport qualité prix. <br/>petit bémol : La porte de la salle de bain qui frotte sur le sol et donc difficile à ouvrir. A changer des que possible ou faire quelques petits travaux sur celle ci.,2,"Functional accommodation with good value for money, but bathroom door needs repair."
17570049,625940656487731568,2022-05-13,291644977,Becky,"Absolutely gorgeous stay. The room was so beautifully decorated. Such great attention to detail - heaps of books, coffee and tea, comfy pillows and blankets, lots of towels and so many toiletries for guests to use in the bathroom. I needn’t have brought anything, the hosts covered it all. The bed was so comfortable and I slept so well. Perfect location just a stroll from train stations. Easily got around today and yesterday! Great communication from Steph who was very helpful in giving me info about routes etc. Close to a lovely park, skehans pub and a vibrant cafe too. Would defo recommend this place. Thanks Steph!",5,Beautifully decorated room with great attention to detail and perfect location.
21721662,848437372094204169,2023-03-16,50466874,Jessica,"El alojamiento de Philip nos precio muy bueno, todo estaba limpio y equipado, Phillip no estaba pero estuvo en contacto todo el tiempo pendiente de cualquier cosa, nos dejó hacer el check in más temprano y salir más tarde. La zona queda cerca al metro y es muy fácil llegar al centro. ¡Todo estuvo muy bien!",2,"Good price, clean and equipped apartment with helpful host."
644588649379145480,961433803785098174,2023-08-19,470937309,Bernd,"Great place, great host. Lovely flat in a really nice area. The flat is nicely decorated and has everything you need so you can feel right at home. Stephanie is a brilliant host and goes out of her way to make you feel comfortable. Came here already the second time and will probably do so in the future. Highly recommended.",5,"Lovely flat in nice area with everything you need, highly recommended."
20827529,242593388,2018-03-12,156302937,Ting,"Thanks Gary provide such a nice place for staying. The location is very convenient, can easily get to Central London & Gatrick Airport. Station, restaurants and supermarket is nearby. Every details in the apartment is considerate and thoughtful. It makes us had a good time in UK. Before we arrived, Gary answer all my enquires in a timely manner. And while we stay, Gary and Irina also helped us a lot. I would definitely choosing their place to stay if I travel to London again.",5,"Guest had a great stay at Gary's place, convenient location and thoughtful details."
939829767477051738,1188293280287776080,2024-06-27,213337633,David,Absolutely perfect base for our visit to Kew Gardens. Local shops and restaurants top notch and underground nearby for getting around. <br/>Lovely room and welcoming helpful owners. Really nothing to criticise except the regular planes on their way to Heathrow going over the area. But there’s nothing they could do about that.,4,Perfect base for visiting Kew Gardens with welcoming owners and nearby amenities.
51181529,513603055354375682,2021-12-09,10278372,Ángela,"The apartament is very well located, close to tube stations and bus stops. It has everything you may need to enjoy your time in London, comfortable beds, big bathroom, nice kitchen and even a lovely garden! Everything was spotless and the check in was very easy (in a hotel near by). Thanks a lot for everything, Florence!",5,"Apartment is well-located, clean, and has everything needed for a comfortable stay in London."
15332243,482422185,2019-07-06,41871791,John,"This place is amazing! If you're staying overnight near Heathrow and need to sleep, this is your ideal location! It's about 10min from the airport with an Uber. Prem (Nidhi's husband) was there to welcome me, incredible hospitality. The room and bathroom was sparkling clean, slept great. He helped give me directions on how to catch the train to Tower Bridge and also stayed up for me to get back in. <br/>Would definitely stay again and longer if I get the chance next time!",5,Ideal location near Heathrow airport with sparkling clean room and excellent hospitality.
1248501816372520422,1261511424122063659,2024-10-06,87793119,Ly Kim Suan,"Desservi par des bus menant au central London (Kensington via le 6 par exemple) en quelques minutes, le logement est parfaitement bien situé. Nous sommes arrivées très facilement de Gatwick.<br/>Sachant que nous allions arriver plus tôt et que le logement ne serait disponible qu’à 15h, nous avions demandé un early checkin, que nous n’avons malheureusement pas eu. Les informations arrivent donc pile à quinze heures. <br/>La sécurité du logement est top et simple, on accède au bien grâce à des différents codes. Pas de perte de clés possible.<br/>Enfin l’appartement est très agréable, très cosy. On déplore juste une trop « petite » salle de bain par rapport au reste mais elle reste tout de même très fonctionnelle et jolie.<br/>Gros de coup de cœur sur la propreté!<br/>Tout est neuf, le matériel de cuisine ainsi que le mobilier, c’est nickel !<br/>Enfin LA LITERIE est divine : couette et oreillers de qualités supérieurs, matelas parfait ! Mieux que dans certains hôtels 5 étoiles. Nuits de rêves assurées 😴💛",5,"Guest had a pleasant stay at this apartment, well-located and secure, but small bathroom was a drawback."
4420247,55424801,2015-12-01,47626848,Jose,"El contacto con Ben fue perfecto y rápido. Llegamos un poco tarde por el vuelo y aún así no hubo ningún problema en recibirnos. Muy cerca de la parada de metro y en un barrio bastante bueno con supermercados, restaurantes y demás.<br/>La casa increíble. Con calefacción para ese frío londinense, habitaciones muy confortables, casa bastante moderna con todas las comodidades, patio compartido muy agradable...<br/>Nos facilitó unas instrucciones con el manejo de Internet, calefacción, mapas y demás. Incluso teníamos un regalo de bienvenida para nuestra llegada.<br/>Perfecto y sin ningún problema.",1,"Perfect experience with Ben's contact, great location, and wonderful house."
23852456,819437829031679504,2023-02-04,327788680,Dominic,"Alexandrian's place felt not like traveling, more like being home. It has enough space and even a nice garden and the kitchen is super well equipped. You can cook anything you can imagine, wich I have never seen in an nocarz. Very good location close to Jubilee line and tower bridge. We'll definitely come back.",5,"Alexandrian's place felt like home, spacious, well-equipped kitchen, and excellent location."
924588351401557847,1083999469114612991,2024-02-04,502330157,Raman,"Nice apartment and location and as described , the only issue which made our stay unpleasant is that  the bed linen had a strong BO smell and felt like someone had slept in it for sometime.. not tolerable at all so we had to make do with the lounge sofa bed",4,"Nice apartment and location, but bed linen had a strong BO smell."
28626349,725981436049203999,2022-09-28,241582136,Tyler,"The flat was located in a perfect spot right above the Borough underground, very easy to get to every part of the city and even walkable to the Borough Market which I say is a must see. The pictures don't do the floor to ceiling windows justice, the light was amazing. Very clean and updated, will be back",5,"Perfect spot with easy access to city, great light from floor-to-ceiling windows."
1671684,322117674,2018-09-12,5218298,Allison,"Aurelie’s place was great for my stay in London. The location is great with buses and trains a short walk (including train to & from Heathrow), plus there is a coffee shop just up the road and a pub in case you want to have dinner close by.<br/>The room was a good size and the bed was super comfortable. I would stay again next time I am in London.",5,"Aurelie's place was great for my stay in London, comfortable room and good location."
3113236,26047185,2015-02-02,24144775,Jeni,"What a fantastic place to stay! We arrived in the early hours so Piers had arranged for us to receive the keys ahead of time and was quick to respond to any questions we had,  not that we had many as there was brilliantly clear information before and during the stay.<br/>The apartment is beautifully decorated and was spotlessly clean with possibly the comfiest bed I've ever slept on and a fantastic shower. <br/>The location is also perfect, with a tube station literally a minute's walk away and close to lots of bars and restaurants yet in a very quiet and safe feeling street. <br/>Would definitely look at staying here next time I visit London,  we didn't want to leave!",5,"Fantastic place with great location, clean apartment, and comfortable bed."
628126550590589240,846280929228700245,2023-03-13,157697777,Melanie,"Overall, our stay at Sole’s place was great. The location was fabulous and it felt very safe. The apartment was spacious, clean, and comfortable and ultimately suited our needs. The only issue was that the water that came out of both showers was extremely hot and we weren’t able to control the temperature. Aside from the excessively hot shower, the apartment was great and I would recommend this place!",5,"Great stay in a spacious, clean, and comfortable apartment with some minor issues with the shower temperature."
52646069,1187637952847731641,2024-06-26,116106521,Embrentia Cornelia,"Value for money!  It is in the middle of all the sights in London with nearby underground stations. This place is surrounded with pubs and bars, although it wasn't disturbing and we as girls still felt save. Thank you for all the help when we called you and your kindness. We will definitely visit again!",5,"Excellent value for money with a central location, friendly hosts, and nearby amenities."
46887593,425925774390477416,2021-08-10,290483802,Kitty,"Wonderful secluded cabin that provides a peaceful retreat from the hustle and bustle of London whilst being close to the Tube station so that you can go out and explore during the day! Amazing feng shui, very comfortable bed, attentive hosts and the most gorgeous furry friends who came to say hello during our stay!  Would definitely recommend staying here!",5,"Wonderful secluded cabin with great feng shui, comfortable bed, and friendly furry friends."
1189669038932582713,1294954294569601089,2024-11-21,7227249,Emma,Ciarans flat is beautiful. Top floor with a brilliant view of London skyline. Watching the planes fly over was also very relaxing and I did not hear them. Parking was brilliant. The bustop is right by the entrance of the court which was great to get in and out of central London. Richmond center was walking distance. The decor is lovely. The flat was spotless. It was very peaceful and there is a lovely outdoor space if needed. <br/>Negatives - There is no radiator in the bedroom (which may not be an issue for some) but we stayed during cold weather which made the bedroom feel very cold through the night (I always pack a hot water bottle which was handy).<br/>I would definitely recommend this flat and area to others.,5,"Beautiful flat with lovely decor, peaceful atmosphere, and convenient location, but some issues with bedroom temperature."
6524579,1170992622948743789,2024-06-03,509372336,Will,"We can't praise Simon's place highly enough. <br/>We stayed here for a week to escape and study near London and it couldn't have been better. The flat is bright and clean, it was an ideal spot to focus and study whilst also being homely and relaxing.<br/>The outdoor terrace was a particular treat- we had a great time using the BBQ and pizza oven. Evenings sat out with a drink were a highlight. <br/>Simon was an excellent host and always on hand to contact. The guide to the apartment was exceptional. <br/>We enjoyed exploring Crouch End- a lovely family vibe with fantastic parks and places to eat. Getting into London was straightforward on the bus then the tube. <br/>Thank you for a wonderful stay!",5,"Guests praised Simon's place for its cleanliness, comfort, and homely atmosphere, with excellent host service."
35180049,563657417655002940,2022-02-16,166653031,Linda,"John provided a safe and super comfortable space for me and my friend. The breakfast tray in the morning was amazing and super thoughtful, and he made us feel super welcome and comfortable during our whole stay. Barney was also lots of fun! Would recommend this stay to everyone who’s visiting London!",5,"John provided a safe and comfortable space with thoughtful touches, making guests feel welcome and at home."
40131861,1015185719697593153,2023-11-01,119109035,Roman,"Tamsin and George are really great hosts - we always felt very welcome during our stay. The apartment itself is very comfortable, with two bedrooms and two bathrooms, a well-equipped kitchen and comfortable couch. There is a washing machine and a lot of other helpfull stuff in the apartment. The apartmen is in a good location, Victoria station is very close and there are lots of restaurants and a supermarket in short walking distance. The apartment is above a fish and chips restaurants, this means that we sometimes noticed the smell from the retaurant and in the bedrooms we heard the ventilation until the restaurant closed in the night (still we could sleep well). Since we arrived late our hosts even bought some food and drinks for our first breakfast for us. All in all we can highly recommend the apartment!",5,"Tamsin and George's apartment was highly recommended for its comfort, location, and helpful amenities, despite some minor issues."
3855375,225059976,2018-01-05,31940068,Ting,"Flat was near St Pancras, but not that close to the underground. Few store and restaurant nearby. But Paul supplied sufficient food and drinks to us like biscuits, croissants, water etc. Wide space, easy to talk, clean bedroom and bathroom. Washstand was so small that I always wet my shoes when washing my face. Stairs were a bit noisy.",5,"Guests found the flat spacious and clean, but noted some drawbacks such as a small washstand and noisy stairs."
46633721,728881276657752764,2022-10-02,461532335,Julie,"The apartment was great with all amenities as listed.  We hadn't stayed in that area before and had no issue with noise at night - this could be because of the apartment we stayed in. The bed was very comfortable, the shower was hot and we had a brilliant stay. Communications were excellent, all information was clear and Alex replied to any questions or comments promptly. We would definitely stay there again",5,"The apartment was praised for its comfort, cleanliness, and excellent communication from Alex, with no issues at night."
27545759,357473472,2018-12-10,76871456,Eeva-Kaisa,"Katyas place is just what it is told. Was good for family of four, walking distance to Big Ben or London Bridge. Tube station next to appartment and many busses go by (to Hyde Park, Westfield shopping center...) Still as peaceful as it can in a big city be. <br/>We got quick answers to anything what we wnted to know. <br/>Thank you Katya! And your collegue too.",4,Katyas place is well-located for family of four with good transport links.
29927361,496210156,2019-07-27,197461900,Nayantara,"Steve's place is a 5 minute walk to Camden Market, so there are plenty of things to do both during the daytime and at night. The flat is also a 5 minute walk to Chalk Farm tube stop, so it is extremely well connected. Steve was a very generous host--he responded to messages quickly and tried his best to accommodate our needs. If you are looking for a flat in a lively area with easy access to central London, Steve's flat would be ideal.",5,Steve's flat is a lively area with easy access to central London and plenty of things to do.
15142392,1008575309820278221,2023-10-23,21215488,Queenie,"Peter and his family were great hosts! They were very friendly and accommodating. <br/>The room was on the small side but very cozy. There wasn’t enough space to lay out both our luggages, but the wardrobe had more than enough space for us to unpack our clothes into. It was a small room but we had everything we needed in there! <br/>It was a nice residential neighbourhood so it was very peaceful and quiet at night. We found that the tube station was a little further than expected, but it wasn’t a problem as the bus stop across the road took us to most of the places we needed.<br/>Would definitely stay here again!",5,Peter's place is a cozy room in a peaceful residential neighborhood with friendly hosts.
551425697119223752,742567667437849744,2022-10-21,322682383,Saloni,"The apartment was amazing. It was very clean and the host Mr. Syed has been of great help. He replies back to any issues within minutes and the service provided by him was amazing. This apartment is at the best location from central London with a bus stop at the doorstep which reaches in 5mins to the nearest underground. There is a local general store just opposite the apartment for any emergency groceries which has been very convenient for me. Overall the apartment has the best location, cleanliness, and the host. I would definitely recommend this apartment further.<br/>Thank you.",5,"Mr. Syed's apartment has the best location, cleanliness, and service in central London."
21676258,346361558,2018-11-08,112296110,Em,"I booked this private room for my mother who was visiting London for a few weeks: the apartment is in a very convenient location in De Beauvoir Town, a stone's throw from Regents Canal, with a Tesco Express downstairs and a bus stop right outside the front door. The area is within easy access to good pubs, restaurants and cafes. The room and private bathroom were as described, everything was clean and neat. Daniel was amazing with communication, with fast responses and answers. I asked to extend the booking by a couple of days and he was able to accommodate it. Check-in and check-out was such a streamlined process, and Daniel's instructions were clear and easy to follow. My mother enjoyed her stay :)",5,"Daniel's private room is conveniently located for access to good pubs, restaurants, and cafes."
1021071604656182300,1266567145365165583,2024-10-13,60099396,Ben,"Had a great stay at Chaims nocarz. <br/>Description and photos all accurate, extremely spacious! A perfect place for a group of friends for a couple of nights, at a great price too<br/>Very close to the Stamford Hill overground station which was great to have<br/>Would not hesitate to book this again in the future, thanks Chaim 👌🏼",5,"Had a great stay at Chaim's place, perfect for groups with plenty of space and close to public transport."
45895036,1110026000903456617,2024-03-11,75219653,Kirsty,"The location was on a quiet road you have the luxury of a  short walk to the trendy part of town, Upper street has plenty of restaurants and bars to choose from. The accommodation is exactly what was advertised it is a lovely quirky place with the luxury of a jacuzzi. I would highly recommend.",4,"The location was quiet but close to trendy Upper Street with restaurants and bars, and the accommodation had a lovely jacuzzi."
624278970175963108,811418995716638480,2023-01-24,198761152,Jika,"The place is locating in a very accessible  place to all tourist areas (within 1 hour). You have the option of traveling by train or bus+subway, so even if one of the transportation stops working (which happens during my stay), you will be able to find a way to travel to the city. The place is located in a safe neighborhood and I felt very cozy. This place definitely gives you a home-stay vibe. The hosts are vey communicative and enjoy having communication with you. Strongly recommend this place if you are visiting London.",5,"This place is located in a safe neighborhood, easily accessible by public transport, and has a home-stay vibe with communicative hosts."
1044238059974617323,1162902977009090221,2024-05-23,322759602,Abhishek,I stayed at Fethiye's for 3 days to show my parents around in London. They were very happy with the room and the amenities. We had a lovely balcony where we had afternoon tea. Fethiye was very helpful and my mum became friends with her. There is a nice walk along the canal to the Limehouse basin. I highly recommend this place!,5,"Fethiye's place was perfect for showing my parents around London, with a lovely room and amenities, and a nice walk along the canal."
11474031,281147202,2018-06-24,168630497,Casey,"This house is absolutely stunning! My family stayed here while in London and everyone was blown away by how beautiful this space was. It was clean, spacious and absolutely gorgeous. Everything was comfortable and the house had plenty of room for everyone. It’s in a good area close to restaurants, shops and not a long walk from the tube. Fern was a delight and everyone loved staying here. Would highly recommend especially if you have a bigger group of people.",5,"This house is absolutely stunning, clean, spacious, and gorgeous, perfect for bigger groups with plenty of room to stay comfortably."
12151294,927407257393998366,2023-07-03,338397051,Nathalie,"Nous avons beaucoup apprécié notre séjour d’une semaine dans cet appartement.  Les instructions étaient claires pour l’entrée, l’utilisation des appareils et elle a rapidement répondu à une interrogation quant au wifi.  Nous considérons l’emplacement comme absolument idéal pour les visites; le quartier est charmant.  Nous avons beaucoup utilisé le métro (Westbound Park) et quelques fois l’autobus (stations à quelques pas).  L’appartement, bien qu’il s’agisse d’un rez-de-jardin, est quand même lumineux. Je crois que l’annonce devrait néanmoins préciser cette information.  Nous n’avons rien à redire sur la propreté des lieux.  De nouveau, nos remerciements sincères à l’hôte Natacha.",2,"Guest had a pleasant week-long stay in the apartment, praising its location, cleanliness, and host's responsiveness."
229684,53855854,2015-11-13,35103578,Owen,"Everything with our stay at this listing was fine. The room, house and location were all as described and pictured. Roland is very friendly and nice and the rest of the people in the house were nice also, it was a relexed atmosphere. Our room was clean, comfortable and warm. It is a 15min walk to Surrey Quays station but there is a bus stop closer to the house if you dont feel like the walk. Overall good stay and would recommend.",5,"Guest had a good stay at the listing, finding it as described, with friendly hosts and a relaxed atmosphere."
664959402841111690,852085235896892190,2023-03-21,494955670,Ramona,"Das war unsere erste nocarz-Buchung und es hat alles super geklappt. Der Vermieter hat uns alle nötigen Infos gegeben und stand, wenn wir ihn gebraucht hätten, zur Verfügung. Das war top!<br/>Das Apartment ist schön - genau wie auf den Fotos. Die Betten sind bequem und die Küche hat alles, was man braucht. <br/>Die Lage ist etwas außerhalb. Aber mit Bus und Bahn super zu erreichen (vom Flughafen ist man in ca. 45 min da und in die City kommt man in 15-20 min). Bushaltestelle ist direkt in der Nähe und in nur 4 Stops erreicht man die Bahn.<br/>Apartment liegt an einer gut befahrenen Straße. Zum Schlafen aber kein Thema, da die Schlafzimmer nach hinten raus gehen.<br/>Einkaufsmöglichkeiten (Supermarkt, Kiosk) sind in der Nähe und zu Fuß erreichbar. Zum abendlichen Spaziergang mit Bars und Pubs ist es jedoch nicht geeignet. <br/>Alles in allem haben wir uns wohl gefühlt und können das Apartment für einen London-Trip empfehlen.",0,"Guests were satisfied with their first nocarz booking, praising the owner's helpfulness, apartment's comfort, and location's accessibility."
18985963,1195578229069636476,2024-07-07,1701432,Laura,"Very good location. Walkable in 10 minutes to Camden Town and tube. Very easy check in. The windows are very old and don’t open well and none of the curtains/voil in the bedrooms block out the light. More decorative than functional. We ended up putting blankets over them to make it dark.  Equipped with plates, cutlery, hairdryer and iron etc which was useful. Nice quiet neighbourhood. The mattresses are really uncomfortable and spring-y so could do with replacing and the bathroom sink was blocked which we mentioned but remained blocked for your stay. Overall fine for us we had a good time. Loir was responsive and nice to deal with",5,"Guest had a good time at the listing, appreciating its location, but noting some issues with old windows, uncomfortable mattresses, and a blocked bathroom sink."
3087374,909254210034196351,2023-06-08,92047614,Kelly,"Great location! Staying on the high street was amazing! So many restaurants, cafes, shopping right there! We loved the area! Communication was fabulous and very helpful. We were a family of 4 (19 and 16 year old kids) and the second bedroom was not big enough for both of them<br/>But there were extra linens and my son slept on the couch. Overall, great stay! Thank you so much!",5,"Guests loved the apartment's great location on the high street, praising the area's amenities, communication, and helpfulness of the host."
23950919,267313359,2018-05-21,44830441,Karissa,"This was a great stay--the room was very comfortable, use of the fridge was nice, and Ramona and Aris (her little dog) were great hosts--Aris enjoys lots of people company. =) The location was super convenient, very close to Archway Station, grocery stores, restaurants, everything (as well as the workshop I was attending). I'd definitely recommend this place--thanks, Ramona!",5,"Great stay at Ramona's place with comfortable room, convenient location, and friendly hosts."
741070447819197091,1189076077705784786,2024-06-28,21075661,Mary Elizabeth,"Mike was a great host. Always quick to respond to messages and his instructions were super clear. The space was perfect for us and had all the amenities we needed for a 10 day stay. Mike was so wonderful at making sure that the accommodation was comfortable for us. We had a slight issue in the kitchen upon check in and Mike coordinated for it to be taken care of straight away and without any disruption to our trip. Super grateful to know that if something wasn’t quite right, he made sure it was going to be fixed in a flash. We are very familiar with the area, but Mike’s place is perfectly situated in Hampstead. Easy walk to the tube, restaurants, shops, the Heath - everything you need within a minute or two walking distance. <br/>Thank you Mike and see you next time!",5,"Mike was a great host who provided clear instructions, quick responses, and a perfectly situated accommodation."
2839143,23685296,2014-12-08,21862008,Kathrina,"Davey's flat was beautiful and comfortable- just like in the pictures, except a wee bit cold and that could be because it is winter time. <br/>Davey was an excellent host, always texting, asking to see if we were getting on alright. He left some essential food supplies which really came in handy!<br/>Location is perfect, as very close to the DLR station and also a nice walk into the town of Greenwich. <br/>I would stay here again the next time i go to London. Greenwich is a beautiful area and would love to come back when its warmer! <br/>Thank you Davey for being an excellent host. ",5,"Davey's flat was beautiful and comfortable, with excellent hosting and a perfect location near the DLR station."
26060276,923061995118899339,2023-06-27,233911846,Emi,"Debbie & Sean’s home was an absolute pleasure to stay at.<br/>Everything was effortless and smooth; quick response via message when needed, check in and check out was a breeze. Treat their home with respect and care like yours and it’ll feel like you’re right at home. Gorgeous art work and design everywhere. Comfortable and spacious double room, pristine and elegant. Warm and welcoming host with great conversations was just the cherry on top!<br/>We thoroughly enjoyed our stay and we look forward to returning.",5,"Debbie & Sean's home was an absolute pleasure to stay at, with effortless check-in/check-out, great conversations, and welcoming hosts."
799429348033460195,875928876529102775,2023-04-23,44434248,Victoria,I had a wonderful stay at Momen's place. The check in process was easy and access was private. The neighourhood was safe to walk in with easy access to public or private transport. Momen was super helpful with recommending places to go and things to do and was super responsive whenever I reached out. I will definitely be coming back. Thank you Momen!! You are an awesome host!,5,"Momen's place had a wonderful stay with easy access, safe neighborhood, and super helpful recommendations from the host."
51771278,1160822732840570503,2024-05-20,195558089,Martyn,"lovely place to stay,  very responsive host, allowed us to check in early which was great, tube station is a short walk away which is ideal, there are also 2 shops next to the station that stay open late for general bits and pieces<br/>no issues with the stay unsure if its mentioned but they provide, towels, an iron, hairdryer, pots and pans for cooking, kettle, so everything you need, smart tv and wifi worked great too, shower has good pressure, bed is soft but more than comfortable enough<br/>towel rail runs off the central heating so be wary as this can run very hot!<br/>cant fault the place to stay, definitely recommend it,<br/>thank you",5,"Lovely place to stay with responsive host, convenient location, and all amenities provided."
21118268,1192722013619024934,2024-07-03,348955519,Emily,"We stayed in London for 4 nights, and this was extremely convenient to three different Underground stations. There is a lift up to the flat, and it is easy to get inside. <br/>The bathrooms, furniture, and floors were all very clean.  The towels were super clean and comfortable and smelled nice.  The rooms are really spacious for London, and there is plenty of seating in the living/dining area. The washing machine works great and is easy to use. <br/>The building itself (neighbors) is very quiet inside, and the normal London street noise isn’t bad since the building is set back from busy roads. When the windows are closed it’s fine for sleeping. <br/>Nada was always quick to respond and she immediately solved the few issues we had. She is one of the most responsive hosts we’ve had in our stays.<br/>If you are looking for a convenient and affordable place for 5 - 6 people, this is a great option.",5,"Convenient and affordable flat for 5-6 people with clean facilities, quiet building, and responsive host."
2446110,31690347,2015-05-09,5638773,Fanny & Gaël,"Hôtes très charmants et disponibles pour glaner des informations et discuter de tout. <br/>Ils nous ont même improvisé un soir un petit diner sympa à 4 alors que rien ne les y obligeait, si ce n'est le soucis de faire plaisir.<br/>Nous recommandons vivement leur accueil.<br/>Localisation de leur appartement pratique en plein centre de Clapham South juste à côté de la station de métro, même si le prix à payer pour cette commodité est un environnement forcément un peu bruyant.<br/>",2,Charming and available hosts who went above and beyond to make guests feel welcome in a central location.
20304259,1041210105004780488,2023-12-07,54060580,Christoph,"Faye konnte mich nicht persönlich in Empfang nehmen, aber sie versorgte mich unmittelbar mit allen notwendigen Informationen, wie ich selbst ins Haus gelangen konnte. Die Kommunikation verlief zu jedem Zeitpunkt reibungslos. Das Haus ist modern und hell eingerichtet, Küche, Bad und Schlafzimmer sind gut ausgestattet. Die Unterkunft is geräumig und ruhig; die Umgebung lohnt es erkundet zu werden. Kann ich auf alle Fälle empfehlen.",0,"Modern and well-equipped flat with easy communication from host, located in quiet area worth exploring."
14129891,178958333,2017-08-06,116036312,Pawel,"My first Air BnB experience, and what an experience it was! A truly beautiful and luxurious home from home. Gemma is a great and flexible host, she accommodated not only me but also my daughter who came to visit, and my bicycle. Not only that.. Gemma received on my behalf packages I forwarded to her address. What else can one expect? Walking distance from the tube and a shop, a pub and a bus stop on the doorstep. Thank You Gemma for sharing your home with us!",5,"Luxurious home away from home with flexible and accommodating host, perfect for first-time Air BnB users."
29300275,1261515568701579785,2024-10-06,654286308,Sean,"I didn't actually sleep there the Sunday because the area was having what seemed like a street party with fireworks. However this isn't the hosts fault. She was really nice and the actual apartment itself looked nice. The area was the problem for me, im not used to being started on 3 times for simply looking a certain way. <br/>However if you're not phased by that, her apartment is lovely, as is she :)",5,"The host was nice, but the area had a street party with fireworks that made it difficult for the guest to sleep."
16985403,458772144,2019-05-26,21265761,Weiyi,"The location is good for travellers visiting London. Overground station is 5 mins walk and 1 stop to Victoria station. Although visitors have to pay 2.50 pounds for 1 stop, there is a cap of 7 pounds a day so it is not too expensive to get around London by train. There is a Tesco nearby for groceries shopping. One thing to note, if visitors are coming with heavy luggages, both nearby train stations do not have elevator so I would suggest taking bus 44 if you are coming from Victoria station. There is an elevator in the apartment building so that is fine. Overall, I would say that the apartment is good for a short term stay in London. We stayed 5 days and 4 nights in this apartment and basic necessities were provided. Please also follow the host instructions closely when checking in.",4,The apartment is in a good location for travelers visiting London and has basic necessities provided.
1122835,281605129,2018-06-25,13527014,Michael,Amanda was very patient with my late arrival (flight delays). Her place is super quiet; I heard neighbors just lightly close doors. It’s also an uber creative space—colorful and detailed. Two little foxes came each night outside the bedroom window—sweet creatures that sat side by side. I looked forward to catching a glimpse of them each evening. Location is convenient—nearby grocery and Underground stop is very easy once you know your way to the apartment. ,5,"The host was patient and accommodating, and the apartment was quiet and creatively decorated."
14736107,120411204,2016-12-10,61813044,Màriam,"No podemos estar más contentos de nuestra primera experiencia en nocarz. Irma fue una anfitriona fantástica. Nos recibió con gran hospitalidad y nos facilitó todo tipo de información. Nos sentimos como en casa. En lo referente al barrio, éste está a una hora del centro en bus y sus casitas adosadas son encantadoras. <br/>La casa de Irma está cerca de un supermercado, de distintos pubs ingleses para tomar una pinta e incluso comer o cenar, de un estanco para recargar la tarjeta del transporte y comprar sellos, un buzón delante de este establecimiento y variedad de sitios para degustar comida in situ o en takeaway.<br/>Y para los amantes de los animales, Sarita es la perrita de Irma. Una dulzura peluda y juguetona.<br/>Recomendamos la casa de Irma si vais a visitar la ciudad de Londres. Quedaréis muy satisfechos.",2,The host was fantastic and made the guests feel at home in a convenient location near shops and pubs.
4828854,707801191505063835,2022-09-03,131221634,ZiLong,"We had a great time in London and this place was a fantastic location to base ourselves. We went to Harry Potter Studios via Euston, France via King's Cross Eurostar, Camden Town by bus, K-Town New Malden, and it was made so easy by the location of the stay.<br/>The house has everything available including kitchen, washing machine and dryer. The house has a really strong feline smell, so it might be a deal breaker for you if you don't like strong animal smells, and the adorable cats like to go everywhere.<br/>Unfortunately, we were so busy for our honeymoon, so we didn't get an opportunity to talk to Caroline much, but she was very accommodating and kind! Thank you very much for hosting us!",5,"The apartment had a great location for exploring London and had everything needed, but there was a strong feline smell."
198279,53128243,2015-11-05,5385836,Sei,"I enjoyed my stay with Radhika and Lorenzo. They were very welcoming when I arrived. Lorenzo is a laid-back and creative interesting person. We had great conversations about music, travel, manga, etc. Radhika is very friendly and helpful. When I had a trouble with my Oyster card, she helped me call customer service to clarify the question. The room with a comfortable double bed was very clean. And the bathroom was new and functionable. The location is very convinient to the tube (District line, Hammersmith & City line) and Overground. <br/>I would definitely recommend staying with Radhika and Lorenzo!",5,"Guest had a great stay with Radhika and Lorenzo, who were welcoming and helpful hosts."
22286887,296281285,2018-07-25,61330417,Marianne,"Wonderful stay from start to finish! The apartment is beautifully decorated, very spacious and airy. We spent several night in and it was so so lovely. Super close to the park (London Fields) which was ideal for us with young kids. <br/>Kim and Ben were amazing hosts - very professional, friendly and kind. Quick responses leading up to the booking, and positive interactions. <br/>I would recommend this place to anyone - the pictures don’t do it full justice, and the location is perfect if you are looking to stay in this area of town - lots of cafes, restaurants and bars/pubs within easy walking distance while the house itself is very calm and peaceful. ",5,Guest had a wonderful stay in Kim and Ben's beautifully decorated and spacious apartment.
47311407,520803190958793929,2021-12-19,425882349,Cate,"This apartment is fantastic. The location is excellent, literally around the corner from a tube station. The apartment itself is furnished beautifully and is fabulously clean. The beds were very comfortable, kitchen had everything you could want. Pauline, our host is so friendly and welcoming- she even provided some welcome snacks and fresh milk!<br/>Highly recommended. Will happily return here next visit to the city.",5,"Guest loved Pauline's apartment, which was clean, comfortable, and perfectly located near a tube station."
21785128,728371221,2021-02-01,68598745,Scott,"Convenience and comfort in a nutshell! Perfect for a short stay if you need to work in London - could not be closer to Borough station. Beds lovely, everything you need in a kitchen, washing machine is a little fiddly, but so convenient - only thing to be warned, the stairs up and down will challenge your fitness!",4,"Guest found the apartment convenient for work trips due to its proximity to Borough station, but noted some minor drawbacks."
56229,42841254,2015-08-16,33777930,Sarah,"This is a fantastic apartment (small like most in London) but very clean and in a good location. Boris was helpful and friendly when we arrived. I would stay at this apartment again. The local area has a few good restaurants and a bit of shopping, but the location to the underground made it super easy to get anywhere. ",5,"Guest had a good stay in Boris's clean and well-located apartment, which was suitable for their needs."
1060723171316833911,1212938218562865530,2024-07-31,32424804,Cassie,"Neil was a helpful, efficient and friendly host and his place is definitely a home from home. Well-equipped and beautifully appointed it was a perfect place for our stay in NW London. The apartment is on 3 levels and felt more like a house. We had great weather and enjoyed our meals on the roof-terrace. Great location near a lovely park with excellent transport links. We look forward to staying again. Thanks very much!",5,"The host Neil was helpful and friendly, and his apartment was well-equipped and beautifully appointed."
874463,938312288344995672,2023-07-18,523060947,Luise,"Das Zimmer war sehr schön. Ich hatte anfangs Probleme beim Schlüsselkasten, doch dabei wurde mir von mehreren Menschen geholfen. Durch Overground und Bus bin ich gut in die City of London gekommen. Ich fand es sehr schön nach einem trubeligen Touri-Tag ins ruhige Hackney zu kommen und dort durch die Hackney Marshes (nur ca 15 Minuten vom nocarz entfernt) zu spazieren. Tesco und M&S sind ebenfalls zu Fuß zu erreichen und die Fußgängerzone bot viele Cafés. Ich habe mich sehr wohl gefühlt.",0,"The room was beautiful, and the location in Hackney was quiet and convenient with good transport links."
28294706,852044597875467479,2023-03-21,28686721,Dennis,"It is a nice area in Fulham and the apartment is closed to supermarket, bus stop and tube.  Emma is a very good host and our flight arrived London early in the morning and she lets us check in earlier.  Everything works fine.<br/>I will definitely stay in this place if I visit London next time.",5,"The apartment is located in a nice area of Fulham, close to amenities, and Emma was a very good host."
416238,90676655,2016-08-01,7845592,Pete,"This was a great place to stay.  The apartment is comfortable.  If you, like we, are there during hot weather, you'll love the windows you can open in all directions.  All the systems like kitchen, laundry, and bathroom work well.  The location is ideal if you want a quiet retreat a short tube ride from all the main London attractions.  Hampstead itself provides a lot to do.  Fenton House, 2 Willow Road, the Camden Arts Center, and Kenwood House are all reasonable walking destinations.  the high street has useful shopping.  The side streets have cozy pubs - special recommendation for the Holly Bush.  Sam and his friends were easy to work with before and during our stay.",5,This comfortable apartment in Hampstead was an ideal quiet retreat with easy access to London attractions.
38086924,782459645477416427,2022-12-15,439617893,Ronit,The place is located at a very convenient site (and right by Arsenal stadium!) The description matches the expectation and worth what you get for the price. We had a limited stay just to sleep the night and so would recommend if the stay is to just have a place to crash. Nothing more!<br/>Hearty thanks to the hosts :),3,The place is conveniently located near Arsenal stadium and matches the description for its price.
12863377,92470790,2016-08-08,2591418,Jesús,"Kimberly was a very nice host, the communication with her was good before and during the stay. The flat was very comfy, and the location also was very convenient, quite near to the city centre in a nice neighbourhood. As a negative aspect, the house wasn't all clean as it could be.<br/>Overall, the stay was good and the flat is recommendable, and the value for money very good also.",5,"Good stay with a comfy flat in a convenient location, but not perfectly clean."
566652929432078709,1218079106825201570,2024-08-07,28695123,Ricarda,"Wir haben unseren Aufenthalt bei Ruth von der ersten bis zur letzten Sekunde genossen. Sie war äußerst flexibel und sehr verständnisvoll, als unser Check-in sich wegen ein paar Schwierigkeiten bei der Anreise deutlich nach hinten verschoben hatte und empfing uns sehr herzlich, obwohl es schon spät in der Nacht war. Ruths Wohnung ist sehr liebevoll, kreativ und stimmig gestaltet und sehr sauber. Das Zimmer selbst ist nicht sehr groß, aber groß genug und sehr gemütlich; auch das große Fenster war toll, um bei der Hitze gut lüften zu können. Wir haben ein paar praktische Tipps zur Nutzung des Bussystems und Restauranttipps bekommen und den Aufenthalt in Hackney und London generell für uns perfekt gestalten können. Danke für die super Erfahrung! Wir würden uns freuen, beim nächsten Aufenthalt in London wieder bei Ruth buchen zu können.",0,"Excellent host and accommodation, very flexible and welcoming, highly recommendable."
21576083,1060799956254751426,2024-01-03,46035040,Noëlle,"We stayed over New Year’s in Kew Gardens, not easy to find a space in London with 3 bed rooms! This felt like home immediately and had a well equipped kitchen and bathroom, living room and 3 decent bed rooms with good beds, exactly what we were looking for! It was also very clean and well maintained<br/>It was a short stroll to the tube and in 35-45 minutes in de city centre, very easy! The area itself is residential but there are some nice restaurants, bakery, organic store and minimarts <br/>Would definitely recommend for family stays!",5,"Well-equipped and clean home with 3 bedrooms, perfect for family stays near Kew Gardens."
17630677,513385681,2019-08-19,33387299,Ernst,"Das Haus liegt in einer typischen englischen Siedlung zwischen Brockley und Nunhead. Es ist mit Liebe eingerichtet und sehr gepflegt. Die Kommunikation mit der Vermieterin funktioniert gut, in unserem Fall via Whatsapp. Für wen es kein Problem darstellt, in London nicht unmittelbar im Zentrum zu wohnen, findet hier genug Raum für die ganze Familie. Einziger, kleiner Nachteil: die Kästen sind mit privaten Sachen der Vermieter gefüllt und somit nicht nutzbar.",0,"Lovely and well-maintained house in a residential area, but some rooms are not usable due to owner's belongings."
53534002,649874668066053711,2022-06-15,428795067,Nina,"For 2 people traveling as friends, the place is quite tight and definitely feels small. The photos enhance the look of the size, so I would only recommend this for a solo traveler. Along those lines, no Wi-Fi was extremely difficult for people from different countries and there was no hand soap provided. Overall very clean, good location but complicated to find once you reach the building so clearer instructions for the unit would’ve been helpful. For the right person it would be great.",5,"Small accommodation suitable only for solo travelers or those without Wi-Fi needs, with some minor issues."
9257162,74205822,2016-05-14,31547695,Sohyun,"ms.Cherry is really nice host.I spent very good time with her house.It's very clean,warm and Cherry was very kind.I feels like a home. <br/>she help me a lots of things until I stay in London.<br/>I'm very glad to stay at her house. <br/> I'd like to stay her house when I visit in London again :) <br/><br/>",5,"Guest had a great time staying at Cherry's house, feeling like home and receiving helpful assistance."
5494642,124575502,2017-01-02,64632177,Alessandro,"SUPER CONSIGLIATA! Ho alloggiato con amici nell'appartamento di Jennie per le feste di Capodanno 2017. Lei si trovata all'estero per le vacanze e quindi non l'abbiamo incontrata, ma è stata super carina e disponibile via messaggio per spiegarci tutto sulla vita londinese e le regole di chek in/out. Quando siamo entrati nell'alloggio abbiamo trovato il contratto nocarz sul tavolo con una bottiglia di prosecco (Love u Jennie :) ). La casa è arredata molto bene, dotata di ogni comfort e Jennie mette a disposizione un super televisore, un impianto stereo con centinaia di CD e molto altro! <br/>La posizione è ottimale, a 50 metri dalla metro (Linea Picadilly) che porta in centro in meno di 10 minuti.<br/>Quando tornerò a Londra spero di poter alloggiare di nuovo a casa di Jennie :)",5,"Guest highly recommends Jennie's apartment, praising its cleanliness, comfort, and excellent location."
401330,37329107,2015-07-06,31901020,Amelia-Jane,Room was really nice and very clean. llona was the perfect host she was really flexible and helpful giving us plenty of recommendations as to where to eat and the best routes to get around. It's a really good location close to Finsbury Park and transport links.<br/>Would recommend 100% and will stay here again next year :),5,"Guest had a wonderful stay at Ilona's place, appreciating the room's cleanliness, flexibility, and helpful recommendations."
1124294,11398540,2014-04-01,5301122,Kathrin,"Our stay at Bronwyns house was a success. The room is nice and quiet and it's great to have breakfast in the garden behind the house. Everything is clean, the bed is comfortable and we could use the kitchen when ever we wanted.<br/>Bronwyn is a very uncomplicated and nice person.<br/>",5,"Guest enjoyed their stay at Bronwyn's house, praising its quiet room, garden breakfast option, and friendly host."
33729226,1228181908398915686,2024-08-21,501015593,Liberty,"Inna was a lovely and welcoming host! Inna always responded super quickly which is always so reassuring - Inna was kind enough to allow us to check in early so we didn't have to lug our belongings with us. the room itself is lovely and spotless - dining table, mini fridge and kettle all supplied for you. there was wardrobe space which was also a bonus!<br/>not that it was an issue for us at all! but there was a dog at the property which barked initially but did eventually settle and didn't hear them again after this really and we didn't see the dog once - just thought it might be good to mention for future guests. <br/>it is near the 83 bus which takes you to wembley stadium, less than 3 minutes walk away. so easy to find thanks to Google! would definitely come back if I go to another event, thank you so much again! 😄",5,"Guest had a great experience with Inna as a host, appreciating her quick responses, welcoming nature, and convenient location."
28972269,613593490405072191,2022-04-26,128839958,Hugh,"We found Natasha to be an excellent host. She offered very good advice about places to eat, things to see, travelling around etc. The apartment is excellent in every way.  We were a group of 4 and we would highly recommend this apartment.  <br/> If we were visiting London  again,  we would love to go back here.<br/>Kilburn tube station is minutes away and provides  a direct link to the city centre.  Also very accessible from Luton Airport on Thameslink train.",5,"Excellent host and apartment, highly recommended."
1142704527542736291,1217281656586064631,2024-08-06,119056081,Andrea,"Great nocarz in the heart of Angel!   Celine is a very responsive and welcoming host.  Directions and instructions were all clear and concise.  The flat is so bright and cheery!  Very clean with a spacious bedroom and bathroom.  Living area is a bit on the small side with a small sofa and eating area, but very welcoming.   Bed is small for 2 adults, but comfortable.  We arrived and there were no towels, however Celine responded immediately and delivered towels within 2 hours for us.  It was hot during our stay but a great cross breeze can be achieved in the flat, as well as a portable fan.  Would highly recommend this area and flat for visitors to London.",5,Welcoming host and clean flat with some minor issues.
852572951360378958,939785127727290839,2023-07-20,522899560,Matthew,This neighbourhood is quiet and safe with very easy access to the city. The bedroom was very cosy and the bathroom was spotless. Arianna cooked  a delicious breakfast for me every morning and was a wonderful host overall.. I would happily recommend her to anyone looking to stay in the area!!,5,Quiet and safe neighborhood with a wonderful host.
49609088,613609610724992641,2022-04-26,57666672,Maurice,"Kommunikation: hervorragend / phantastisch.<br/>Lage: sehr zentral/gut gelegen, wenn auch die Gegend selber nicht unbedingt schön ist, eher ein bisschen heruntergekommen wirkt.<br/>Check-in: verlief absolut problemlos, obwohl wir erst ganz spät einchecken konnten.<br/>Die Sauberkeit entsprach leider nicht ganz unseren Vorstellungen / Ansprüchen: <br/>grundsätzlich staubig, insbesondere auch in den Schränken, Geschirr teilweise dreckig, insbesondere auch Pfannen, Fenster sahen aus, also ob sie noch nie gereinigt waren, die Rollos bei den Fenstern waren klebrig unappetitlich, usw. <br/>Hinzu kam, dass es im Lift immer wieder fürchterlich stinkte.",0,Central location but cleanliness was a major issue.
48928524,658575195233953130,2022-06-27,78440505,Julienne,"As I had to be in London for 6 weeks, for both work and vacation, Nick’s 1 BR apartment at Clapham Junction was cosy and comfortable, making my 42 days stay a home away from home. <br/>The location is well connected to the City as well as central London by bus, tube and rail. The view from the apartment especially for sunset are just amazing especially after a long day at work.<br/>Good selection of restaurants, cafes and pubs all around the area within 10-15mins walk, depending on which direction one takes. Location, accessibility and amenities are all 5 out of 5.<br/>However, its most unfortunate that during the last two weeks of my stay, the lift leading to the apartment on level 5 broke down. After more than two weeks, the lift was still not repaired which made the climb to the apartment a real chore. Nick was not only apologetic but was kind enough to provide help with my luggages on the day of my checkout.<br/>As the saying goes, there is no perfect apartment, because if there is one, please don’t go, cos we will spoil it! Like a home, things do get spoiled… and I just hope it gets repaired soon.<br/>I know I will definitely be back at the apartment should I head back to London for work or play. Thanks again Nick!",5,"Cosy and comfortable apartment with great location, but lift broke down during stay."
19707526,963600838557284263,2023-08-22,465449267,Lisa,This apartment was very clean and the neighborhood had good restaurants (the Lebanese was our favorite) and handy markets.  It was a little further from the Tube stations than I would have liked.  We were often going into the center and might book closer next time.  It was quiet and comfortable and we appreciated having a lift when moving our luggage from the third floor.,5,"Clean apartment with good restaurants and markets nearby, but a bit far from the Tube stations."
47846305,740978717,2021-03-21,113971386,Abhishek,"Great place for a stay in Central London, just steps away from St Paul's. The kitchen is fully equipped for a short stay, the shower is great, and the whole studio was spotlessly clean. Hotel quality bed, pillows and sheets made it a joy to sleep. The hosts were very responsive and accommodating to our needs.",5,"Great studio in Central London with fully equipped kitchen, spotlessly clean, and comfortable bed."
7188835,488723040,2019-07-15,74181037,Hanna,"The thing that amazed us most about this place was how quiet and close to nature it was, in spite of being so central and in a very lively part of London. <br/>Our room was spacious and full of light as described, but the description didnt mention that the large window of the room as well as a door from the kitchen opens onto a tiny courtyard with blackberries that were being picked by wild birds, pigeons or a cute grey squirrel. We left the window blinds open, because it was so delightful to watch the animals, and no street or window is overlooking that courtyard.<br/>Rather than taking the tube, we took a ride on the doubledecker bus from the centre of town, driving past Regents Park and its great mosque and other amazing sights to someone coming from another country (Hamburg, Germany in our case). The front door is in quite a busy street with great pubs, stores and restaurants from delicous ans atmospheric persian cuisine to genuine fish and chips. <br/>When you enter, you pass through the house that faces the street, cross a lovely courtyard where Amit and his guests spend warm evenings among potted plants. Then you enter his house, which is tiny and very old - one of the oldest of the district we were told - but renovated to the highest standard on the inside. One little detail - in the glistening white kitchen, instead of a kettle there is a ""quooker"", which is a function of the tap on the kitchen sink that gives you instant boiling water for your tea or coffee! You are also free to use the gas cooker, a small and large oven with all functions you could wish for, a whole shelf in a clean fridge and free access to spices and condiments you might not want to buy or bring for a short stay. There are two dishwashers as well, which can be handy.<br/>We were sharing the flat with Amit and Trish, who are quiet, considerate and friendly flatmates, making you feel totally at home but also very much at ease and free to move as you wish. Sharing the bathroom with a wonderful walk- in shower was not a problem, since there is a second toilet and Trish let very early to go to work, whereas Amit seemed to only appear when you needed him.<br/>Also not mentioned was the pure spiritual atmosphere that is very important to Amit, the wonderful host, who took a genuine and wholehearted interest in our experiences and feelings at the meditation retreat we went to. He will also advise you on any aspects of your holiday you need help with.  <br/>So we were totally happy and will definitely stay here again if we return to this part of London.",5,"Quiet and central location with spacious room, lovely courtyard, and friendly hosts."
16132995,747689761009170724,2022-10-28,142212247,Desirée,"The room itself is clean and has everything you need. The host is really kind and gives you a warm welcome. It's easy to get to London Central from this address. There are a lot of busses near the place, so you won't be wainting too long to get there or anywhere else in London",5,"Clean room with everything you need, kind host, and easy access to London Central."
23884228,528082453,2019-09-12,17275233,Asmaa,"Highly recommended! Communication was excellent, from both Igor and his assistant. The flat is as per the pictures, it's a lovely place to stay and the location is excellent too, with Tesco and Sainsbury's just around the corner. It would be perfect for 2 people for a short stay, or for one person on a long-term basis.<br/>All in all I'd stay at Igor's place again! Thanks for having me :)",5,"Excellent communication, lovely flat in great location, perfect for short or long-term stay."
7167157,881767496815889912,2023-05-01,62891906,Tonya,Moran’s apartment is lovely. It had everything we needed for our 10 night stay in London. The location was so peaceful and only a short walk from Maidavale tube station. And the cherry on the top was just how accommodating Moran was with regard to checking in and out. Would definitely recommend staying here.,5,Lovely apartment with a peaceful location and accommodating host.
19455388,359035906,2018-12-16,160200792,Caitlin,"We had a great weekend at David’s place, we spent 1 night there and would highly recommend. David got in touch really quickly with arrival and check in details which helped us plan our trip and he kindly let us check in a bit early too and leave our bags so we could head off and explore London. Brillant room, fabulous views of central London and the Shard, great location, lovely breakfast and absolutely spotless bathroom - superb value! Thank you David.",5,"Great weekend stay with brilliant room, fabulous views, and spotless bathroom."
19669681,430355089,2019-03-30,126483989,Paula,This place is so close to tourist spots like Big Ben and London Eye. Train station is nearby as well. The neighborhood is pretty nice and the host is amazing. My sister and I enjoyed and visit to London and we liked the breakfast. The host is very friendly and helpful. I highly recommend this place.,5,"Excellent location near tourist spots, friendly and helpful host, and nice breakfast."
846552217617455546,970890113489719037,2023-09-01,431163038,Penina,"I had a very nice stay at this accommodation. The few disadvantages are that there is no form of air-conditioning (as noted on the listing) but a fan would have helped a lot. The other is that you can hear whenever anyone enters the building, and between that and the noise from the street it can be a bit much <br/>All interaction with Daniel was great, super helpful host and was easily reachable.",5,Nice stay but some drawbacks like no air-conditioning and noise from the street.
3190413,121017523,2016-12-13,53121040,Nathalie,"Appartement calme et idéalement situé (juste en face de portobello road !), quartier convivial et branché. L'appartement est propre avec ce qu'il faut, l'accès et l'entrée dans les lieux est hyper simple, et Roddy est un hôte charmant, toujours à l'écoute et prêt à rendre service. Je reviendrais avec grand plaisir, pour plusieurs jours cette fois-ci !! ",4,Quiet and ideally located apartment with a charming host.
50406391,723725193616372889,2022-09-25,190940271,Sumitra,"Amazing stay at Lucy’s! The location is perfect and central and easy walk to the stations. Had the best time exploring the city and staying here. Lucy was in constant communication with us and even let us check in early. Can’t say enough good things about our stay in London, and looking forward to coming back!",5,"Guest had an amazing stay at Lucy's, praising the location and host's communication."
54278565,896275477501049210,2023-05-21,44974075,Jake,"We had a great time in London – the unit's location in Kilburn is very conveniently located to the Kilburn Park tube station, and also very useful buses. The area also has a Tesco conveniently located around the corner, which was great. Michael was very communicative and responsive to messages.<br/>The unit itself was very basic, but comfortable. Definitely make sure to bring things like soap, shampoo, conditioner, detergent, etc. The place also may need a bit of a clean, as there were some ants when we stayed there. The laundry machine was also not working when we stayed, but it seems like that was an anomaly. <br/>Thanks for hosting us!",5,Guest had a great time in London but noted some issues with cleanliness and amenities.
14629728,337692478,2018-10-17,76400925,Craig,"Max and Billie were super responsive to messages and went out of their way to help us check on. <br/>However the apartment was a bit worn, had dusty blinds and a bit of a creaky bed. Not so much of a problem though since we were not there that often.<br/>Great location, near Notting Hill Gate (Central, Circle and District lines) so perfect for sightseeing.",5,Guest appreciated Max and Billie's responsiveness but found the apartment to be worn and basic.
743933138128370169,1086899745986101862,2024-02-08,31984237,Ryan,"Well-located, no frills accommodation. Room 6 is up lots of stairs so not accessible. The door lets a lot of light through and the hallway light is always on. The room could get quite cold and there’s not much space to move in, but it’s fine for a cheap bed to sleep in.",3,Guest described the accommodation as no-frills and noted accessibility issues with Room 6.
1259328449831911855,1294178079662042376,2024-11-20,16059311,Artur,"Kasim is a great host! Very friendly, responsive and always happy to provide useful advice. The place is right in the middle of Wandsworth, close to the river, local parks, shopping centre and many great pubs and restaurants. Wandsworth town train station and East Putney tube station are both a short walk away ensuring great connections with the central and other parts of London. The flat is basic but clean and tidy, and has all you need for your stay. Free parking spot is a bonus. I would definitely recommend to stay with Kasim.",5,Guest praised Kasim as a great host and recommended his place for its location and amenities.
880963158501504146,1044120854766295504,2023-12-11,58672585,Yevheniia,"The accommodation  is placed in a 7-10 min walk to the metro station Wimbledon. Many restaurants and shops are around. The district  is calm and safe. <br/>The room is clean, comfortable, and cozy and has many lights and 3 mirrors (ladies will be wondering about them) 😉 A bed is big and so comfy to have a good sleep after a long walking day. You do not need to get up to close/open the curtains, just use a small remote 😉 TV, hair dryer, kettle, coffee/tea, and even small fridge also are in the room. The bathroom is new, and clean and has all you need: cosmetics and even bath salt. <br/>Sue and Andy are very friendly and relaxed people. They help with all the information or sth else you need. Feel free to book this accommodation, you will be satisfied with your choice!",5,"Accommodation is clean, comfortable, and well-equipped with friendly hosts."
880338012980961156,888227045518342201,2023-05-10,94725574,Lachlan,"Good option in a quiet spot, comfy bed. Sabina was nice and always responsive. Kitchen is well stocked. House is a bit cluttered, fairly clean. Curious cats wander. The adjacent walls are a bit thin so you can hear other guests voices. Reasonable value but a bit expensive for what it is.",5,"Good option in a quiet spot with comfy bed, but some drawbacks like thin walls and cluttered house."
679711583712820289,1189787361886070226,2024-06-29,262029367,Stacy,"This stay was clean and a nice stay and prices well for a quick stay over. However I booked this stay on the basis that they could provide us a travel cot on request which I had requested on my initial message although I got no response and brought our own just incase. In the photos on this listing, it provided plenty of space for a travel cot but when we arrived our room had a double bed and a single bed, which may be fine for families with a school age child however I have a 1 year old, so not so convenient. This left us with no option but to put our own travel cot up in the doorway which would’ve posed us an issue should we have needed to evacuate quickly. <br/>I can’t fault the room as it was a good stay but important info for any other families with younger children wanting to use a travel cot or wanting to request a travel cot.",4,"Clean room, but travel cot not provided as requested, which was inconvenient for family with young child."
7338740,123467954,2016-12-29,37320240,Karen,"The flat was perfect for the holiday week with my adult children - plenty of space to gather as well as private places for each of us. Loved the modernist detailing and great light fixtures!  The neighborhood was quiet and very convenient to my son's flat, lovely local park and shops. The hosts were so thoughtful...thank you for the treats, wine and use of your architecture reference book!!  Only wish we had young children with us to make the most of this very child friendly flat.",5,"Flat is perfect for families or groups, spacious, modern, and convenient to local amenities."
1004885232994200226,1064385923934788815,2024-01-08,368530950,Magdalena,"Alles war super, bis auf die Lautstärke vom Pub unten. Man hat bis in die Nacht extrem laut das pub gehört und die Leute. Wir waren über das wochende, also war es wahrscheinlich deswegen. Und hat es nicht gestört, aber für Leute die früher schlafen gehen und vll geräusch empfindlich sind ist es nichts :) Lage war top Loved it",0,"Loved the location, but pub noise below was a disturbance, especially on weekends."
415825,910693581293536898,2023-06-10,24949211,Ed,"Robin was the most responsive nocarz host I've ever met... and that includes me! He's a very kind and helpful guy and the space was as advertised. From a price to value perspective I can't believe you could get a better deal. It was just me, but it could comfortably fit more guests. Highly recommend!",5,Robin is a kind and helpful host who provided an excellent value for the price.
512882,32471167,2015-05-18,28854834,Ivan,"I had a great time at Lorren and Rob's house. I'd absolutely recommend this place. They were amazing hosts, very predisposed to help me during my first time in London and I felt very comfortable there and would defnitely love to go back! They even prepered supper for my farewell!. Thank you Lorren and Rob!",5,Lorren and Rob were amazing hosts who made their guests feel comfortable and welcome.
19982634,303480409,2018-08-07,202084655,Andreas,"This is how nocarz is supposed to be. Sharring your home with total strangers while you are abroad. The flat is cosy and clean. The view from the 7th Floor on the city and Westminster is fantastic and the heart of London is just a short wallk away. Everything else is reachable via public transport even at night. You can contact the owner any time. Thanks to Ksenia, we had a really good time!",5,"Ksenia's flat was cozy, clean, and had a great view of London with easy access to public transport."
31702046,416348054,2019-02-24,103417010,Anna,"Sarah provides everything as described and answered to all our questions very fast. The flat is really good located just around the corner of Bethnal Green station, but also not too loud at night. Check-in and Check-out was very easy with the key box outside the house. <br/>We really loved the decoration of the apartment and everything was clean. The kitchen also provides everything you need.<br/>We had a lovely stay, were kind of sad to leave the flat and will definetely look out for Sarah's flat for our next stay in London.",5,"Sarah's flat was well-located, clean, and had everything needed for a comfortable stay."
54409282,955672952595435022,2023-08-11,361620950,Dana,Simon was an amazing host! Super friendly guy and was helpful throughout our entire stay. Offered recommendations based on what we were looking for! The place was conveniently near a train station and a Tesco. If you’re looking to save money it was very convenient to buy groceries and use the kitchen. We miss his cats Rufus and Bella!!!,5,Simon was an amazing host who provided helpful recommendations and made his guests feel at home.
916415369491967741,1185407003106676277,2024-06-23,343014152,Stephanie,"We had a great, comfortable stay! We arrived early and she reached out and ensured the place would be ready for us. Most comfortable bed and stay we had our entire trip. Shower was amazing, kitchen was adorable and compact, had everything we needed for our one-night layover before heading back home to the states. Right in the middle of everything, super walkable, and near the Convent Garden station. Would love to stay here again!",5,Great stay with a comfortable bed and excellent location near Covent Garden station.
989195000525792174,1165899054351335502,2024-05-27,175255280,Daniel,"Incredibly responsive host, both before and during the stay - have never had such quick turnaround both on responsiveness to messages and also addressing a couple of physical issues in real-time on a Saturday! The place was spotless and obviously well taken care of, and we very much appreciated the fans as we happened to come during warm weather. Would love to stay again at a place maintained by this team.",5,Incredibly responsive host with a spotless and well-maintained place.
11286238,659221532589006172,2022-06-28,298969222,Kim,We really enjoyed our stay at Jo’s flat.  The layout was great and it was beautifully presented.  Lovely balcony and a supermarket very close downstairs was really handy.  Great local hotels to enjoy a lovely meal.  Excellent location and transport to city very close by. We stayed at another nocarz as Jo’s wasn’t available for the full period but we would definitely try to get Jo’s as our first choice when we return London.,5,Lovely flat in an excellent location with great transport links to the city.
804793741934204056,902060707602459999,2023-05-29,31747155,Abbi,"Anthony’s nocarz was a great location for us as we attended Abba Voyage :) it was around 15-20 minutes away as the apartment is ideally located just a few minutes walk from East India Station. We were able to drop our bags early which was very helpful before the event. <br/>The apartment is just as shown in the pictures, very spacious and clean! 5 of us stayed and it was ideal with plenty of space to socialise. Having 2 bathrooms was very handy and the apartment had everything needed. <br/>Anthony has been very responsive and helpful via message, making our stay as easy as possible 😊 <br/>Highly recommend staying here, the views of the O2 arena are amazing. We will be looking to book again next time we visit London :) thank you!",5,Great location for Abba Voyage event with spacious apartment and helpful host.
1870367,53531998,2015-11-09,41140393,Анна,"Before booking the place I read all the reviews of the quests. They were all positive. So I hoped to get a nice room, but what I eventually got was even better than I had expected. The room was nicely furnished and very cozy. The bed was fantastic! I didn't feel any discomfort sleeping in a new place. The bathroom was very clean. The family was friendly, attentive and always ready to help.<br/>I was also grateful for breakfasts - I had no trouble what to eat in the morning.<br/>It took us about 40 minutes to get to the city centre (we walked to the tube station). The line is central, so it's very comfortable to get to different places. <br/>I would definitely recommend the place to my friends and stay there when I am in London again.",5,"Cozy room with fantastic bed and friendly family, perfect for a comfortable stay in London."
7655529,70938832,2016-04-22,66566430,Jeremy,"Staying with Hua and Joel was an absolute delight. The neighborhood was very quiet and the house was very tidy. I didn't realize there would be other people staying in other rooms in the house, but the environment still felt very friendly and never crowded. Hua and Joel went out of their way to make us feel comfortable and it made our stay tremendously pleasant.",5,The hosts Hua and Joel made the stay very comfortable and pleasant.
906500588919505530,1231852447812658824,2024-08-26,34009315,June,"The flat is literately one minute's walk to the metro station, and only about 30mins to Heathrow Airport and to city center. Although the room is not big, everything is clean and comfy, perfect for travelers who need to catch an early flight but also wants to stay close enough to the museums and theatres.",4,The flat is clean and comfy with a perfect location for travelers.
39789353,897714312170597774,2023-05-23,147206119,Nelly,"Parfait ! <br/>Mon amie et moi avons passées un super séjour.<br/>Dan est quelqu'un d'arrangeant et disponible.<br/>Le logement est très bien placé, silencieux, dans une rue calme. <br/>Il est composé de toutes les commodités nécessaires, même plus. <br/>La literie est très bonne.<br/>Si Dan accepte, je réserverais à nouveau cette chambre avec plaisir  ! <br/>Merci encore 👍😉",4,"Dan's place was well-placed, quiet, and had all necessary amenities."
51014402,1281094211803864195,2024-11-02,2982260,Jocelyn,"This place is all about location. And the host is communicative and responsive. Very close to parks and all public transport and still quiet, minus the (unpredictable) neighbor next door or upstairs. The “hotel quality” of linens etc is definitely not 5 star hotel: everything is squeaky clean but needs maintenance (moldy spots, tile missing, broken closet door). The toiletries and linen would be similar to a 2 star hotel. Very important: if folks have any mobility difficulties they should avoid this place as stairs are really narrow. I’m 1,58 m / 5,2 feet and a size small, and I found the bathroom incredibly small but manageable. My travel companion is 2m/ 6,3ft and one night they hit their  head just going to the toilet at night, waking up to a big and bloody scratch that had to be taken care of. So I’d say anyone over 6ft should also avoid the place for safety. It’s a lovely and clean place to stay overnight and sleep well to then cook eggs in the morning.",5,The place has great location but needs maintenance and has some safety concerns.
2129922,18900734,2014-09-02,14312082,Chris,"Brilliant stay at Katie's flat. My partner and I stayed for two weeks. We got two sets of keys, some insider info on the neighborhood, and a clean and warm space to call home. The spot's near to the tube, and Camden's walkable, and there's some nice organic and other such natural food shops around. Would strongly recommend anyone looking for a place to stay in London to check this one out. ",5,"Katie's flat is clean, warm, and near to the tube with a nice neighborhood."
29330219,641177274539512028,2022-06-03,162428733,Jonathan,"we had the Big triple room. myself and my daughter's stayed there. each room of the 4 rooms in the apartment had their own lock with 2 shared bathrooms  and a shares kitchen and washing machine and tumble dryer. the rooms were clean and comfortable. this isn't the Ritz but is excellent value.  we just wanted somewhere to sleep and a base for visiting the sites in London. the location is 8min walk from limehouse station or 12 min walk from Stepney Green so location is ideal to access l<br/>London city centre. there is also a Stepney green farm round the corner if you have little ones that like visiting the animals. <br/>Jonathan was helpful and always made sure that the rooms were kept quiet, clean and tidy.  very happy with our stay thank you, Jonathan",5,Clean and comfortable rooms at a great value for the location near Limehouse Station.
6607803,256122672,2018-04-22,23662493,John,"We had a really nice stay at Jennifer's house top floor en suite, it's a really nice house with a great host who made us feel very welcome, even pickles the cat made us welcome...location for us was great as it's a 5 min walk to the tube, there is a great local pub called the New Inn who do Sunday roasts, have a huge beer garden, also fab BYO Indian close to the pub called Tandoori Villa, great trip sure we will stay with Jennifer again...",5,Welcoming host and lovely house with excellent location and amenities.
1031916494256913535,1093423208243162672,2024-02-17,207604664,Jamaal,"Ram is an excellent host. Very friendly, kind and caring. He was very helpful informing me how to gett around, and also what was near by. He always responded quickly and clearly. His space was great (comfortable bed), I would definitely stay there again the next time I find myself in London.",5,Friendly and helpful host with a great space to stay in London.
2386825,14659957,2014-06-23,2197396,Marina,"Perfect room in a great location, close to galleries, cafes, public transportation, etc. Though i did not meet Caroline, she was very helpful and easy to communicate with, has great flatmates as well.  The room and apartment were clean and bright, one staircase from the ground, i loved ample supply of towels too; perfect for a short stay in London ...  ",5,Clean and bright room in a perfect location for exploring London.
24610574,1130404843811151253,2024-04-08,109356120,Holli,"Harriet was a wonderful host and her nocarz was just as described. Perfect location that is quiet and not in the hustle and bustle of the big attractions yet can catch the tube or bus within steps. We used the bus to get around when we didn’t want to walk too far and it was really easy to use public transportation. <br/>Lots of great food nearby and grocery store. The place was clean, stocked with essentials and could wash and hang dry clothes. Loved every second of being in London. Highly recommend.",5,Quiet and convenient location with a wonderful host and amenities.
578291515212016873,917254450683498276,2023-06-19,103446487,Rhonda,"Great flat, great space to relax. Great neighborhood to walk to bus, train, coffee shops, dinner (and parks). It was quiet except for the church bells and birds singing (wonderful)! There is no A/C but there is an oscillating fan in each bedroom. Luckily, it wasn’t too hot during our stay. We didn’t use the dishwasher nor washing machine.<br/>Overall, lovely stay.  Thank you for hosting us!",5,Great flat with plenty of space and amenities in a quiet neighborhood.
652591660648257937,901334761535691102,2023-05-28,390037361,Lynne,6 of us stayed here - parents and children with their partners. We loved the location. Very pretty area with lovely walks to the Heath. Walkable to the local tube station - it was really good to stay outside the central part of the city at the end of a busy day of sightseeing. <br/>Another sofa would have been good for us as we all liked to congregate in the living room to catch up on our daily events.<br/>Would visit again.,5,Lovely location with easy access to public transport and local attractions.
903997684656581940,1082542988750604789,2024-02-02,45720046,Hisham,"I  had the pleasure of staying at this apartment and was thoroughly impressed with my experience. The apartment itself was not only spacious but also maintained to a high standard of cleanliness, making for a very comfortable stay. Its location was another highlight, conveniently situated to explore the surrounding area with ease. I would definitely recommend this property to anyone looking for a hassle-free and enjoyable stay. Without a doubt, I will be booking this apartment again for my future travels.",5,Immaculately clean and well-maintained apartment in an excellent location.
25805000,1095606324370211272,2024-02-20,20251781,Laurent,"Excellent séjour! Le logement est très bien situé dans le centre de Londres à 15mn à pied du British museum et 10mn en transport de King Cross St Pancras. <br/>Le logement est un duplex avec au rez de chaussée une chambre et une salle de bain avec douche et baignoire. À l’étage un chambre avec sa salle de bain avec douche, le salon/cuisine et une petite terrasse.<br/>Willyan est très arrangeant, il m’a permis d’arriver plus tôt déposer mes bagages pour profiter pleinement de la ville.<br/>Autour du logement il y a bons nombres de commerces, de bars et de restaurants.<br/>Idéal pour passer quelques jours à Londres",3,Excellent stay in a central London location with plenty of amenities nearby.
905959448028942717,1165821816207875624,2024-05-27,119230063,Patrick,Good location in terms of access to public transport into the touristy part of the city. Less so in terms of the immediate vicinity. The property cleanliness was decent. A few things like stale mouldy odour that hits you when the dishwasher was opened and the lack of clean readily usable crockery could be addressed easily before guests arrival. All so called bath towels were indeed hand towel or bath floor mat size. Apparently was advised this was to do with the laundry company supply and management couldn’t do much (?!). The place is palpably lacklustre and in desperate need of some TLC. Seems if you literally want a roof over your head with bare minimal in London then this could be it. It’s shame when a small injection of investment with some careful thought could make a substantial improvement to the experience of the guests!,5,Good location but property needs TLC to improve cleanliness and overall experience.
19968804,451218585,2019-05-11,58748855,Madison,"Steve’s place was perfect for us! The location was literally a two minute’s walk away from the tube station, making all of London easily accessible. The place was perfectly clean and Steve had left water, soda, and snacks for us. He was super easy to communicate with, always being quick to reply. He let us leave our bags after check in so that we didn’t have to carry them around London before our flight. The area seems safe and there are many shops, bakeries, and restaurants conveniently close by. Don’t miss eating at Steve’s restaurant though - he gives a guest discount and the food is amazing! We hope to be back to stay at Steve’s place, and will recommend it to all of our friends!",5,"Perfect location, clean and well-equipped with a friendly host."
34254573,1051360195209214044,2023-12-21,6027342,Connor,"Overall the apartment was mostly as described, and was spacious and in a good location. The main downside was that it was dirty to the point of being problematic and that really detracted from the experience. The host was very responsive and understanding of the cleaning issue, and the location was great. The free garage parking was a big benefit. If there are better cleaners this could be a very good choice.",5,Good location but cleanliness issues detracted from the experience.
51166229,1089098382535722855,2024-02-11,341511133,Samorne,"Amazing location. We stayed here for convenience and so it was. As you exit the front door, there are numerous shops to choose from. Place was very clean with a modern finish. <br/>The hosts were very accommodating to my request for an early check in and also very responsive.  The stairs are a bit much but not out of the ordinary for your typical London home. <br/>Over all a 10/10 stay with an amazing location.",5,"Amazing location, very clean and modern with accommodating hosts."
49143256,744002135127156260,2022-10-23,236534948,Luiza,I spent 2 weeks with Michalia and she’s lovely and very helpful with everything! She made me feel home. <br/>The borough is safe and the apartment is really close to the Piccadilly Line that takes you to Central London in 25 minutes. Definitely will stay there again if I ever come back to London!,5,Lovely and helpful host in a safe area with easy access to Central London.
5878160,250477527,2018-04-05,147772880,Mary,"This flat is all you need for a visit to London. Clean, comfortable and relatively well positioned to walk to all the tourist sights. Not that close to a tube station but has a supermarket close by, and if you don’t mind walking it is only 15-30 minutes to a lot of the iconic attractions. The best thing about this property is the bed. It was wonderful to return home to that comfy bed at the end of a long day of pounding the pavements. Emily was very helpful. We didn’t bother her at all, but we know that if we needed help, Emily would have been there for us.",5,"Clean, comfortable and well-positioned flat with a great bed and helpful owner."
1250490001880578020,1286938391207208340,2024-11-10,110332363,Mark,"Lyle was the kindest, and most accommodating host I’ve ever had on air bnb. His instructions were clear and concise, check in/out were absolutely seamless, and his home was beautiful! Very easy to talk to and at your disposal should there be anything needed. He even wished me a happy birthday :) Definitely will stay again my next trip abroad. Thank you for everything Lyle ♥️ Hope to see you soon!",5,Lyle was an excellent host with clear instructions and a beautiful home.
45284336,683897234946979368,2022-08-01,84862319,Anne,We had a good stay at this apartment. Located right next to Camden town it was a short way to the next metro station. Self check-in was easy and Stanislav was good to reach via mail all day if we had any issues.  Spacious apartment with everything you need for a few days.,5,We had a good stay at this apartment with easy self-check-in and a convenient location near Camden town.
1635433,1149950323207410935,2024-05-05,101229299,Doug,We loved our stay at Vito’s. The neighbourhood was lovely. Easy access to anywhere in London. The amenities in the local area were excellent. The flat was clean and Vito was both flexible and an excellent communicator. Would recommend Vito’s flat and the area as a base for your London travels.,5,"Vito's flat was clean, well-located, and had excellent amenities in the local area."
17374267,153229502,2017-05-20,109953668,Deanna,"Subha's apartment is great! The location good if you are working in the City of London, also it is a 5 minute walk to Tower Hill tube station, plus it is really close to Tower Bridge and the Tower of London. <br/>The apartment itself was clean, well furnished, and had pretty much everything we needed, including wifi, a washer/dryer and plenty of space. Subha was very helpful and communication was excellent. We would definitely recommend Subha's place and would be happy to stay again. ",5,"Subha's apartment was great for work or sightseeing, with a good location and plenty of space."
1398573,74578410,2016-05-15,2643065,Daniel,"This was a wonderful nocarz experience. Anna was unfailingly prompt in responding to questions both before and during my trip. The house is in a small sidestreet, so secluded that none of the cab drivers I came across during my stay knew where it was. This means that though the place is very central (a 10 minute walk from Camden Lock along the canal towpath, it is unbelievably quiet. The house is on a crescent surrounded by neighbours who all seem to know one another, making for a village atmosphere in the middle of central London. The house itself is charming and has everything you need. A nice kitchen, sitting room, and a lovely bedroom on the second floor. I slept like log. I would stay here again in a flash!",5,"Anna's house was quiet, central, and charming, with excellent communication from the host."
784869967495254567,1190510898339569032,2024-06-30,198449824,Finn,"Great apartment with lovely views. Hosts were fantastic and really helpful, they walked into Canary Wharf with us and recommended a few nice restaurants. They were always on hand to help too with anything. The location is good, right by Canning Town station. I would defintiely recommend for a short stay in London.",5,"Great apartment with lovely views, hosts were fantastic and really helpful."
13080829,306282499,2018-08-12,149565996,Yu-Ying,"Noi's house is very beautiful, spacious and cozy! The location is also great that is just 5 mins to walk to the station. It's a wonderful place to stay for traveling in London.<br/>In addition, Carol (who organize and communicate with us) is very considerate that she gives all the information in detail to let our check in smoothly. She makes sure that we have no problems to get there and always respond soon. Also, it's so sweet of her to prepare toasts and milk (with the kind we prefer) for us. By the time we're leaving, she even let us have a flexible/late check out which really helps a lot!<br/>My family and I enjoy the time staying here~ Highly recommend!",5,"Beautiful, spacious, and cozy house with excellent location and considerate host."
742515924765846595,793325398803610247,2022-12-30,50419219,Luis,"I did an emergency booking running away from the worst experience ever in a Sonder nearby and this was probably the best experience I’ve had so far with an nocarz!! Starting from the photos, responsiveness, flexibility, cleanness, location , it was so easy to book and get access. Services in the property were excellent and high quality. You have all you need. It was great for a holidays/work mix! WiFi excellent! I would love to stay in any property managed by them! Congrats great service!",5,"Excellent experience with great photos, responsiveness, flexibility, cleanness, and high-quality services."
36253179,1149921826745687364,2024-05-05,203851127,Rebekah,"We had a wonderful stay with Clare and family. The place is neat and clean. Clare is a great host, just the right amount of helpful without being intrusive. We felt welcome and safe in her home. And Towns the cat is adorable, you must meet her. We would recommend this place in a heartbeat. Love the Intrepid Travellers, Becky and Peggy ❤️",5,Wonderful stay in a neat and clean place with a great host and adorable cat.
14518189,862225126578904322,2023-04-04,192433013,Hayley,Very central location. The room is small but acceptable for a short visit. With a good clean and a lick of paint it would be very well priced for London. I was grateful to have a sink in the room (shame there was no plug). The heater was a god send as it was a very chilly evening when I stayed over. Staff are friendly and helpful.,5,"Central location with small but acceptable room, friendly and helpful staff."
8398257,61485646,2016-02-05,50473999,Siarhei,"I stayed a couple of weeks at Ollie's apartment. Absolutely positive experience, although it is not a luxurious hotel. When you feel genuine trust and care from a host like Ollie, this is what none of the network hotels can offer. This is a 5 star (*****) experience if you don't need walls of marble and glass.",5,Guest had a positive experience at Ollie's apartment despite its lack of luxury.
1459886,906439571210764927,2023-06-04,85128371,Peter,"Jenny's home is gorgeous and comfortable -- sunny, filled with books and art, with an exquisite backyard garden, a well-equipped kitchen, even a screening room for watching movies, all of the comforts of home and then some.  Jenny was a perfect host, and her maisonette  is a centrally-located oasis from which to explore London. The presence of her friendly cat was an added bonus.",5,"Jenny's home was comfortable and beautifully decorated with a lovely garden, perfect for exploring London."
833238895635782913,1160022875612425429,2024-05-19,88392318,Ava,"Expecting the noise on weekends because there are pubs and bars around, which can be good if you want to have fun! The room has a bit of a fly problem when we were staying but the location is superb! Literally 3 minutes walk to the Kingscross station, very suitable for a transitioning stay!",5,The room had some issues with noise and flies but the location near Kingscross station was excellent.
10539208,564268002,2019-11-15,258060735,Calli,"Helen was an excellent host! She was wonderful at communicating and gave very clear directions on how to get to her place from the airport. Her space was clean and as described with nice touches like a hot water kettle, hot chocolate, and snacks. Helen is very knowledgeable of the city and has a contagious bubbly spirit. She had some wonderful recommendations for food and places to travel that were off the main path. If I'm in London again I would gladly stay with Helen!",5,"Helen was an excellent host who provided clear directions, clean space, and great recommendations for food and travel."
32547313,755654468404193711,2022-11-08,41902643,Valentina,"Jane is lovely, her house was very cozy and very well located, close to attractions and bus stops that get you everywhere. It was very clean, they let you use the kitchen, they have a dog that was very well behaved (I don't love dogs and it was not a problem). The room is in the attic so there are some stairs. Jane has everything that you could need, the room is very well equipped. I definitely recommend",5,"Jane's house was cozy, well-located, and had everything needed for a comfortable stay with a friendly dog."
45168,350142,2011-07-03,164803,Arnel,"Lina's flat in Notting Hill was perfect for our stay. Cozy and very well kept home with all the essentials one needs for a brief stay in London. A wide variety of restaurants and shops are only a 5 minute walk away (Portobello St) and certainly should satisfy anyone's taste or appetite. Lina is a lovely host and provided all the information we needed for the flat and area to make our stay as comfortable as possible. As a coffee drinker, the espresso machine in her kitchen was an addictive plus! Lina also left Oyster cards and London's ""Best of"" books for those wanting to explore the city. A definite repeat stay if it's available on the next trip to London town!",5,"Lina's flat in Notting Hill was perfect for our stay, with a lovely host and great location."
567098117232683089,1300755096717088321,2024-11-29,521784189,Suzanne,"We had a super stay at this cute nocarz apartment in Bermondsey, London! <br/>The space was cozy, clean, and tastefully decorated, loved the quirky wallpapers and pictures. The kitchen was adequately equipped for a short stay and the bed was nice and comfy. <br/>The location was in a part of London not known to us but proved to a vibrant area with lots of busy eateries and bars within walking distance - lots of tips given by the host. <br/>The apartment is fairly close to public transport - closest tube station about a 15 minute walk, and popular attractions such as Tower Bridge and The Tower of London were just up the road. <br/>The host was very communicative and access was straightforward. I highly recommend this place for anyone looking for a stylish and comfortable base in London.",5,"We had a super stay at this cute nocarz apartment in Bermondsey, London, with a vibrant area and lots of amenities."
1220145,227830188,2018-01-16,161781276,Ryan,"Had the best experience here! The place is in close proximity to the main sights. Also it's a 2 minute walk to Hyde park and to the Lancaster Gate Underground, which is perfect to get around the city. Robert provided so many amenities with his place and went above and beyond what we expected. He was so gracious and helpful.",5,"The place is in close proximity to the main sights, with many amenities provided by Robert and great hospitality."
6432372,113916312,2016-11-14,10555307,Ally,"This is my very first time staying with host on nocarz, and I am so glad I made the right choice to stay with Alex! I'd definitely going back to visit him again! Alex surprised me with his artisan talent and wonderful hospitality, I felt like staying with a friend, a home away from home. Certainly don't need to repeat other guests had mentioned how great Alex's place is, I wanna say thank you so much Alex to make my stay a great experience, I'd strongly recommend anyone to stay with Alex! :-)",5,"Alex's place was like staying with a friend, with wonderful hospitality and an artisan talent that made my stay great."
1563662,27649543,2015-03-09,26015681,Joan Carles,"We had a nice time in Natasa's place. The apartment is really convenient, the underground is just round the corner in one of the best areas in London. It's the kind of apartment everyone would like to have, mixing the charm of an old building with an exquisite taste for the modern furniture.a 10 for the decoration!! Besides, Natasa was really welcoming, she looks so nice. Definitely, whenever we come back to London, we'll try to stay here again.",5,"Natasa's apartment is really convenient, with modern furniture and decoration, and a welcoming host in a great area of London."
963770744473474708,1139774637166083188,2024-04-21,256725680,David,"El alojamiento es muy bueno, muy limpio y la habitación impecable, con maquina para calentar agua, sobres de té y café incluidos, además de un frigobar; el baño sumamente pulcro y espacioso. Para moverte a la zona turística únicamente puedes llegar en autobús ya que está algo retirado. Una buena opción para quedarte en Londres.",2,"The accommodation is very good, very clean and the room is spotless with a water heater machine, tea and coffee included, plus a mini fridge."
17691357,607097277139079031,2022-04-17,143121061,Lydia,The room was clean and the flat in an amazing location. The bed was comfortable and overlooks private gardens. It felt a little awkward that I was staying in the only bedroom in a very tiny flat with the host in the room next door. However Liz was welcoming and it’s a great base to explore London from.,5,"The flat was in an amazing location, but it felt awkward staying in the only bedroom with the host next door."
1165891102607504372,1268799009566049817,2024-10-16,116409307,Luli,"We loved staying here! It was perfect for value, we stayed there with my boyfriend for 5 nights. We walked every day to the city centre (25 min walk), but it was pretty close to the underground station and bus stops. Neighbourhood was quiet but it had a lot of shops nearby.<br/>We would definitely stay here again. Thanks for everything!",5,"We loved staying here for its great value, perfect location, and quiet neighborhood with shops nearby."
37957562,985379987548459647,2023-09-21,54990617,Rosalia,"La organización del piso es muy correcta. Cada habitación tiene su espacio asignado en la cocina y el baño en mí caso, fue compartido con la habitación de al lado. El lugar de noche es muy tranquilo, el único ruido que se escucha son los pasos de los vecinos de arriba. El colchón para mí gusto, lo mejor de la habitación. Cómo pega, me faltó una televisión. El resto todo correcto.",2,"The organization of the flat is very correct, but I missed a TV in my room."
4505695,242805734,2018-03-13,8404107,Lilikoi,"Lizzy is lovely and her place is great. It's cosy, cute, warm and spacious for the size. It's in such a great area. I wish it was my home I loved it so much. Communication was easy. Great host, great flat. Loved it so much now looking to live in the same area.",5,"Lizzy's place is lovely, cosy, cute, warm, and spacious, in a great area with easy communication."
2808285,20332493,2014-09-28,16104865,Rita,"This below-street level accommodation seems best suited for the young, vigorous, budget-minded traveler, who will be grateful for it's comfortable mattresses, intimate garden, fully-functional kitchen, good Wi-Fi, and the fact that there is a lively pub just across the way. The discerning renter will appreciate the fact that the flat is excellently situated for access to transportation: being barely over two blocks to the Overground, perhaps four blocks to the Underground, and with a bus line that runs down Hemingford Road itself. If one sets out for a Caledonian Road station at a brisk clip he/she may be able to reach the center of London in 25 minutes or less via one or the other rail system---a blessing. Being the owner's home, the flat is well-equipped, with hair dryer, iron, umbrellas, etc. The owner thoughtfully leaves transportation schedules on the dining table for those who plan to tour the city. She is also flexible about check-in times. Residents of the neighborhood, when asked for advice or directions, seem always to be kind and helpful.<br/><br/>Just north and west of the flat the neighborhood takes on a sketchy appearance, a bit drab, worn and littered. However, safety, even at night, turned out not to be a concern, and should not dissuade potential renters who utilize Google Earth as an aid in decision-making. One has the impression that neighbors and shopkeepers look out for one another and want to keep the area safe for families and visitors.<br/> <br/>Advice for future renters: Bring very comfortable shoes and carry a small flashlight (torch). Like most of London the sidewalks and byways, while sometimes charming, are murder on the feet and often poorly illuminated. Light sleepers should bring earplugs for again, as typical, you will hear people walking about upstairs, which seems to be the norm in the older, picturesque buildings. Do make certain to immediately master the thermostat and assure yourself you can enable the heat to rise when you are first introduced to the flat. It may be helpful to clarify with the owner what person, if anyone, will be available to assist in case of breakdown or failure of utilities, facilities, or appliances,  or any unexpected mishap that can be the bane of home-owners and, consequently, renters.",5,"A budget-friendly accommodation suitable for young travelers, with comfortable mattresses and a lively pub nearby."
4109997,815127962518950392,2023-01-29,497272643,Kathrin,Inge ist unglaublich freundlich und hilfsbereit. Man kann mit jedem Anliegen zu ihr kommen und sie hilft dir super gerne weiter. Man fühlt sich wirklich wie zuhause. <br/>Die Lage ist mega … 3 U-Bahnstationen in der Nähe und super schnell im Stadtzentrum. <br/>Sehr schöne und sichere Gegend <br/>Ich kann es rundum einfach nur empfehlen!,5,Inge is a friendly and helpful host in a great location near public transportation and safe area.
25872901,499141639230012559,2021-11-19,53180538,Aylin,"Sam was a lovely host. His place is in an excellent location. Right next to notting hill gate metro station, right across from Pret A Manger and 3 markets and Boots and a walk away from portobello market or Holland Park ( one of the best parks in London). Highly recommend.",5,"Sam's place is in an excellent location, right next to Notting Hill Gate metro station and close to several markets."
34784940,899875532215243488,2023-05-26,19736782,Amy,"Beautiful modern clean flat. Rob was helpful and friendly. The flat is just outside of Central London. Nice neighborhood accessible by bus stop 2 minutes away, train 12 minute walk from flat. It takes about 45 minutes to an hour depending on what time of day you leave to get into the city, as well as Uber rides. Plenty of restaurants nearby. A Sainsbury supermarket just opposite the building opened until 10 pm. Comfortable bed. The windows offered a great view of the city. Water pressure in bath was great! I saw the most insane and beautiful sunrise at 4 a.m. <br/>Highly recommended.<br/>Only suggestion is to offer another door fob or way to get into the building. This would lessen the hassle of coordinating with other parties. <br/>Thank you for hosting!",5,"A beautiful modern flat with a comfortable bed and great views of the city, located just outside Central London."
925856225370514485,1249200689401068144,2024-09-19,12827454,Yasmin,"We loved this small place! It fits everything a small family needs for some days including a fully equipped kitchen and even a washing machine - everything we needed was there (and much more)! It is very well located close to several stations and buses in a super exciting neighborhood that within a 15 minutes walk is full of cafés, bars, restaurants and plenty of culture (We were lucky to be there for the Peckham Festival). We were welcomed by snacks and drinks and with some books and toys for our daughter. Thank you!",5,"A small but well-equipped place for families, located in a super exciting neighborhood with plenty of culture and amenities."
429444,997708917665097781,2023-10-08,409949033,Alexandra,"Exactly what it said in the description. Costa was a wonderful host and very responsive. The place is definitely big enough for 3 people to fit in, though it is a bit cozy for 3. The location was close to where we wanted to be and at a pretty convenient spot. Overall would recommended!",5,"The host was responsive and accommodating, and the location was convenient."
48781335,765296045,2021-06-01,356447313,Stacey,This place was great. <br/>The location was fantastic and the apartment was very clean and kitted out with everything you need. The garden made it for us as it ment my 2 year old could get out to play. The host was fantastic and always responds fast to any questions will definitely be back.,5,"The apartment was clean, well-equipped, and had a great garden for kids to play in."
19007627,640456301219339597,2022-06-02,451234974,Katelyn,Staying with Cesar is amazing! The accommodations are exactly as described and pictured. Extremely comfortable / safe place to say. Very clean and quiet as well. Perfect place to come relax after a busy day. This location is very close (2-3 minute walk) to a bus stop which is just a short trip to either the overground or underground. Cesar is a wonderful host and is always around to answer any questions you may have. He makes you feel right at home. Okay Will definitely be booking with him again!,5,"Cesar's place is comfortable, safe, and quiet, with a wonderful host who makes you feel at home."
22492650,541439775,2019-10-05,160760204,Alice,this apartment was the perfect space for us - a group of friends meeting up with each other and for london film festival! the café downstairs is such a perfect addition for grabbing a quick breakfast/coffee before heading out for the day and the tube station is such a short walk. the only issue we had was with the ambulance sirens on our first night going off regularly at 2/3am (this is no fault of the air bnb or lee though!),5,"The apartment was perfect for our group, with a convenient location near the tube station and café downstairs."
2575218,24277472,2014-12-24,11115830,Ben,"Bryan and Gian Paolo are the best hosts anyone could imagine. I arrived to a cup of tea and slice of homemade cake (by Gian Paolo, the talented Italian he is). Their home is beautifully decorated and features everything you could need - even an awesome bedside survival kit featuring some very British treats. Having just stepped off a 23 hour flight, the warmth offered by Bryan and Gian Paolo's hospitality was perfect.",5,Bryan and Gian Paolo are excellent hosts who offer warm hospitality and a beautifully decorated home.
18696477,478124560,2019-06-29,131265066,Mary,"VanZyl's place is in an ideal location, with many eating options within blocks, either direction. It is on a very busy street, but walk one block over and it is quite peaceful. We felt safe there and in the surrounding neighborhoods. We left the windows open, even though it is on the first floor, and enjoyed the cool breezes. The bed is Queen-sized and comfortable. We especially enjoyed our walks in Kensington Gardens and Hyde Park.",5,"VanZyl's place has an ideal location with many amenities nearby, but the common area could be cleaner."
17579882,414343587,2019-02-19,20437141,Kym,"I had a great time staying at Tessa's place. The room was neat, tidy, spacious and the bed was very comfortable! Location was safe and also very convenient. Close to cafes, pharmacy and train stations. Tess was a welcoming and friendly host but also was never intrusive and let you have your privacy. She was super helpful and answered any questions that I had. I really enjoyed my stay and would definitely recommend it!",5,Tessa's place is a welcoming and convenient spot with a friendly host who respects guests' privacy.
20447028,220019951,2017-12-20,103425336,Donovan,"The room is very nice and we felt great in it. The common area is dirty, especially the kitchen (bad smells) so we did our best to avoid this area during out stay, which was okay as we ate outside all the time. The sitting room was convivial and the showers were a bit dirty and small but it was okay. For the price, the quality is quite good but could be better if the common space was perfectly clean.<br/>Ali was very helpful and warm.",5,"Ali's property has a nice room, but the common space needs improvement in terms of cleanliness for the price."
1113541,86397468,2016-07-16,50670390,Julia,Myself and my partner have just had a wonderful stay in this property. The hosts were able to accommodate us meeting and exceeding all of our expectations. The flat is comfortable and very spacious with everything you could possibly need at hand. Great location and lovely welcome. we were able to come and go as we pleased but also felt that should we need anything this would have been easily dealt with. We even got a the offer of a later check out which we much appreciated. I would recommend this property and it's hosts in the highest possible terms.,5,"The hosts exceeded expectations with their accommodation and service, making it a wonderful stay."
3602711,235079915,2018-02-15,15146603,Joakim,"It’s a shame I stayed at Christine’s lovely home for only a night. It is a very beautiful, cosy home. Located right at the heart of West End and Piccadilly Circus. Near a Boots, Tesco, The Underground and multiple theatres.<br/>Christine is a warm and hospitable host. You won’t regret staying at her lovely home. :)",5,"Christine's home is a beautiful and cozy spot located near many amenities, with a warm and hospitable host."
19652132,741138295081092630,2022-10-19,96357354,Wei,Robert is a friendly owner. He always respond fast whenever we have questions to him. Robert shared us very clear information from how to get train and to reach the house. He also considerate that what if we come out from another exit and he do guide us the route too. feel warm and lovely. the house is clean and safe. we have home feeling for the six nights stay. highly recommended and value worth. I'll definitely recommend to my friends. thank you so much Robert,5,Friendly owner Robert provided clear information and excellent service for our stay.
32886433,426835503,2019-03-22,129111923,Chelsea,"My family and I had a wonderful stay at Stephen’s place. It was surprisingly spacious and exactly what we wanted, a prewar building with the original touches. Stephen was a great host and was on top of communication the entire time. Also, the location was amazing. I definitely recommend a stay at his place!",5,"Stephen's place was spacious, well-located, and had great communication from the host."
13281243,795565065107241872,2023-01-02,427946313,Bayley,"More than just a super host- one of the best nocarz experiences I’ve ever had. Great location and really nice place, had everything we needed and more, which made for a very comfortable stay in London. Regan and Wayne were super helpful throughout the stay and gave us some awesome recommendations and helpful tips for getting around and to/from the airport. If I ever return to London I’ll definitely stay here again!",5,Regan and Wayne's apartment offered a comfortable stay with helpful recommendations and tips.
530395,62357468,2016-02-14,13845642,Simon,Pierre is an amazing host. I arrived slightly early before the check in time and he was very hospitable. The flat is so tidy warm and quiet and the bed is so comfortable too. Location is great for transport links to London city. Will definitely recommend his place to other travellers and will use it again the next time I'm in London. ,5,"Pierre's flat was tidy, warm, quiet, and well-located for transport links to London city."
53296180,586092470517234518,2022-03-19,8401235,Merry,"A lovely, welcoming apartment with everything you need to enjoy your stay. The furnishings are plush and comfortable; the balcony catches the morning sun and the whole place is spotless. Great location situated on the edge of a park with other parks in the area and a Tube minutes away on foot. Comms with Claudia were good with immediate responses.",5,"Claudia's apartment was lovely, welcoming, and had great furnishings and location near parks and Tube stations"
29554469,688189905515618350,2022-08-07,428708413,Mark,"Great location and set up for our family.  Within two blocks of Paddington station, and a few more to Hyde Park.   The bedrooms were perfect for our family (4 adults and 2 children:6/3). Off the busy street so noise was not a factor.  Host was very accommodating and cheerful. We will try to book with Miriam again on our next London vacation.",5,Great location and set up for our family with a very accommodating host.
35087624,562022562,2019-11-10,433420,Bea,"We really enjoyed our stay here. Our hosts are a very hospitable family, super responsive, communicative, generous with tips and flexible with checkin. They sent very clear instructions (with photos! :) ) so that we found our way in with no hassles. The place itself is quiet, spacious and comfy with a big usable kitchen. And the location was ideal for us - close to public transport, ExCel and London City Airport. We would definitely stay here again.",5,"Our hosts were very hospitable and the place was quiet, spacious, and comfy with an ideal location."
5289878,77397738,2016-05-31,29899533,Dianna,"This place was a perfect start to our trip in London. It was easily accessible from the Tube and quiet and clean. We even had slippers left in the room for our use, along with some breakfast bites and coffee! We really recommend this place to anyone and it set the bar high for future air BnB stays. Thanks so much for the great stay!",5,This place was easily accessible from the Tube and quiet and clean with great amenities.
2916767,278019018,2018-06-17,179599845,Rachel Marie,"Wow. Where do i start. The area was run down and we celt wuite unsafe. The building is old and tired and dirty. The inside of the flat was grotty and very grim. It was dirty, dusty, run down, stains on things, ripped sofa, smelly old bedding, out of date food in fridge, curtains hanging down on wires, light shades missing off ceiling lights. Part used toiletries in bathroom. Toilet seat peeling, stains on shower curtain and walls, all floors dirty, sofa bed mattress so thin and uncomfortable. Crockery and cutlery dirty. Long dark hairs in the bed. Thick dust on things. Lots of plug extensions on kitchen sides and floors which looked overloaded and unsafe. Paint peeling on surfaces, mould on bathroom window. All windows very  dirty.  They was 6 of us, all adults and we slept in our clothes and put other clothing on the pillows so we could lay our heads down. There was an unpleasent odour throughout the flat also. We tried to arrange alternative local accomodation but unfortunately they were all full.  We would definately nit recomend this properly.  A real shame as Kamal was an informative host with good communication.  ",0,"The flat was dirty, grimy, and run down with many safety concerns and unpleasant odors."
38943851,530954905456494310,2022-01-02,109961903,Tammy,"Lucy’s flat was a last-minute reservation. <br/>The flat is a good size. I needed the space for four suitcases. The beds were very comfortable—no issue with the train sound nearby. It's more like white noise, which I need to help me sleep. <br/>I did have an issue with no hot water, but it was quickly resolved 30 minutes after calling. <br/>The kitchen had essential cooking items when my family and I wanted to stay in for the night. Plus, UberEats can easily find Lucy’s flat. <br/>I would book this flat again.",5,"Lucy's flat was a good size with comfortable beds and essential cooking items, but had an issue with no hot water initially."
19093817,563554017,2019-11-13,286776917,Irene,"I enjoy my stay in Jonathan house ! It was super clean all the time, also you can use the kitchen, wash machine!! At morning there’s some stuff like coffee, Te and others ! To get the house it’s pretty easy and nearly the supermarket and bus and train station really close! I recommended this house! And Jonathan always responds very kind and quickly! :D",5,"Guest had a great stay at Jonathan's house, praising its cleanliness and amenities."
33090072,1223870399424431310,2024-08-15,219880849,Jose Luis,"Deben tener cuidado, la calle no es muy segura, a mi salida  exactamente afuera sufrí un robo de mi celular, algo que afecto mis vacaciones. en cuanto al departamento esta muy limpio y con lo necesario para estar agradable. El detalle pasa el tren al lado y si eres sensible para dormir te costará un poco descansar. en general bueno, solo el mal rato por el asalto",2,Guest had a good experience but was robbed outside the property and found it hard to sleep due to train noise.
1131894382636239677,1268057517171861161,2024-10-15,9435032,Nurulhuda,"Our family of 7 had a pleasant stay at Rami’s apartment. We chose it based on its close proximity to Paddington station (8mins by taxi, 15 mins by bus) as it was convenient to get to by Heathrow Express from London Heathrow. When we arrived, we were pleasantly surprised to find that there convenience stores, takeaway food shops and restaurants at our doorstep. The bus stops and the train stations were close by too. The apartment is very cosy, clean and well heated. It had all the amenities listed. The only downside was that the 3rd bedroom was too small so our children ended up sleeping in the living room.",5,"Family of 7 enjoyed their stay at Rami's apartment, praising its cleanliness and location near Paddington station."
28850501,400941488,2019-01-13,44315686,Lauren,"Nigel's place is located in a very beautiful residential area and easy access to Westfield, Oxford street, Gatwick and Heathrow. His house is really warm and sweet, also everything in the room so comfortable. Nigel helped me a lot about my trip to London and he is a very kind person, he provided me so much wonderful information and just let me feel the other side of London!! He knows everything about London also U.K., you can ask him for everything about it, he can recommend good places when you get there. Sometimes I can have company with some super cute puppies during my stay! :) I really love his place and would definitely go back again soon!",5,"Guest had a wonderful experience at Nigel's house, praising its warmth, comfort, and his helpfulness as a host."
16552252,257729867,2018-04-27,7121847,Evgeniia,"Outstanding experience! Catherine is the best host we've ever met. I can hardly explain our feelings cause it's difficult to find proper words that will describe everything about Catherine and her place.<br/>There are a lot reviews telling how hospitable Catherine is, how stylish and perfectly clean is the house and all the rooms. <br/>But we didn't expect that she would leave her friends in the house and drive us to metro stations when we lost our rucksack. It was about 12 a.m. when we started our search operation which we finished in the middle of the night. Catherine was with us all that time. She has an amazing talent to find proper words and support people. <br/>Thank you, Catherine! We will never forget this night. :) You are our star! <br/>And we will definitely return :)",5,"Guests had an outstanding experience with Catherine, praising her hospitality, the cleanliness of her house, and her kindness in helping them during their stay."
6431521,55660323,2015-12-04,7745564,Sandra,"We have had a wonderful staying with Tom, Kate and the children. We felt at home. The room is very cozy and the whole house is very beautiful. The breakfast was delicious  and the bread freshly baked.<br/>The house is very well located, close to Bounds Green station (Picadilly line) and Bus 141 (to London Bridge).<br/>We highly recommend this nocarz host to all!!",5,"Guests had a wonderful stay at Tom's home, feeling at home in the cozy room and enjoying the delicious breakfast."
42510051,982500196734938494,2023-09-17,111388623,Carmela,"Host incredibilmente gentile, chiaro è disponibile in ogni momento della giornata. È stato un soggiorno meraviglioso, la casa è pulitissima e lo spazio all’aperto è incredibile. Tutto curato nei dettagli: caffè e biscotti per le nostre colazioni e tutto il necessario in cucina ma anche in bagno e nelle stanze.<br/>Grazie jubed torneremo sicuramente per il nostro prossimo viaggio a Londra",2,"Host was incredibly kind and welcoming, providing a clean and beautifully maintained space with lovely outdoor area."
15555380,1052206998398510753,2023-12-22,23597475,Barbara,"Unfortunately we had to cancel first our eurotrain was cancelled, we immediately booked a flight and then rhat was cancelled too. We were so sad. Ella and Jon were understanding and had empathy. I hope to be able to book again soon and that we can go to their place for real now.",0,Guests had to cancel their trip but appreciated Ella and Jon's understanding and empathy.
7710049,188488589,2017-08-29,126109000,Alex,"Krishan was communicative throughout, including being available for support during our stay which was not needed, as everything was clear and as advertised. The flat was clean and bright, and surprisingly quiet given the location, a very pleasant base from which we could quickly get to where we wanted to be. Would stay again, no question. Thanks, Krishan.",5,"Krishan's flat was clean, bright, and quiet, making it a pleasant base for exploring London."
50558820,1214376973193884896,2024-08-02,55262742,Lee,"We were provided with clear video instructions ahead of check-in for accessing the keys and the space, so check-in was a breeze. We had a car, so knowing that we'd be able to park right at the property really helped with our decision to stay here. It made for a  seamless arrival/departure. The space was as described/depicted in the photos. We stayed during a hot period, so the space was quite warm when we arrived, but we were able to cool it down a few degrees with the oscillating fan that was available in the space before going to sleep. Some folks may find the bed to be a little lumpy, but we were comfortable in it and had good nights' sleeps there. There are nice restaurants and cafes within walkable distance. Hanwell station on the Elizabeth Line was also quite close, which was convenient for trips into central London. Andy was quick to respond and was willing to assist with anything we needed. We would stay here again for our next visit to the London area.",5,"Guests had a seamless stay at Andy's space, with clear instructions, convenient parking, and comfortable accommodations."
18838317,314166147,2018-08-26,6587776,Darcy,"The best thing about this apartment is the location! Paddington is a great area, close to the station if coming from Heathrow and also multiple tube lines to explore London. I enjoyed being close to Hyde Park for a morning run. The place itself is adequate but found it unclean, I got a faint gas smell upon entering the apartment each time and the bed is very springy. I appreciated Charlie’s flexibility in checking in and out.",5,"Great location, but apartment had cleanliness issues and a springy bed."
802076684762922058,1108625497788148595,2024-03-09,279672914,Abdulrahman,"My recent nocarz stay in Kensington, London, was an absolute delight! Nestled next to Kensington Gardens, the location couldn't have been better. With the park just steps away, I enjoyed leisurely strolls amidst the lush greenery and picturesque landscapes.<br/>The apartment itself was a cozy haven, beautifully furnished and equipped with all the amenities I needed for a comfortable stay. The bedroom was inviting, and the bed was incredibly comfortable, ensuring a restful night's sleep.<br/>One of the highlights was undoubtedly the proximity to Kensington Palace and its surrounding attractions. I spent hours exploring the palace grounds and immersing myself in the rich history of the area.<br/>Additionally, the host's hospitality was exemplary. They provided helpful tips and recommendations, making sure I made the most of my time in London. Their attention to detail and responsiveness added an extra layer of comfort to my stay.<br/>In summary, my nocarz experience in Kensington was fantastic.",5,"Fantastic experience with excellent location, amenities, and host hospitality."
585220565316290335,657854598491744077,2022-06-26,139166260,Kevin,"Petra's flat is spacious, well-appointed and comfortable. It has a lovely outdoor, private patio. My stay was comfortable and Petra made me feel welcome at check in, which she handled remotely and expertly. There are two groceries options on the same block, with easy bus service into central London. And Clapham Common is nearby. I recommend this property and would stay again.",5,"Petra's flat is spacious, well-appointed, and comfortable, with a lovely private patio."
19458358,531369314,2019-09-17,237754741,Anne,"Excellent Air BNB .. fantastic amenities, thoughtful additional touches eg croissants , coffee & water all included . Very well stocked toiletries and electronics. <br/>Would highly recommend . <br/>Close to the tube station and convenience store .  Thanks Matt for an enjoyable stress free stay with lots of extras I’ve never encountered before . Well done .",5,"Excellent Airbnb with fantastic amenities, thoughtful touches, and a convenient location."
19255332,973787454883066472,2023-09-05,143825314,Emily,A perfect place to stay while visiting London! Close enough to both public transport and some sightseeing areas.<br/>The apartment itself was perfect for our small group of friends and was exactly as pictured. Paul was super responsive and accommodating. I would absolutely recommend this to anyone looking to stay in London! :),5,"Perfect place to stay in London, close to transport and sightseeing areas."
53736567,663540994615994686,2022-07-04,5362688,Nick,"Susan is very communicative. The place is in an excellent location and has an attractive price for the size and location. The bathrooms are new and much larger than typical London bathrooms. The beds are comfortable.<br/>The place is very dark, mainly because it's a basement unit, which was not clear to me when I booked. We also had some issues with appliances not working, although Susan was responsive and communicative when we notified her of the problems.<br/>We had an active water leak the entire time we were in the unit in the larger of the two bedrooms, and it wasn't able to be addressed until our last day.",5,"The place has a great location and price, but had some issues with appliances and water leaks."
21085765,241425832,2018-03-09,169986163,Laura,"Layo was such a friendly host. You'll love his apartment! The few is amazing, especially by night. Its very close to  ExCel London , and the station Canning Town is 5 minutes walk away. The room was very clean and there was enough storage for clothes etc. I'd  definetly stay at Layos place again and would recommend it to my friends.",5,"Layo's apartment is friendly, clean, and conveniently located near ExCel London."
19890863,1242013523715261841,2024-09-09,590984744,Bani,"Tatiana was a great host. She was very friendly. I was only visiting for a day and I was tired from travelling so I mostly stayed in my room but Tatiana was very responsive and showed me the amenities. She also made some space in the fridge for my food. She showed me the kitchen and showed me I can use the dishes and cutlery if I needed it. <br/>As for the place, it is very easy to find and there's a big Tesco just across the road which was very convenient. The single room to me was nice and cosy. And for that price, the service was great. Would definitely want to book this place again in the future when I'm travelling.",5,"Tatiana's place was easy to find, had a big Tesco nearby, and provided great service for the price."
855465,712620086,2020-11-30,21983412,Rod,"Sophie's place was amazing. Exactly what we were looking for. Sophie had made sure that we found essentials for our first few days, including food for breakfast, and even a bottle of wine. And the few times we asked here for something that we couldn't find in the apartment, she would immediately make sure we got it delivered. Her and Amber were super helpful, and made us feel super comfy. Would definitely recommend anyone to stay at her place!",5,"Sophie's apartment was amazing, with essentials provided and super helpful hosts."
3551562,510596667,2019-08-16,116974654,Jody,"The flat is very spacious and just as beautiful as the photos! It seems Annie has thought of everything even putting together a “bible” with directions, tips, and recommendations. The kitchen is huge and is equipped with anything you would need to entertain. Annie and Andrew greeted us warmly and made sure we knew how everything worked. They were available, but our space was very private. A very convenient and lovely area of London next to Bishop’s Park. We absolutely loved staying here!",5,"Annie's flat is spacious, beautiful, and well-equipped, with a convenient location near Bishop’s Park."
1048369367053987651,1124506289675447954,2024-03-31,222158001,Irina,"Alles in allem eine sehr gute Unterkunft in einer guten Nachbarschaft. Die Wohnung ist klein, aber alles so wie beschrieben. <br/>Es ist etwas hellhörig. Wer empfindlich ist, sollte Oropax mitnehmen.<br/>Der Eingang ist um die Ecke in der Seitenstraße und es fehlt die Hausnummer. Da haben etwas länger gesucht.<br/>Check in mit Code einfach.",0,A good accommodation in a quiet neighborhood with some minor drawbacks.
852840951084060111,1118750123662102879,2024-03-23,221897411,Martin,"Wir haben unsere Tage dort sehr genossen. Die Unterkunft ist mit Bus und Overground sehr gut erreichbar. Sie liegt in einer ruhigen Straße direkt zwischen Victoria-Park auf der einen und lebhafter Gegend (Eastend) auf der anderen Seite.  Als Familie mit zwei Kindern eignet sich die Unterkunft hervorragend um von dort Ausflüge zu unternehemen und sich danach zurück zu ziehen und sich zu erholen. Wie beschrieben wird die Wohnung zu anderer Zeit auch privat benutzt. So hat man tatsächlich das Gefühl ""zu Besuch zu sein"". Dadurch ist das Angebot an Stauraum etwas beschränkt und man kann sich vielleicht nicht so ""ausbreiten"" wie in einer leeren, neutralen Unterkunft. Uns hat das aber nicht gestört und im Gegenteil das Gefühl eines guten Zuhauses gegeben. Die Aufteilung der Zimmer und Ausstattung der Küche eignet sich für Familien besonders gut und es fehlt hier an nichts.<br/>Vielen Dank für diese Möglichkeit in London unter zu kommen!",0,A family-friendly apartment with easy access to public transport and amenities.
18246897,1178922316568466823,2024-06-14,568910336,Rouven,"It was an absolute pleasure to stay at Elena's place. She is a lovely host and we had many engaged, enjoyable, and insightful conversations. Her cute dog and her relaxed cat were the cherry on the top. I can definitely recommend the place to anyone who does not mind staying at someone's private house.",5,"A lovely private home with a friendly host and pets, perfect for those who don't mind staying in someone's house."
586833808733948327,666461830584949502,2022-07-08,8015005,Neil,"Avi has done a meticulous job of creating the perfect home away from home in the heart of London (yet in a quiet and cute block, which helps). She was very flexible with letting us drop off our luggage before checkin. We loved all the special touches that made our stay very comfortable. Would love to come back and stay again in the future. Highly recommended!",5,A meticulously prepared home away from home with special touches that made the stay very comfortable.
31848891,623717752012002925,2022-05-10,449690277,Dane,"Nico is an AMAZING host, from day one till the end of my week stay he checked to make sure all was well & that I had everything I needed. The room was perfectly fine & I would gladly make another reservation if I’m heading back to that area.   <br/>Clean, cozy, relaxing vibe. Perfect for someone looking to remain comfortable throughout their trip.",5,"A clean, cozy, and relaxing room with a great host who ensured everything was well throughout the stay."
29426213,893359217243036094,2023-05-17,458086630,Alia,"This was my second stay with Inge. As always, everything was great.<br/>The accommodation is within ten minutes of the Tube station and shopping facilities are also close by. Here I can recommend Sainsburys near Hammersmith Station for a bigger purchase.<br/>The room looks like the photos. There is enough space for one person, but it might be a bit cramped for two. However, since you can use the living room and kitchen, I thought it was fine.<br/>The room can be darkened well, but it is a bit noisy because of the street. For noise-sensitive people like me, I can only recommend earplugs.<br/>The kitchen was well equipped and everyone had their place in the fridge. Food could be prepared easily.",5,"The accommodation is great, but it can be a bit cramped for two people and noisy due to the street."
24977204,302118308,2018-08-05,204259285,Andrea,"Flat is in great location, walking distance to the Borough Markets, Modern Tate, Millennium Bridge and London Bridge. Plenty of bars, restaurants and shopping facilities in the surroundings. Flat accommodates easily 4 persons, but a couch was also available for our 10 ys old boy, who really enjoyed it! Flat is nice a well kept. Really recommend it!",5,The flat is in a great location with plenty of amenities and accommodates easily four persons.
35869483,783186109837519578,2022-12-16,77095157,Jared,"I had a wonderful time in Camden with Jean! The room was cozy and exactly as described. It’s perfect if you like animals, because Jean has 2 wonderful dogs and 4 friendly cats. There’s so much to do close-by, with quick tube trips to all the must-see London destinations. I would recommend it to anyone, and hope to be able to return in the future!",5,"I had a wonderful time at Jean's place, which was cozy and exactly as described, perfect for animal lovers."
31532632,1188367256507231568,2024-06-27,3047407,Russell,"As a family of three I would not stay here again. The studio apartment is extremely small, like 100sq ft. It makes sense maybe for a traveling couple who needs a place to spend the night, but if it were more obvious how small the space was we would not have booked it. <br/>In addition to the small room, we had issues with the app based door locks. We were locked out of our room for 45 minutes. During the summer not having any AC or decent airflow was also uncomfortable. <br/>For a similar price there are several hotels in the area that offer amenities like common spaces, spas and dining. <br/>I love nocarzs because they’re more like homes than a hotel room. However, the entire building has multiple tiny rooms operated by Billie and seemed more like a worse hotel experience ran by someone offsite than an authentic local nocarz experience. <br/>Location is 10/10, rooms were clean and esthetic.",5,The studio apartment is extremely small and had issues with door locks and no AC or decent airflow.
51804324,936146895711739100,2023-07-15,91436826,Luba,"I recently booked this exquisite nocarz property for two family members. The communication with the host was superb - they were very quick to respond to all of my queries and ensured the stay was as comfortable as possible. The property was clean and cosy, with interior beautifully decorated (exactly as shown on the photos). The location of the nocarz was also very convenient, with an easy access to various types of public transportation. I would definitely recommend this nocarz to others!",5,"The property was clean, cosy, and beautifully decorated, with excellent communication from the host."
50940721,1289060561661610831,2024-11-13,262451027,Bharat,"I had a great experience staying here - the co-host, Francesco, was always available and extremely responsive to all queries and requests I had. He also gave me a hand with the luggage (for over 3 floors) at the time of both check in and check out which was very generous on his side. It’s a busy street outside, that’s the only watch out if you’re a light sleeper - but it didn’t bother me at all. Definitely worth the price, especially given how easily accessible transport options to the rest of London are (2 mins for bus and 8ish mins for the tube)",5,"Great experience with responsive host Francesco, but noisy street outside"
37303306,513415627,2019-08-19,285228976,Aronne,"Truly outstanding experience. I was looking for a place quite but not too far from the center where to stay in London and I really found it. Even though is a studio, the flat is quite big, very clean and well organized. it offers everything you need for the stay and it is located very closed to the station. The restaurants and shops around it are lovely. Thank you very much, I will definitively come back!",5,Truly outstanding experience in a quiet and well-located studio flat
21848534,1165148234183471820,2024-05-26,6321979,Ashley,"I had a mostly perfectly good experience staying here, with the small caveat that the hosts accidentally booked me into the (quite considerably) smaller room! But they acknowledged the mistake quickly and took steps to reimburse me, which was great. It's worth noting that the room I stayed in is very small, and thought it was fine for my purposes -- basically sleeping! -- it's to be avoided if youre carrying a lot of luggage/require a bit more space to feel comfortable. Overall though, everything else was great. Donna is a kind, clear and responsive host, and the place itself is clean and tidy, and very near Brixton tube station, from where you can get to Central London very quickly. Would recommend!",5,"Good experience despite small room mistake, kind hosts and great location near Brixton tube station"
8047114,992692135201880027,2023-10-01,57889977,Matt,Erno was great from start to finish. We requested to check in early and he was very accomodating to this. The location is superb as a stones throw from Hampstead Heath and the room was perfect to use as a base. <br/>I will definitely be using this again when we come down to Londan so thanks Erno!!!!!,5,Great host Erno and superb location near Hampstead Heath
14007909,115030277,2016-11-21,73820,Kyle,"I almost don't want to write a great review so I can keep this place a secret for myself. Evelyn and her cousin Mikela were amazing hosts, meeting me on-time to deliver the key and providing an excellent experience. <br/>I came and used their flat as a base of operations for business, but being that it's in Camden Town and close to great food, nightlife, pubs, and history (so close to iconic musical landmarks!) not to mention the Camden tube station. <br/>The building, view, people, and living space were amazing. This will be my go-to flat for business trips for the foreseeable future. ",5,Excellent experience with amazing hosts Evelyn and Mikela in a fantastic Camden Town location
22546237,302899937,2018-08-06,19571885,Steve,"Marianna and Paolo live in a lovely flat, well-placed for exploring central London. They are also very helpful with information about transport and things to do. Marianna was always prompt in replying to messages, and I knew I would feel welcome at their place.<br/>The room is a good size. The bed is comfortable, and everything was very clean. The bathroom is modern and has a great shower. A towel is provided, but remember to bring your own toiletries.<br/>I thoroughly recommend this place, and I have booked to go there again soon!",5,"Lovely flat with helpful hosts, clean room, and modern bathroom."
1000312849408661623,1077519118985733641,2024-01-26,45919658,Trisha,"Overall, the place was great. It was a little tucked away so went to wrong door at first (there was a 14 & 14A so be aware of that). We only had 2 critiques, 1) There should be at least 2 keys. I had a coworker with me and we were often going different directions, which made it awkward. 2) the Checkin and Checkout added time after a long travel day…it was inconvenient to go to another location to get your key and drop it off (especially when you’re trying to catch a plane and the place wasn’t open). I would love to see a Dropbox system or some other plan for that. However, our stay was great and the apartment was very nice and clean.",5,"Great place to stay, but could improve on key management and check-in/check-out process."
4315980,71141584,2016-04-24,1753967,Jerry,"Davide's apartment was a very nice house to stay for a few days. His friend Marc met me to give me the keys. It's located on a lovely street in Islington, about a 10 min walk from the nearest tube and a 25 min walk to King's Cross. It was a very comfortable stay.",5,Comfortable stay in a nice house located in Islington with easy access to public transportation.
606382,20554742,2014-10-01,19186301,Greg,"Excellent communication, the flat was everything that the owner promised, and we enjoyed the location.  Camden is a great location for people who want to get away from the more touristy areas of central London but still have easy access.  Public transportation is close and convenient, as are many restaurants, shops, pubs, and Camden market.  The flat itself is clean, comfortable, and has all of the amenities advertised by the owner.  Joseph and Perry are professional, courteous, and quite easy to work with.  We enjoyed our stay and would recommend to anyone visiting London.",5,"Excellent communication, clean and comfortable flat in Camden with easy access to amenities."
949332940503905235,985396253193966064,2023-09-21,245939688,Aqsa,"Looked exactly like the pictures, Daniel was extremely responsive and we felt really comfortable! The place was beautiful and we loved the artwork, also such a cool coffee maker in the cupboard! Originally had planned to go out but we stayed in due to the weather and it was a perfect cosy night in!",5,"Beautiful place that exceeded expectations, responsive host, and perfect for a cozy night in."
21521250,1244839291708472360,2024-09-13,38641130,Jen & Rob,"I recently had the pleasure of staying at an nocarz that exceeded all my expectations. From the moment I arrived, I was impressed by the cleanliness of the space. It was spotless, with every corner meticulously tidied, which instantly made me feel comfortable and at home. <br/>The convenience of the location was another major highlight. Situated near popular attractions, restaurants, and public transport, I found it incredibly easy to explore the area without any hassle. Everything I needed was just a short walk or quick ride away, making my stay all the more enjoyable.<br/>What truly set this experience apart, however, was the responsiveness of the host. They were incredibly attentive, quick to answer any questions I had, and provided helpful recommendations for local hotspots. This level of communication made the whole experience seamless and stress-free.<br/>Overall, I highly recommend this nocarz to anyone looking for a clean, convenient, and welcoming place to stay. I can't wait to return!",5,"The nocarz exceeded expectations with its cleanliness, convenient location, and responsive host."
20348651,506361984,2019-08-10,108608964,Peggy,"The Renovated Apartment near Portobello Road Market is in a wonderful location in London.  It's in a very upscale neighborhood with all of the niceties that come with that, but also easily accessible to the things you want to see as a tourist (best of both worlds).  The apartment itself is very nice, and well cared for.  It's clean and modern.  The kitchen has the basics of what you will need including a wine cork opener.  There is a book on the back of the front door with valuable information about the apartment, its appliances, and maps of the subways.  That's a nice touch I have not had in an nocarz before.  The host, Pedro, was in touch with me before, during and after our stay.  He was able to answer questions and meet requests quickly.  There are major streets on all sides nearby with excellent restaurants and shopping.  There are also 3 train stops nearby, making it easy to get where you need to get easily.  The apartment is on the edge of Hyde Park which is so pleasant and a great way to start or end your day.  There is a washer and dryer in the apartment for clothing but also a laundromat next door if you need to do a lot of laundry!  There is also a darling cafe next door for coffee and breakfast in the morning. <br/> Very convenient.  The only thing I would want a possible renter to know is that the apartment is on the 5th floor with no elevator.   The hardest thing is carrying your luggage up the first time!   I would stay here again, we enjoyed it very much and it was a good value for the money.",5,"The Renovated Apartment near Portobello Road Market is a clean, modern, and well-located place to stay with excellent communication from the host."
15338635,674479628769617769,2022-07-19,378850338,Carter,We couldn’t recommend Maureen’s place more! She is very kind and very accommodating. She helped us with everything we needed. She showed us great places to go and she was great to talk to! The transportation into London is very convenient and her place is very clean and nice. She helped us with our laundry and showed us everywhere in town to get what we need. She picked us up from the train station to show us the quickest way to the house. She will help you with anything you need!,5,"Maureen's place was very clean, nice, and convenient with a kind and accommodating host who helped with everything."
962757158071261847,984720247255992129,2023-09-20,227321119,Maggie,Katy is such a knowledgeable and friendly host! She  goes a love and beyond by sharing many suggestions in town and has such a welcoming a warm demeanor making the stay feel so homey! My dog loved her and she was so sweet with him. <br/>The room is comfortable and clean with all amenities. The shared garden and living space is beautiful and very well-cared for. <br/>The location was great and walkable to parks and Kingston/surbiton high street. Thanks for a great stay!! Would recommend this host!<br/>Moku misses you!,5,"Katy's nocarz is a comfortable, clean, and homey place to stay with a knowledgeable and friendly host who made the stay feel so welcoming."
25223009,638900493268620838,2022-05-31,38095519,Ady,"Clean and cozy ground floor flat, with a nice garden. The bed is super comfortable and the kitchen is equipped with everything. Great location with lots of transportation options. The house is located in a beautiful area, with lots of shops and restaurants. Easy check-in and very clear instructions for everything needed.<br/>The host was super nice, accommodating us with early check-in and late check-out and promptly answering all our questions.<br/>I will surely stay there again. Highly recommended.",5,"The ground floor flat was clean, cozy, and well-equipped with a great location and accommodating host."
19819730,176004109,2017-07-30,15626101,Jenny,"Clean flat with lots of natural light. Comfortable clean beds in the room that was spacious for the three of us. The balcony which overlooks the green catches the morning sun and was a fab place to spend some time. Kitchen also well equipped. Tonnes of coffee shops near by and a stones through to the flower market. Having lived in London, it was awesome going out in the evening and being able to walk home from Shoreditch. Thanks Taylan!",5,Clean flat with lots of natural light in a great location near Shoreditch.
928881076703590298,1271659953347013171,2024-10-20,155934076,Sabine,"Die Wohnung sah genauso aus wie auf den Bildern. Wir haben uns während unseres viernächtigen Aufenthalts wohlgefühlt. Sie war sauber und gut ausgestattet, es hat uns an nichts gefehlt. <br/>Die nächste DLR-Station, die eine schnelle Verbindung ins Zentrum Londons bietet, ist nur wenige Gehminuten entfernt. Ein kleiner Supermarkt mit gutem Sortiment ist ebenfalls in kurzer Distanz fußläufig erreichbar. Der Gastgeber war sehr freundlich, hilfsbereit und hat schnell auf unsere Anfragen reagiert. Bei unserer Ankunft wurden wir herzlich von Daniel begrüßt. <br/>Wir haben unseren Aufenthalt in London genossen, und Daniel sowie sein Apartment haben wesentlich dazu beigetragen.",0,"The apartment was clean and well-equipped, with a friendly and helpful host."
35999000,606422063,2020-02-16,153935239,Emma,"Luke's flat is bright, airy, and much more spacious than the pictures make out. It is located a short walk from Vauxhall or Waterloo underground stations, and is surrounded by nice pubs (can recommend The Rose and Tamesis Dock). It's also a stone's throw to Westminster and the surrounding area, which was perfect for our short break in London. Check-in was easy and convenient. The flat is kitted out to a fantastic standard, all new and shiny, which made for a very pleasant stay. Thank you so much!",5,"Luke's flat is bright, airy, and spacious, with a fantastic standard of equipment."
20613613,209879063,2017-11-06,148672142,Chris,"Maggie and Lawrence are a dream to deal with. I arrived slightly early and they let me have access to the flat to drop my stuff off despite that. They are always responsive and helpful.<br/>The place is in such a great location with access to some of the best attractions in minutes, as well as extremely close to the tube.",5,Maggie and Lawrence are great hosts who made our stay easy and convenient.
16098456,863655606969768450,2023-04-06,52716491,Natalie,Our family of five stayed 5 nights at Christopher's place and had a wonderful time. The apartment is a short walk to the heart of Richmond and is close to buses and the train. The place was extremely clean and had everything we needed. Christopher answered all our questions promptly and was very helpful and considerate. I highly recommend staying at Christopher's place.,5,"Christopher's apartment was clean and well-equipped, in a great location near Richmond."
25651877,904955662029494861,2023-06-02,202695923,Jeanette,"The shower curtain rod was held together with sticking plaster and the curtain was a major trip hazard. The shower rose would not stay in place and kept falling down. The heated towel rail leaked on the floor. The TV remote was missing and, even though a TV was not mentioned in the amenities list, it was in the photos of the flat. No tea towel to dry the dishes we washed up.",1,"The flat had several issues with the shower curtain rod, shower rose, heated towel rail, and TV remote."
1217996478736799300,1285515419167768907,2024-11-08,70603445,Thea,"My stay at Maryams exceeded my expectations :) the space has lots of light beaming in from the roof and I appreciated her decor, paintings and plants! Maryam was friendly, accommodating and also respected my privacy. Her place and my room was well equipped with everything I needed. It was warm, clean, comfy and has everything you need for a brilliant stay. I think the price is also very reasonable for the area. I did lots of research on the area and if you are looking to show up and have everything taken care of in a lovely, well cared for home, this is fantastic option for the price! I really felt at home, thank you Maryam x",5,"The reviewer was extremely satisfied with their stay at Maryam's place, praising its cleanliness, comfort, and amenities."
21226537,674513698403237112,2022-07-19,237569321,Nicole,"Guys, I strongly recommend this place for you. Actually it’s a home. Me and my husband we felt exactly like this : “home”. Ethel and Mirek they are so kind, helpful, with a huge heart ❤️. They were so kind to me that our goodbye was difficult for me , I’ll miss your conversations🥲. So yes if you want to be in a place that is beyond your expectations that is the place.<br/>The room is very comfortable, the bathroom is very nice and extremely clean. The kitchen has everything that you need to cook. The location is excellent, just a short walk and you are on Archway Station. Nearby have a lot of options of supermarkets and restaurants. The neighborhood is safe and in front of the house there is lovely small park to enjoy the nature while you walk through the area.<br/>We spent one month and we didn’t have anything to complain. Thanks again for everything! <br/>Next time in London I don’t need to search for a place to stay, for sure it’s going to be here. 🌷",5,"The reviewers were very happy with Ethel and Mirek's home, describing it as 'beyond their expectations' in terms of comfort, cleanliness, and location."
793977755010018293,955670786019437056,2023-08-11,404357379,Daphne,"location is good, apartment has everything it needs as a standard. only drawback is the shower, the ventilation system is not working wich makes the whole apartment damp. this also results in mold in Some places of the house. the temperature in the apartment is cool wich is great in hot summer days as we had. We would recommend this apartment when the damp and mold problem is fixed.",5,"The apartment had a good location but was marred by issues with the shower and ventilation system, leading to dampness and mold."
824615639363062650,1175295074364032766,2024-06-09,40808268,Bethany,"Chris’s place is a real hidden gem. Great location near to Earl’s Court tube station, lots of shops and restaurants nearby. The place was just like the photos and very clean, and we found it very quiet despite it being near a main road. Very easy check in too, definitely recommend staying here.",5,"Chris's place was described as a 'hidden gem' due to its great location, cleanliness, and quiet atmosphere."
4772751,249898974,2018-04-03,71932165,Nadia,Our family of 5 had a great stay in Dani's place. She gave us easy to follow instructions to get there from St Pancras and was there waiting to meet us. We very much appreciated the fresh fruit and chocolate fingers and having the place warm when we arrived. She gave some great advice on how to get to the main attractions and there are plenty of transport options from the accommodation. The kitchen had most cookware needed to do your own meals if thats what you want and enough cutlery/crockery and glassware. There were even somebasic supplies which we were welcome to use. Would definitely recommend my friends and family stay here if they come to London.,5,The host Dani provided easy instructions and warm accommodation with fresh fruit and chocolate.
1342955,330109228,2018-09-30,127643358,Maya,"Paola is incredibly hospitable with a lovely personality. She is always happy to share many local tips about what to do, see and eat in the area and beyond!  She is also very respectful and you can be 100% independent as well...Her place is fully equipped for long (or short) term stays and is always very well kept. The location is minutes from the tube station and in general very well connected (underground runs 24h on Fridays and Saturdays, multiple buses &trains from Alexandra palace too). Very highly recommend !!!",5,Paola is an incredibly hospitable host who shares local tips and has a well-equipped and clean apartment.
42771063,812201277867572890,2023-01-25,13502676,Charlotte,Seans place is really gorgeous! I loved the decor and it looked exactly like it does in the photos. Very cosy space and the most comfortable nocarz bed I've ever had!! It's super easy to find and a short 5 minute walk from the nearest tube station. Highly recommend staying here to anyone.,5,"Sean's place is gorgeous, cozy, and comfortable with easy access to the tube station."
4195738,258578844,2018-04-29,176776412,Caroline,"Le logement est impeccable, il y a tout ce que nous avons besoin dedans. Le jardin est un vrai plus même si nous n'avons pas pu en profiter faute de temps... De plus, l'appartement est très bien situé! A une station de Liverpool Street, qui vous permet de vous mener dans chaque coins de Londres. Nous ne regrettons pas d'avoir choisi le logement de Jane et Colin, qui sont des hôtes très chaleureux!",2,"Jane and Colin's apartment is immaculate, well-located near Liverpool Street Station, and has a lovely garden."
852088992720836873,1044861895429768967,2023-12-12,36923538,Vera,"We had an incredible stay at this nocarz! The location was absolutely perfect, subway is right around the corner. <br/>The neighbourhood felt safe, allowing us to relax and enjoy our time. There are plenty of restaurants and cafes nearby.<br/>The flat exceeded our expectations in terms of comfort, space, and style – everything felt brand new. We especially loved the modern design. <br/>The apartment has a balcony with a delightful view, adding an extra touch of charm to our stay.<br/>A few cons: in the apartment the doors are heavy, so we couldn’t keep them open and there were a couple of minor inconveniences, such as the laundry located in the hallway and some litter in the streets, but these were easily outweighed by the overall positive experience. <br/>All in all we would definitely recommend this place to anyone looking for a nice stay in the area.",5,"The nocarz exceeded expectations in comfort, space, and style with a perfect location and balcony view."
8480006,594910197,2020-01-19,112900872,Graham,"My expectations were exceeded in every sense. I was a bit concerned by a previous poor review, but that seemed inconsistent with other guests' experience, so I thought maybe I should ignore that as being one of those things. I was right to think that way. Alex was super efficient and clear in her communications and the flat itself is in a really convenient location for transport, dining, shopping, culture and entertainment. The flat was clean and tidy (albeit it is Alex's home, so it holds her possessions - for example, the bathroom is full of products) and well equipped.  Everything I needed worked, the bed (comfy), the fridge (cold), the heating (warm), the shower (warm and wet), the oven (hot), the hob (flames), pots, pans, crockery and cutlery all available. You get the picture - it was great!",5,"Guest had a great experience with Alex's flat, finding it clean, well-equipped, and in a convenient location."
49972801,1221639768048627169,2024-08-12,17491541,Massimo,"The room is wide and lightful.<br/>Andrew has been a very good host.  He is gentle and helpful, and do everything is possible to make you feeling fine.<br/>The strongest aspect of the location is the position: the area is nice and cool and you can reach very easily Portobello road, for instance.<br/>The Tube stop of Ladbroke grove is so close you can achieve it in five minutes by walking. So Andrew's home is very stictly connected with all city.<br/>I recommend Andrew's home to anyone who like this kind of aspect.",5,"Andrew was a good host, providing a comfortable room in a nice area close to public transportation."
730831,486818441,2019-07-13,266291967,Sobitha,Staying at Grant's place has caused me unnecessary stress that I hope to help future tenants to avoid. The apartment is decorated fairly nicely but if you are an animal lover beware that there are stuffed dead animals everywhere in the apartment including the bedrooms. Grant decided to have the washing machine engineer welcome us as we came in. The repair work took the engineer a while into our check in time and left an unbearable odour due to the drainage from the machine. This odour filled the entire apartment. The apartment came with one single stocking that was draped behind the bath tub. I can't imagine that was part of the furniture so must have been left by a previous tenant and the apartment obviously wasnt cleaned properly. Grant failed to leave us a key and we were not provided with a key until about 4 hours after check in. We checked out leaving the place spotless and even left a bottle of wine to say Thank You for trying. Grant decided to try and accuse us of leaving a mark on one of his side tables and tried to fine us. Fortunately we had taken photos of damage in the apartment at check in so were able to provide images with time stamps showing the damage 18 minutes into check in while his engineer was still there. He then tried to accuse us of having a party for 21 people and having been noisy almost two hours after we can prove we left the flat. Interesting how this didn't come up until his failed attempt at extorting £35 for damage we didn't cause. As Grant had no evidence to back his claims the dispute has now been resolved by air bnb. Best thing about the apartment was the location but it is still extremely over priced.,0,Guest had a stressful experience with Grant's apartment due to issues with cleanliness and communication.
23247933,242573564,2018-03-12,176330490,Paul,Clare kept in touch with me from start to finish and was always very polite and helpful. The Apartment itself was very clean and it had everything we needed. The large Double bed was very comfortable indeed and the quality of everything inside was outstanding. The apartment is a 5 minute walk away to the Fulham Broadway Underground station and its also very close to some excellent restaurants and bars. Thank you Clare for a wonderful experience. The apartment was perfect. :),5,"Clare's apartment was clean, well-equipped, and comfortable, with great location and excellent service."
730439587224582562,1048534906967288205,2023-12-17,63076919,Shirley,"Lovely apartment with three double bedrooms on a quiet road with easy access to transport. Top bedroom is ensuite with terrace offering views over the rooftops. Great to have an outdoor space. Two bedrooms on the main floor, one is en suite as well as a main bathroom. This is Zara’s home so lots of artwork and nic nacs everywhere. Great pub around the corner serving Thai food and a roaring real fire. Handy corner shop two doors down supplying all basic provisions. 10-15 mins walk to tube stations. We were three friends and loved having our own room and bathroom.",5,"Zara's apartment was lovely, with a quiet location, easy access to transport, and a great outdoor space."
938196814861769185,960693648734190964,2023-08-18,529162389,Tomasz,"We spent very good time in London, our host was very helpful, aproachable, supporting, always responded to messages quickly. George helped us throgh the reservation and made our nocarz experience pleasant. It was our first trip to UK so we very much appreciated George's assistance. The appartment was easy to find, good instructions given. We had all we needed in it, clean kitchen with all necessery tools, big bath :) 2 separate bedrooms giving privacy to parents and to kids. Nice leaving room with balcony and beautifull view. Bus stop just next to the building, Lewisham DLR and train stations very close making it easy to reach London center. Tesco supermarket walking distance, open till midnight. The surroudings were calm and peacefull so we felt secure and enjoyed every day of our stay.",5,"Guests had a great time in London, praising their host George for his helpfulness and the apartment's cleanliness and location."
13275364,80519325,2016-06-18,23520373,Johannes,"The place was fantastic. It is very well located on the best functioning tube lines in London, has a lovely Saturday morning farmers market nearby. There is a supermarket in super close walking distance and lots of busses in all directions.<br/>Charlotte was a great host and game me lots of tips.<br/>I had a great time",5,"The guest loved the apartment's location, host Charlotte's tips, and overall experience."
1585716,31090278,2015-05-02,22235928,Nat,"Très bonne expérience.<br/>Nous avons été accueilli chaleureusement par Toby, nous avons pu déposer nos bagages et découvrir aussitôt un pub de qualité au coin de la rue. <br/>Le logement est petit mais très bien agencé, équipé de tout le confort (électroménager, rangements). Des miroirs permettent de donner une belle impression d'espace.<br/>Le spa est vraiment très agréable. <br/>Le logement était particulièrement propre à notre arrivée. <br/>Le quartier est calme et très bien desservi (métro, lignes de bus).",2,"Guests had a great stay in Paris (not London), praising the apartment's comfort, cleanliness, and Toby's hospitality."
3370968,1095579502701411467,2024-02-20,284219074,Susan,"This is a great find!  It is very well located with easy access to local shops and the train into central London. There are a lot of local walks which are pretty and easy to find.  The flat is very well equipped and comfortable - with quiet nights, which was unexpected for London! Joan went out of her way to be helpful and made sure that we were happy and everything was fine.",5,"The guest enjoyed the apartment's location, equipment, and Joan's helpfulness."
31496637,583105842,2019-12-28,70858977,Amy,"A beautiful house in a great location. We really enjoyed our stay for Christmas with our party of 7 people. We found the house very well appointed, stylish and comfortable. The host made a lot of effort to make it look beautiful and very clean before we arrived. The host was very responsive and had excellent communication. We would definitely recommend staying here. Just a little warning to those less mobile - there are a lot of stairs!",5,"Guests had a great stay in this house for Christmas, praising its style, comfort, and host's communication."
898434811967936953,1173051567480724712,2024-06-06,111395428,Reolinda,"Needed a place to spend the night after Barry Manilow’s show and Steve’s place was perfect. Location was great and our room was clean and beds were comfy. The common bathroom wasn’t very clean as there were other people staying in the other rooms of the condo unit, but this is something beyond Steve’s control. Overall would recommend his place!",5,"Clean and comfy room in a great location, minor issue with bathroom cleanliness."
27718202,670946083,2020-10-04,36412024,Nuria,"Michael & Lara are super hosts, we’ve had a minor issue on the arrival day, but they sorted out in no time, very efficient. We loved their flat, the plants make it warmer. We spent there a weekend. The area has lots to discover. Definitely will recommend Michael & Lara’s place. Thanks!",5,"Super hosts with a lovely flat in a great area, minor arrival day issue was quickly resolved."
1004155405849307058,1250693292387482291,2024-09-21,463549203,Mossaed,"- The flat was nice and clean!<br/>- The instructions were clear and the prepared file was amazing!<br/>- The host was very responsive and helpful!<br/>- The location is not bad, since there was a station nearby. <br/>However, there are some points to be done. <br/>- The fridge was smelly and it wasn’t working at the beginning until I turned it on (maybe the smell was because it wasn’t on? I’m not sure).<br/>- One of the A/C remotes is not working, so I had to use the other one for both A/Cs.",5,"Nice clean flat with good instructions, but some issues with fridge and A/C remotes."
1206506264567496733,1246254886248289172,2024-09-15,1569160,Benety,"Location is near to Whitechapel Station, 2-3 mins walk, and walkable to Tower Bridge, approximately 15 mins. <br/>It was abit noisy during the night due to the proximity to the road and junction, especially sirens from ambulances as it was near to a hospital. Rooms are smaller than expected.<br/>Overall, it was still a decent place to stay.",2,"Decent place to stay near Whitechapel Station, but noisy at night due to road proximity."
11406903,544050526120080939,2022-01-20,1116764,Nicole,"A lovely place, a great location, very clean, very smooth communication. You can tell that the owner put an artistic personal touch to the place. The projector in the bedroom was great, loved the selection of French romance movies!<br/>Great kitchen and dining area, lots of great places to work from. Great views!<br/>The only note would be that it could use a fresh coat of paint to freshen the place up a bit.",5,"Lovely artistic place in a great location, very clean and smooth communication."
21001759,912151479692260141,2023-06-12,58340894,Anindhita,"The house was quite lovely in a minimalistic way. The location in Chelsea was central and fantastic! Amazing for all the sightseeing we did. There were plenty of cafes, bars and a  Sainsbury market nearby. I do wish however that the house had been a little better equipped (especially for the price paid) We were staying for seven days and would have felt more at home had the hosts provided some more essentials like oil, salt-pepper, coffee machine, washing detergent, dishwasher tablets, etc. Also, it would have been nicer to relax some evenings if the tv had a chromecast or some streaming service. However, the hosts were very responsive and provided us with detergent and dish washer tablets when we requested them. They were also flexible and allowed us to check in early. Overall, a smooth and enjoyable stay.",5,"Lovely house in Chelsea with central location, but could be better equipped for the price."
18416383,1236907718517954445,2024-09-02,152616464,Uri,"We were 3 adults and 2 children.<br/>The apartment was spacious enough and very comfortable.<br/>Everything was clean. Everything worked. The kids loved the playstation, Netflix, etc.<br/>The location is indeed perfect!<br/>Even if it gets a bit noisy - it goes quiet at 23:00.<br/>The AC is a huge advantage - end of August can get hot.<br/>Ryan was very helpful. Responsive. Proactive. <br/>The only bad thing I have to say is that the water pressure was very low on the showers.<br/>Ryan did send someone to try and fix it the following day, but it didn't help much.<br/>Overall - AMAZING apartment.",5,"Spacious and comfortable apartment with perfect location, but had some issues with water pressure."
3986296,155096413,2017-05-27,8001124,Sitna,"Binit's flat is conveniently located in a central area of London. My friend and I stayed there only for one night. Unfortunately, we didn't have the chance to meet Binit because he was traveling, but he made sure that we had everything we needed. Checking in was not a problem, we collected the keys from the concierge (the security guys were very kind but also made sure that we had a confirmation, etc.) The cleaner was at the flat when we arrived. She was a very friendly woman. The place was very clean and confortable. I highly recommend it.",5,Conveniently located flat in central London with friendly host and clean accommodation.
17740024,886063788847226544,2023-05-07,214594598,Mags,Gabe was a great host! Easy to communicate with and very welcoming.<br/>The room was lovely and spacious for me and my two friends. The beds were super comfy. The accommodation was peaceful and warm. There was a separate toilet as well as the one in the bathroom. Both next to the bedroom. We were given some space in Gabe's fridge and we were able to leave our luggage before check in and after check out which made our short break so much easier to enjoy.<br/>The location is ideal. Just a couple of minutes walk from Paddington  Railway Station and tube and not too far to walk to central London if you enjoy walking.<br/>I highly recommend Gabe's place. I definitely hope to return.,5,Peaceful and spacious room with welcoming host and ideal location near Paddington Station.
11766418,356941575,2018-12-09,154712106,Carmen,"Preciosa casa con todo lo necesario para pasar una agradable estancia en Londres.  Después de un ajetreado día en la ciudad, te encuentras con la tranquilidad necesaria para recuperar. Tiene cerca un gran supermercado, dos paradas de metro a 10 min y puedes acceder a pie en 30 min a Westminster.",2,Quiet and well-equipped house in a great location for exploring London.
1182686424625831790,1251431175935183694,2024-09-22,597514775,Camelia,"We initially booked a different apartment, but due to an unexpected technical issue, the host promptly offered us a similar alternative. The replacement apartment was larger than the one we initially booked, well-equipped with all the necessary amenities, and located in a very convenient area close to shops, restaurants, and the metro.<br/>What really stood out, though, was the host's hospitality. Ben was proactive and helpful throughout our stay. We were greeted with a welcome treat, and they even offered to do some shopping for us. Their attention to detail and genuine care for our needs made the experience truly enjoyable.<br/>Overall, it was a wonderful stay and I would highly recommend this host to anyone looking for a hassle-free and pleasant nocarz experience!",5,Host Ben provided excellent hospitality and attention to detail in this convenient London apartment.
21893534,1028921658950017402,2023-11-20,444184122,Paul,"If you are in London for shows or shopping, Ivan's place makes a great base! It's only 5 minutes from the tube and a 30 minute ride to the west end, so what's not to like?<br/>He keeps it nicely decorated and furnished, so expect a comfortable and spotlessly clean environment.<br/>Bonus: Ivan is a cool guy, flexible on checking in and out!",5,"Ivan's place is a great base for exploring London, with a comfortable and clean environment."
29058059,603450057947343196,2022-04-12,433543802,Antony,"Great location in terms of getting around central London, close stations and lots to do around. The actual room was nice and serviceable but I had a lot of issues with the Wi-Fi and I received zero response when I enquired into it. Plus if you’re sensitive to noise then you might struggle with how thin the walls are; the conversations and music played by my neighbours were incredibly loud whenever they were in, but the streets are at least quiet when the window is shut.",4,"This location is great for getting around central London, but be aware of thin walls and potential Wi-Fi issues."
928932079089262235,1230388916085213368,2024-08-24,89684596,Isabelle,"Un vrai nocarz (c’est le logement principal  de Leila et ses deux enfants). On s’y sent bien. Par ailleurs, la cuisine est pratique et bien équipée. Le salon et le balcon avec une vue sur un arbre et le ciel ont été appréciés. Le logement se situe à proximité de différents commerces. Nous partions tous les jours à vélo dans le cœur de Londres via le Burgess park (et, un peu plus loin, le Rocketvan bar, un bar sympa avec une programmation musicale que l’on a apprécié après nos visites dans Londres). comptez environ 30 minutes entre le logement et le centre. Si vous revenez à vélo de Brixton, une pause à la micro brasserie supercute brewhouse s’impose également.",2,Leila's apartment is a cozy home away from home with a practical kitchen and lovely balcony.
3542554,754272872633326673,2022-11-06,230123730,Emma,"Good value, rather old building but everything one needs on a short trip was available, very quiet and safe area, kind hosts. Unfortunately the heating didn't work at all on the first night and after fixing it only one radiator went on. It was rather cold. I told Thea and I hope she fixed that. The kitchen was fairly clean but some parts were a little ""sticky"".  Allover, besides the heating problem, we had a nice, quiet stay.",5,"Thea's place offers good value for a short trip, but be aware of potential heating issues and cleanliness concerns."
2777733,147912540,2017-04-29,59183455,Sir Deian,"We have stayed in many holiday rentals across Europe and well beyond.  This is one of the best apartments we have experienced.  Quite apart from the splendid decor, the comfort of ensuite bathroom, and the peace and quiet of a penthouse apartment away from roads and traffic, the facilities were top-class.   We enjoy cooking as it happens.  Rarely have we had a kitchen in a holiday apartment which was so well equipped !  And as for entertainment - what more do you need than a big smartTV with Sky and Sky Sports !   And Bob is the perfect host - no intrusion but always in touch if needed, while Gill gave us an excellent introduction to the apartment.  We stayed a month (in between house sale and purchase) but we would happily have stayed very much longer ! ",5,"This penthouse apartment was one of the best holiday rentals we've experienced, with top-class facilities and a perfect host."
33308201,1097753502644848126,2024-02-23,217029343,Aurélien,"I rented the flat with my family, so 2 adults and 4 kids (from 9 to 15); for 3 nights. Instructions sent by Carlos were pretty clear to find and open the flat. This flat definitely shows value for money. It is conviently located 1 minute from a bus station with several lines, and also close to a few shops and markets to buy food for instance. The three rooms are nice, the kitchen is okay, with the necessary electrical appliances (though a bit more tableware would have been useful for 6). As we were 6, we moved some furniture to have breakfast and dinner in the same room, and it went fine. The only drawback is the noise from the road: if you're not used to sleep with noise (or with earplugs), it'll be difficult for you. That being said, the flat remains a good compromise, for the price, the location and the size. So I'd recommend.",5,"The flat shows value for money, but be aware that it can be noisy due to its location near a road."
40697645,1288357793092784460,2024-11-12,24230130,Kate,"I had a lovely stay with Elizabeth & her family. All was well. It was a pleasure to meet Elizabeth, her husband, & her daughter, Seraphina. Everyone was very kind. <br/>Elizabeth's place is very well situated for local shops & bus stops. It's a bit further from Stratford than I thought but close to bus stops & very close to Maryland on the Elizabeth Line. <br/>I was very happy that I could use the kitchen to cook my food. The bathroom was very clean & all facilities including bed were good! Thanks so much for your help Elizabeth & Seraphina! <br/>All Blessings & Good Wishes, <br/>Kate",5,"Elizabeth's place was well-situated, clean, and comfortable, with kind hosts who made Kate feel welcome."
5804539,34724315,2015-06-11,33754000,Jerome,"Première expérience avec nocarz et franchement une réussite;  le logement correspond exactement ce que représente les photos, très calme et très fonctionnel, indépendant au sein de la maison et tout proche du Tube, à 20 minutes du coeur de Londres. De plus l'accueil est des plus sympathiques. Je ne peux que recommander.",2,"The independent flat was quiet, functional, and close to the Tube, with friendly hosts who provided a great experience."
588910918990210173,1195547712643099056,2024-07-07,314243580,Dina,Definitely too small for any more than 4 guests. Wi-Fi is not great and we had to buy more toilet paper ourselves after two nights. Shower is extremely small and the door doesn’t lock. <br/>But overall still worth the price. Great location near the tube and restaurants. Easy to find and host is very responsive. Enjoyed our stay!,5,"While small and with some issues like Wi-Fi and toilet paper, the flat is still worth the price due to its location near the tube and restaurants."
49539306,831057999235977116,2023-02-20,486932775,Ramiz,If you don't have any problem with small and cozy room. This is the perfect place for you. Everything in the home was clean and organized. Beautiful decor and interior. It was exactly like the photos. <br/>Ailsa is a super friendly host. She is helpful and makes you feel right at home. I really enjoyed my stay here. Would recommend to everyone. My stay went smoothly and without any problem :),5,Perfect small and cozy room with a friendly host who made me feel at home.
358360,70038965,2016-04-15,29789703,James,"Rachel & Ted Made me feel so welcome it's  6 months since my last stay, what a wonderful place.  Only a 10 minute walk to the tube station and within 20 minutes you are in central London.<br/><br/>Their home is brilliant they are excellent hosts; willing to share local knowledge of events and places to visit.  Its a home in which you can relax, read a book, watch TV or recover from a long & busy day.<br/>",5,Wonderful place to stay with welcoming hosts who share local knowledge and make you feel relaxed.
644070707019994584,1030347038563950641,2023-11-22,480547927,Brianna,Had amazing stay cozy and clean thanks again Sahel place was clean accessible lots of amenities in the apartment felt at home it was very close to train links east to get around  many places walkable and train line got me to many locations in London area was lovely too nice local restaurants and bars nearby would highly recommended staying here,5,"Clean and accessible apartment with many amenities, close to train links and nice local restaurants."
18107579,276924532,2018-06-15,4300420,Amanda,"A really lovely room that had a little fridge and a microwave and kettle. Jonathan couldn’t have been nicer and I’d recommend this room to anyone, although I will say that the stairs leading to the attic room are a bit steep and narrow so if you have mobility issues it might not be for you. Otherwise the bathroom was huge with a great shower, wifi worked extremely well and there’s a big supermarket nearby.  ",5,"Lovely room with a fridge and microwave, but steep stairs may be a problem for those with mobility issues."
38325183,540977128,2019-10-04,198482935,Mia,"Lovely little treasure. Great value for money. Nina was a lovely host, really accommodating. She was quick at responding and just a pleasure to deal with in general. Love how big the space actually is, with the bathroom and kitchen being separate really makes the place feel very homey and not on top of yourself. Will be booking again, absolutely loved it.",5,Great value for money with a lovely host who made me feel at home in a spacious apartment.
238349,5556438,2013-07-06,518625,Mala,"Katherine's flat is a lovely oasis in the hustle and bustle of London.<br/>It is lovely, clean and bright, just what you need after a long day out and about. I stayed here with my baby daughter and it was the perfect place to come back to and relax. <br/>The street and surrounding area is very central with all the amenities one needs.<br/>Katherine is a very helpful, friendly and kind host. I would definitely come back here if/when I return.<br/>",5,Katherine's flat is a lovely oasis in the hustle and bustle of London with excellent amenities and a very helpful host.
941079272220711325,1122427061995156154,2024-03-28,566407655,Andrew,"Maria's flat is spacious, clean and tidy. Maria herself is a very helpful and responsive host. She even ordered an ironing board after I asked if she had one. I have just moved back to the UK from living abroad, and am living in temporary accommodation in London while looking for a permanent home. Maria's flat was a very convenient place to spend a couple of weeks.",5,"Maria's flat was clean, spacious, and conveniently located for a temporary stay in London with a responsive and helpful host."
19535158,229583839,2018-01-24,13513379,Maria,"Stayed a couple of nights at James’ place on business.  As an ex Notting Hill resident, I knew the location would be perfect for me, in between various tube stations and close to my favourite restaurants.<br/>James is really friendly and accommodating.  Check is was flexible as I was on my way to the office.  I look forward to staying again soon!",5,James' place is perfectly located for business travelers with a friendly and accommodating host.
1182473055056756454,1215155144695875039,2024-08-03,460253953,Raghad,It was a great apartment and nelson is very helpful. <br/>But be aware that the apartment in the top floor and there is no elevators ! <br/>but otherwise all was good and it is a clean specious apartment in great neighborhood and its totally safe and near bus stops. <br/>Thank you nelson,5,Nelson's apartment was great but be aware that it's on the top floor without an elevator.
18801225,530976606977792631,2022-01-02,152363699,Charles,Amazing Apartment and Amazing Host<br/>I stayed for a few days with my wife and two children. Very clean apartment with everything you need for a comfortable stay. Swimming pool and gym were great. Everybody we met at the block were friendly. The location was brilliant. Very close to a tube station and a number of things walkable too. <br/>Host was brilliant. Very good communication and helped with any questions we had. She was extremely flexible  during the uncertainty of possible restrictions.<br/>If you are looking for a place to stay in London I highly recommend this apartment.,5,"The apartment had everything needed for a comfortable stay with excellent amenities, a brilliant location, and a very good host."
16809327,411705325,2019-02-13,51237993,Steph,"This apartment is ideally located half way between Kings Cross and Euston - both easy walking distance.<br/>I arrived quite late, and Patsy was waiting for me with a very efficient check-in.<br/>The bedroom was a great size, huge comfortable bed, lots of natural light, and easy to control heating.<br/>The best surprise of all was how quiet the location was - never stayed in London at such a peaceful location, had a great night’s sleep relative to some of the hotels I’ve stayed in before.<br/>Patsy was friendly, hospitable and generous, and very discrete. <br/>I’d definitely recommend this place, and I’ll be staying again.",5,"Great location, friendly host, and comfortable accommodation."
24905889,499450840,2019-07-31,260979799,Giorgia,"Siamo stati per una settimana nell’appartamento che avevamo tutto per noi come l’host ci aveva riferito. La posizione è comoda per raggiungere la stazione di London Victoria in soli 20 minuti, da cui passano le metro con cui raggiungere qualsiasi zona. Altrimenti sono frequenti anche i pullman, più economici ma a causa del traffico un po’ meno veloci. Il quartiere è tranquillo, e sulla strada dalla stazione all’appartamento ci sono un sacco di villette tipiche del Paese 😍. Ci sono negozi e ristoranti, fast food e caffè, quindi se non si vuole spostarsi verso il centro c’è comunque qualcosa da fare. L’unica pecca è il balcone che piace tanto ai piccioni.. praticamente non l’abbiamo mai usato ma non era indispensabile.",4,"Convenient location, quiet neighborhood, but some issues with the balcony."
1223696530661264426,1232538034103858116,2024-08-27,16000667,Mike,The check in to get the keys is in a grocery store a mile away. They do not tell you this before you rent. It makes checking in and out a pain. They gave us 1 roll of toilet paper for a week then said we must buy after inquiring about more. The place was super hot and the kitchen was very very bare bones stocked. Upon check out I had asked the woman working downstairs if we can leave our bags for an hour while we ride the cable car. She said no problem as long as it was only an hour so we bought tickets. Then when we went to take our luggage another woman said absolutely not so our money on the tickets was wasted as well. This place was a disaster from check in to check out. I’ve stayed in nocarzs all over the world for over 10 years and this was the worst experience I’ve had. I PROMISE you your money will be better spent at the holiday inn express across the street. This place was terrible,1,"Terrible experience from check-in to check-out, poor communication, and basic amenities."
14029424,944769216406606261,2023-07-27,73993564,Lesley,It does exactly what it says on the tin. <br/>So central and 6 minutes walk from the Royal Opera House in a well lit route. This was the purpose of my trip and it ticked all the boxes. <br/>Basic accommodation but everything was clean and just as promised. <br/>A real find for me. <br/>I could become a regular!,4,Basic accommodation in a fantastic central location that met all expectations.
16401093,162527570,2017-06-21,44681657,Alexandra,"I had a great stay in this apartment. It is sizeable for London and the location is fantastic. The apartment is done nicely and has a range of amenities. The only thing that could have been improved in the apartment was the bed - it's quite low and the mattress is a bit soft. <br/>I didn't meet the hosts - I received the access codes which allowed me to check in and out without having to arrange to meet someone. It was very convenient. I am traveling on business and the flat was perfect for that - a table to work at, fast wifi and easy plug points.<br/>There is a lot of construction going on in the area, so if you are hoping to sleep in very late, that's not going to happen given the noise. However, I generally didn't find the construction particularly disruptive.<br/>If you are new to London and you are looking for local hosts you can get to know, this is not the place for you. But if you want an apartment with your own space, in a fantastic location for both work and play, this is an excellent option. ",5,"Great location, comfortable space, and convenient self-check-in process, but some minor issues with the bed and construction noise."
31837346,433941870,2019-04-07,117797469,Amy,"Overall a great budget stay! The location isn’t ideal although it still felt safe- it’s just far away from many things- although in a city as large as London I would guess many places are. The place was clean, secure, and had any amenity you could want. Only complaint with the actual space was that the bed was very uncomfortable. In the end I’m glad I stayed at Ben’s place!",5,"Great budget stay with clean and secure space, but uncomfortable bed"
16575941,180865400,2017-08-11,81209336,Karlee,"The location is amazing! So many great little shops and restaurants are nearby, and it's just a quick scenic walk from Victoria station. I worried about the shared bathroom but it was not an issue at all. Alessandro also left little welcome treats for us to use throughout our stay. Recommended.",5,"Excellent location and amenities, recommended for its proximity to Victoria station"
42555072,1092737326729400085,2024-02-16,265337950,Austin,"Our stay was for six nights with an average of 3 guests. Apartment was very spacious, and if someone was watching TV the sound did not leak into either bedroom which was nice. Only the one TV in the living area. Had a working coffee maker, microwave, stove, oven and washer/dryer combo. Wifi was slow, only ~7mbps.<br/>The beds are super firm, and need updating.<br/>Issue with the bathrooms, the showers couldn't be used at the same time. So we would have to run the bathroom sink faucet to get the shower in that bathroom to turn on. Hot water worked once we found instructions that were hidden that said to use the nest to control the water heater. The shared bathroom toilet doesn't flush properly.",5,Spacious apartment with some issues with bathrooms and WiFi speed
49539306,1227498146214759100,2024-08-20,593465708,Kevin,"Nice little place to call home while in London. Tidy, clean and, in a great location with nearby shops and excellent transport links. The train station and bus stops is mere minutes away, with frequent service. To cap it all off Ailsa, is a friendly host and very responsive to any questions you may have. Would definitely stay again should the occasion arise.",5,Tidy and clean place in a great location with friendly host Ailsa
11417626,87281916,2016-07-19,39828919,Anna,"We had a fantastic stay at Peter's. The apartment is located right on Brick Lane, perfect if you want to spend your time shopping for vintage clothes and exploring Shoreditch as we did. We were able to walk everywhere and never had to take the tube. Despite being on a lively street, our room was quiet, for it was at the back of the house. It was clean and smelled nice and towels were provided. The apartment has all you need for a comfortable stay, including a large dvd collection. <br/>Peter is a wonderful host, he was so helpful, polite and communication was perfect! We enjoyed having a chat with him and felt very much at home. We also fell in love with Jazz and Jack (Peter's cats). We absolutely recommend staying here!",5,Fantastic stay at Peter's apartment on Brick Lane with perfect location and host
956443532923136387,1017293670025502020,2023-11-04,197843614,Jessica,"nous sommes restés 3 nuits dans cet appartement. <br/>L'arrivée est simple avec la boîte à clé.<br/>le jour de départ, un rangement vous permet de stocker vos valises si vous ne partez pas de suite, ce qui est bien pratique. <br/>le logement est très bien situé, à proximité du métro, ce qui nous a permi de visiter facilement une bonne partie de Londres. De plus, le marché de Candem, accessible à pieds de l'appartement, est vraiment génial. <br/>La communication avec notre hôte a été parfaite, elle a été très réactive et n'a pas hésité à se déplacer en cas de besoin. <br/>L'appartement était propre et tout est pensé dans le detail (boîte à pharmacie, café, savons...).<br/>Je vous recommande cet appartement.",2,"The apartment was well-located, clean, and had everything needed for a comfortable stay."
21170699,529575189971333998,2021-12-31,248722111,Taura,"This is not a dream home... because it's REAL. Everything has a furnishing (finishing geddit?) touch to it, from the dimmable lights to the extra cushions. You literally have everything you need. The Nest function is pretty nifty also - very handy in the fickle English weather hahaha. <br/>Our favourite part is the kitchen - every single thing you could want to cook/bake (yes, bake!) is possible. Spices? Check. Oven? Check. Cleaning supplies? Check check check. And if you need groceries, you'll be spoilt for choice with the multiple supermarkets around, all within a maximum 10 mins walk. Highly recommend the Turkish marts nearby as well for some awesome pawsome treats in there. Lots of vegan options nearby in the Angel/Islington area if anyone's looking! This location is top-notch for travelling into Zone 1 too. <br/>And thank goodness for Marc on checkout day. Without him, who would have known how we'd manage to carry our luggage down the steps. Phew! nocarz PLUS indeed!!",5,The apartment was fully equipped with modern amenities and had a great location near multiple supermarkets and public transportation.
29656978,1240470661640280797,2024-09-07,11110815,Charlotte,Samantha is just amazing.  As I was flying in late sure waited up for me and kept in constant contact to make sure I arrived OK.  <br/>She is the friend you never knew you had and is just amazing.  I will be going back over the next few weeks and I can't wait!<br/>highly recommend 👌,5,Samantha was an amazing host who waited up late to ensure the guest's arrival and provided excellent communication throughout their stay.
24408958,284216631,2018-07-01,76882572,Meritxell,"The house is located in a very nice area and it is just 5 min away from the tube and bus stops. The kitchen is very spacious  and it has a lot of light, it has everything you may need, the bathroom was sparkling clean.  The room is very cosy and cute with plenty of storage. Lily has been a great host, she was very welcoming and kind. I totally recommend staying here.",5,The house was located in a nice area with easy access to public transportation and had a clean and spacious kitchen and bathroom.
23756069,1301376775369546727,2024-11-30,429716917,Shay,"The unit in Wapping was perfect for a family trip to London. Close to Tower of London in a quiet neighborhood. Easy access to restaurants and across the street from a grocery store. All other sight seeing was a 10-15 min walk to the tube or boat and then 30 min ride. We would recommend this to families with kids who can handle the commute or walk. Overall, a great stay!",5,"The apartment was perfect for families with kids, offering a quiet neighborhood, easy access to restaurants and grocery stores, and a short commute to major attractions."
43566987,891869453961135264,2023-05-15,442263786,Terence,"Everything was what I expected. Great location host helpful. Very clean tidy.<br/>My only two observations were I had a lot of luggage many tight stairs, my fault for not thinking about luggage. I mentioned to Jessica the lack of closet hanging space for cloths. Otherwise I would recommend this studio to anyone. Happy. Nice job.",5,"Great location, clean, and helpful host, with only minor issues with luggage space."
21182774,914364935266101609,2023-06-15,33197583,Jin,"The living room with balcony was really great. It's a bit annoying that the window in the bedroom can't be fully opened, especially in a very hot summer day. The location is great. A little suggestion, maybe the shower head should be changed, some spots quite rusted. But all those are little bits and pieces, didn't bother at all for my stay. Jack was great in responding and I really liked the flexibility in checkin and out.",5,"Good experience with great location, but some minor issues with the shower head and window in the bedroom."
3428697,19098962,2014-09-06,20476395,Lee,"If you're looking to stay close to the action, amongst the hustle and bustle of central London, this little apartment is everything it says it is!<br/>It's perfectly located next to Edgware Road Tube Station, only a 2 minute walk away and Baker Street Station, a leisurely 10 minute stroll through Marylebone.<br/>My Fiancé and I were very comfortable and had all the amenities (high speed wifi, washing machine, full kitchenette, comfy couch!) we needed in the apartment and also close by.<br/>Oisin was incredibly helpful, easy to contact and on the ball when we had any problems.<br/>Overall we had a pretty awesome time! If you want the experience of living in inner London with all the comforts of home, this is it!",5,"Perfectly located apartment with all amenities, friendly host, and excellent communication."
4168785,124624206,2017-01-02,60375185,Sònia,"The time in Oleg's was great! Great location, quiet place but near everything (walking distance) and super clean! The room was quite big and cozy :) And they allowed us to leave our bags until night on our check out day, so we were able to worth the whole day in London and pick the luggage later.<br/>I'm happy I chose this place to stay in London and I would defenitly repeat if I would go back.<br/>Thanks so much for everything! :)",5,"Great location, quiet, clean, and cozy room, with helpful hosts who allowed luggage storage."
18456846,194186555,2017-09-16,8155011,Kevin,"This apartment has a stunning view of the city and the location is very convenient to lots of attractions in London.  The section it is in has a fun, edgy vibe.  Lots of interesting restaurants- don't miss Mercato Metropolitano, which has many great casual dining options.  The apartment has everything you will need and the wifi is excellent.  Serhat is an exceptional host.  He responds promptly to emails and is very accommodating and friendly.  We will definitely stay in his apartment again if we travel to London.",5,"Stunning view, convenient location, and excellent host who responds promptly to emails."
3450212,81392567,2016-06-22,32948151,Charlotte,"Although we arrived later than we expected, Nainesh welcomed us very kindly, offered us coffee/tea and made us feel very welcome. The room was great, the bed as well. We didn't see that much of Nainesh (work, and we were out a lot) but it was overall a very nice stay and would definitely stay again. ",5,"Welcoming host, clean room, and great location made for a pleasant stay."
3165691,571436136,2019-12-01,276523838,Kirra,"Highly recommended! This flat is a fantastic friendly, quiet space to relax and be toasty warm in - an oasis when traveling and exploring London. Damiano's place is in a great location with everything easily accessible. With all the modern luxuries, this place is a must stay for the solo traveller or couple.",5,"This flat is a fantastic friendly, quiet space to relax and be toasty warm in - an oasis when traveling and exploring London."
819950599274994891,949124035102386665,2023-08-02,446272278,Meilinh,"Très bel appartement, bien décoré et propre. <br/>Petit bémol, la lumière extérieure la nuit et le soleil le matin qui nous a réveillé. Il faut passer au masque pour les yeux. <br/>Le train passe en effet la journée mais la nuit il n'y a pas de bruit.<br/>L'hôte était très gentil et communicatif. <br/>Merci beaucoup, c'est un logement que je recommande.",2,"A very nice apartment with a kind host, but some minor issues with light and noise."
9527125,224791738,2018-01-04,156438374,Jo,"Overall good impression, but beware there is no microwave (I know there is no microwave stated on the listing, but it’s easy to overlook when described as fully equipped kitchen). The bed is more of a large single then a double, and do not depend on the sofa bed as the mattress will not be good for your back and neck.<br/>Landlady is very responsive, good WiFi. Acceptable kitchen if you want to do a little cooking.",5,"Good impression, but beware of the small double bed and lack of microwave."
2025844,120890733,2016-12-12,66340167,Hendra,"Mark was an example what a great host should be. Our flight was delayed for 5 hours, we arrived on 00:30 at Marks place and he still waited to greet and welcome us. The unit itself is exactly what in the picture and in the description. The location, what can I say, superb!! Situated in zone 1, right across the Russel Square station, surrounded by all the shops you need (24 hours Tesco, huge supermarket, pharmacists, restaurants etc etc) you cannot ask for more. The unit sleeps 8 people easily and comfortably. The cooking utilities enough for a super chef inside us to create michelin star foods. A big thank you to Mark and big applaud for his place we cannot have enough to recommend this place to anyone who plan to visit London. Excellent!!!",5,"Excellent host and location, perfect for large groups or families visiting London."
1131354,144548522,2017-04-16,110101980,Britta,"Die Zimmer sind optimal aufgeteilt für eine Familie. Ein großes Elternzimmer und ein großes Kinderzimmer. Das Bad ist mit einer Wanne ausgestattet und lädt förmlich zum Baden ein. Alles was man benötigt war vorhanden. Kühlschrank, Toaster, Wasserkocher und Mikrowelle, ausreichend Geschirr. Sogar eine gute Teeauswahl und Kaffee gab es (falls man nicht bei Susanne frühstücken möchte). Die Gastgeberfamilie ist sehr freundlich und immer für ein Gespräch zu haben. Wertvolle Tips für den Aufenthalt gibt es ausreichend. Wir werden auf jedenfall wiederkommen, da bei Susanne wohnen heißt ""sich zu Hausen fühlen"".",0,"The host's family home was perfect for a family stay with a large parent bedroom and child bedroom, well-equipped kitchen, and friendly hosts."
39789353,754998654848544725,2022-11-07,26822268,Wing Yan,"The location is perfect. There are many great restaurants nearby the house. Also near the underground. You can buy food in four different supermarkets which nearby house. Dan is good at communication and friendly. He always answer our questions quickly. His house is same as the pictures. It is a stylish, beautiful and comfortable house.",5,"The location of the house is perfect, close to restaurants, underground, and supermarkets, and the host Dan is very communicative and friendly."
968664014198511918,1136909912932240390,2024-04-17,22882993,Remy,"The flat was great. It was close to the tube, so it made it easy to travel around London. It was also close to the grocery store which made it very convenient. It was nice and roomy which was perfect for our week stay with 2 little ones. Mirko was very accommodating and I recommend this place!",5,"The flat was great for a family stay with two little ones, close to the tube and grocery store, and the host Mirko was very accommodating."
23434067,316460931,2018-08-31,174645031,Christine,"Our family, of six (four adults and two children), stayed at Lulu’s family home in Herne Hill for a total of ten days and it was a fantastic experience.  The house was very stylish, welcoming, and perfect for our family.  With three bedrooms on the second floor and a large master bedroom on the third floor, there was amble space for us to sleep, store our clothing and personal items.  Our boys were really thrilled with having their own kids room, equipped with bunk beds and filled with toys to play with.  The open concept living room and kitchen were spacious and perfect for day to day use.  The cozy backyard was a great place for our boys to play, and for us to BBQ and relax after busy days touring London.  Herne Hill is a great community that is surrounded by wonderful parks, shops, and easy access to all parts of London.  Lulu was very helpful answering all our questions, and provided us with excellent recommendations for places to go and things to do within Herne Hill and the surrounding area.  We would highly recommended staying here.",5,"Lulu's family home in Herne Hill was fantastic for our family of six, with plenty of space, a cozy backyard, and excellent recommendations from Lulu."
42790341,1126743873248016918,2024-04-03,68899324,Claudio,"Probably one of the best houses we have been so far. We weren’t so lucky to meet Emma in person at the check in but we were welcomed warmly by Helen and by N&J’s detailed instructions about the house. The apartment is really gorgeous and full of light. Orchids flowers and fruit on the table were waiting for us. The rooms are nice and the third bed is in a cosy small balcony overlooking the living room that our younger boy really loved. We felt at home. I had the privilege to cook in a kitchen clearly equipped for a chef preparing meals for his/her family. Transportation to the city is easy: overground and buses take you everywhere. I strongly recommend Emma’s house, even if we would keep it as our secret gem in London. Bravo!",5,"Emma's house is one of the best we've stayed at, beautifully decorated, well-equipped kitchen, and easy transportation to the city."
853620560492583079,1219443208315975249,2024-08-09,347130421,Fan,"Great location, very close to my kid’s summer camp location and 5 mins walk to High Road where has lots of cafes, restaurants and shops. Ash is very responsive and provided us with helpful info (and thanks very much for the beautiful flowers). The apt itself is clean and matches the listing description. We had a great stay.",5,"Great location, clean apartment with responsive host."
41335225,727383826345412910,2022-09-30,64102651,Guillermo,"This is one of those instances where I wish nocarz would let me give more than 5 stars. Angie and Dean were some of the best hosts I've ever had. They were flexible, responsive, proactive, and communicative. Their home was clean, updated, and perfectly located. I will definitely stay here again the next time I'm in London. Highly recommend!!!",5,"Excellent hosts and perfect location, highly recommended."
34736973,543270204,2019-10-07,725809,Chantal & Pat,"Our stay hasn’t been as spotless as for previous guest. <br/>While communication was smooth before booking we didn’t had any news before arrival so we first wrote an nocarz message a day before arrival that stayed unanswered and then, a couple of hours before arrival, wrote to Jessy’s phone number where she answered quickly.  <br/>The room was clean and simple but our door couldn’t be fully closed (I’m not speaking about locking it with a key - which there room doesn’t have - but closing). Neither Jessy or Harriet mentioned this beforehand or when we checked in and when we asked about it, Harriet just gave us a wedge to secure the door. <br/>Overall the house is ok, like many old London house, it doesn’t have a good thermal or noise insulation but nothing too bad. It’s clean but not spotless. Kitchen has most of the basic things you may need and bathroom is ok too.",5,Clean but not spotless room in an old house with some issues.
21255126,461856283,2019-06-01,67847158,Grace,"Andy was great! Super friendly and knowledgeable about the area. Our room had plenty of space and we were able to cook whenever we needed. Our place was perfect, right next to the bus stop to get around wherever we needed to go. Perfect place to stay for all points east festival too!",5,Friendly host and great location for exploring the area.
41512525,638996940,2020-07-17,287585043,Mick,"Great place to stay whilst I was working.<br/> It had everything I needed, the whole place is finished to a very high standard and is well worth the price.<br/>Check in was easy with detailed instructions provided by Michael beforehand.<br/>The bathroom and kitchen were especially nice and Michael provides all the pots and pans required to cook yourself a proper meal.<br/>Couldn't recommend this place enough for anyone visiting/working in the area.",5,Highly finished apartment with everything needed for a comfortable stay.
391808,197921100,2017-09-27,24202062,Dunia,"The apartment is near to Pimlico underground station, it was very close of the 24 bus stop, that Michael recommended us to take to go to the center, and is also close to the Westminster abbey by walk. The room was very confortable and clean. Roberto and Michael tell us the principal things to do in London. We spent a great time, we hope to come back some day.",5,"The apartment was comfortable, clean, and conveniently located near public transportation."
8823495,53419586,2015-11-08,47988912,Tatjana,"Luca was a perfect host. He even got as bread, butter, milk and coffee. The flat was just as it was portrayed in the photographs. Nice, clean, new built and contains all you can need. Was perfect for our stay. Location was nice in quite neighborhood. The underground is close. Would recommend the flat to others. ",5,"Luca's flat was perfect for our stay, with a great location, cleanliness, and amenities."
969604712674172007,1152828249274842469,2024-05-09,229846270,Yannick,"Si vous cherchez une location idéalement située pour visiter Londres, ne cherchez plus, vous venez de la trouver. Ce logement a répondu à toutes nos attentes. Sa localisation est idéale, étant proche de deux gares ferroviaires à pied : Bellingham Station, qui vous amènera directement à London Bridge, ou Lower Sydenham, qui vous permet d'accéder à Victoria Station avec un seul changement. Vous pouvez même vous rendre à Londres en bus, et ils sont très fréquents. De plus, le logement est à quelques minutes à pied des commerces, ce qui est idéal pour faire des courses (Lidl se trouve à quelques mètres, Aldi ou Sainsbury's à quelques minutes à pied). Le logement est calme, propre et fonctionnel. Joan, notre hôte, a été exceptionnelle : disponible, attentionnée, bienveillante. Merci, Joan, pour votre gentillesse. Nous reviendrons.",2,"This ideal location made it easy to visit London, with nearby train stations and shops."
673067,455906792,2019-05-20,213825173,Susan,"The flat was so clean and a perfect location. Very quiet as well, which was surprising given its in-the-heart-of-the-city location. <br/>I loved that Paul offered us travel books (which I didn’t bring for our short stay).  Paul also provided many nice amenities such as electric converters (I had the wrong kind), coffee, sugar, bar soap, laundry & dishwasher soap, and paper towels/napkins. The sky lights made the apartment so well lit. The grocery was basically at the base of the building. The security to the building was very good and Paul’s instructions for entry were perfect.  Tube stations are only a few minute walk. <br/>The only things I will point out. The beds are very soft. We only stayed 2 nights so worked out but my back was a little disrupted (we prefer medium-firm beds). Also if any in your party have mobility concerns, getting in and out if the shower (in a deep soaking tub) could be harder (with a travel companion could be a help).  The lift in the bldg would be perfect for them. <br/>I highly recommend this flat for a stay in London. I certainly would return without hesitation.",5,"Paul's flat was clean, well-equipped, and in an excellent location, but the beds were too soft."
655875191811633925,1151336567233903428,2024-05-07,30778167,Ollie,"We had a great couple of nights stay in Patrick’s place. Patrick was very communicative and helpful. Very good value for money for its location. As other reviews mention, it is a very small place, but we had 4 of us there and it worked well. One downside, the sofa beds weren’t particularly comfy.",4,"Patrick's place was a great value for its location, but the sofa beds were uncomfortable."
5198507,873062020782916495,2023-04-19,467170,Melanie,The flat has wonderful views over the cemetery and we enjoyed seeing a 3 legged fox making his way home in the evening as well as finding the graves of the famous and eating at the lovely cafe.  There is a great pizza shop around the corner and it’s an easy journey to the museums at south ken and the adventure playground at Holland Park. The flat was spacious enough for our family of five and a comfortable place to come home to.  The only drawback was the noise sensitivity of the tenant below to early rising children.,5,"The flat was spacious and comfortable, but had some noise issues with the tenant below."
695272221956989242,1070950835445407872,2024-01-17,28518467,Charlotte,"I loved staying at Alice’s flat. It is a really nice flat and is exactly as described. All the rooms were nicely decorated and very clean. With the outside garden, there was plenty of space, but the flat has a nice cosy feel. Alice was a wonderful host. She was very responsive to my questions and she provided very clear instructions for check in and check out. 10/10!",5,"Alice's flat was lovely, clean, and cozy, with a wonderful host who provided excellent communication."
21322815,343668319,2018-11-01,19855922,Emma,"Scott was a charming host, greeting us on arrival and showing us around the flat. The flat was lovely and warm and extremely comfortable. We loved being able to pop across the road for breakfast croissant, and being able to stroll to the tube , less than a minutes walk away, and popping in to Tate Britain. We hope to be back soon!",5,"Scott's flat was extremely comfortable, warm, and in a great location near the tube and Tate Britain."
1507385,433996399,2019-04-07,248985327,Jamie,"Had a fantastic time at Art Deco Hackney Haven. Stayed 3 nights in a very modern, stylish accomodation, in a great location, and with excellent nearby transport facilities to Central London (20 mins max). <br/>Had great communication with the host and would highly recommend this venue. <br/> Very well worth the stay, and at great value.",5,"Art Deco Hackney Haven was modern, stylish, and well-located with excellent transport links to Central London."
16027179,143991920,2017-04-14,51228736,Patricia,"Lovely house in a peaceful street (with parking available which was important for us). Communication with Landlord was quick and easy and very helpful. Lovely, helpful landlady in the flat below (helped us with our questions during and after our visit). <br/>The flat is within walking distance (10-15 mins) to the underground station 'Wood Green' (Zone 3 in London). Plenty of space and comfortable beds ... <br/>A basic summary: well worth it's money and a trip there.",5,"The flat was lovely, peaceful, and comfortable, with helpful communication from the landlord and landlady."
137581,152540046,2017-05-17,18213613,Brandon,My wife and I loved this part of our trip in Western Europe. The apartment is very clean and in a great building with fantastic views. It's very spacious with a large living room. The location is perfect for getting to most spots in London.<br/>Anthony was a terrific host and was quick to offer info or respond to any questions. He also made sure our arrival/departure was easy. Would highly recommend this spot.,5,"Loved the apartment's cleanliness, location, and spaciousness, and Anthony was a great host."
21781674,805004692097834942,2023-01-15,40829881,Kelsie,We stayed here for 5 weeks.  We chose the room with the ensuite which was good for our stay and well suited our needs.  No complaints at all with this. <br/>Our issues arise from the shared kitchen.  The house rules state  -  Do the dishes.<br/>The kitchen is small and relatively well equipped provided users clean up after themselves. It was very disappointing that we needed to clean the kitchen before we could even use it. The state the kitchen is continually left in is disgraceful and as a paying guest we found this lack of care very disrespectful.   Shared kitchen etiquette and hygiene needs a lot of work.<br/>It should be noted that Elisabeth the host as stated in the ad does not live here and it seems those responsibilities of host are left up to her son who does live here.  We feel the ad is misleading in this respect and should be rectified.<br/>Location is good.  Accommodation is good.  Kitchen etiquette requires urgent attention.  Sadly I feel our stay was tainted by this.,5,"Good accommodation and location, but shared kitchen etiquette and hygiene were disappointing."
1802813,420016177889715031,2021-08-02,13978354,Anjan,"This place is in the heart of Soho, which is in the middle of all the action and activity.  Within 20 mins you can be close to very different neighborhoods.    It reminded me of a quaint SF apartment.  Spacious except for the bathroom, which is tiny compared to American standards.    That said each room had it’s own sink which helped.   It’s on the top floor so the light is excellent and the windows block out all the sound.   A nice place of refuge after a night out in London.   The hosts were communicative and helpful.   Thanks for making London exciting.",5,"Quaint SF-style apartment in Soho with excellent light and views, and helpful hosts."
51803604,511432677880950009,2021-12-06,17149607,Ana Celia,"We were in London to see a concert in the Roundhouse and AJ’s apartment was in a great location in Camden, walking distance to the tube, with loads of restaurants and shops near by and Camden Markets. <br/>The apartment is big enough for 4 people, the sofa-bed & bed were very comfortable. <br/>It's a newly renovated apartment. We had some issues on arrival, but AJ responded to messages and sorted them out very quick.",4,"Great location in Camden for concert-goers, with a big and comfortable apartment."
42535879,424420065672508994,2021-08-08,400176872,Kellie,"The apartment isn’t quite as modern & fresh as it looks in the pictures and is on a busy road so was quite noisy at night. BUT the location is absolutely perfect, 2 minutes up the road from the Chalk Farm tube station and a 10 minute walk from Camden markets. Flavio was extremely easy to get in touch with. (Note, theres no hairdryer or WiFi included and we had to buy our own toilet roll as none was provided)",5,"Perfect location, but noisy due to busy road, and some amenities were not provided."
6222799,503465445540371816,2021-11-25,193761809,Shifa,"Alison was a very sweet and kind host! She greeted us every time we came in and offered breakfast every day of our stay, and the room was cozy and thoughtfully decorated! The house was very charming and warm and we were ecstatic about staying in a Victorian style home. Tom was also very friendly and caring as well. We just adored our stay",5,"Guest had a wonderful stay in Alison's Victorian home, praising her kindness, the cozy room, and warm atmosphere."
5725544,45724127,2015-09-05,42457607,Catherine,"Hello <br/>Thank you so much for my ten day stay in this amazing apartment, made all the better by the awesome host! <br/>The apartment is beat clean fresh and roomy, with a full kitchen and clean bathroom, great double size bedroom and beautiful lounge / dining with balcony! So close to everything you can walk where ever you need to go in London, either to the city centre or the palaces, or Hampstead Heath or Notting Hill, everything is close by, but if walking is not on then the fantastic tube is only a couple of streets away!  <br/>I would recommend this apartment to any single or couple wanting a wonderful host with great facilities and close to major attractions of London! ",5,"Guest loved their 10-day stay in this apartment, appreciating its cleanliness, spaciousness, and great location near London's major attractions."
18597000,151833944,2017-05-14,130114442,Mihaela,"I loved the time at Pete and Wes's apartment! The room was clean and comfortable with a lovely view over a little green area, it was very bright during the day and peaceful during the night. Pete and Wes were very friendly and helpful with suggestions about the area of London. I found the location convenient, there is a bus stop next to the building, and it is a nice little walk to the underground anyway. The next time I go to London, I'd definitely like to stay at Pete and Wes's apartment again, and I highly recommend it! ",5,"Guest had a fantastic time at Pete and Wes's apartment, enjoying the clean room, lovely view, and friendly hosts."
346523,75137106,2016-05-19,54689406,Daniela,"My husband and I stayed here with our four year old child. As a young family, I did a lot of research before booking a property as it was important to me that we stay in a clean, safe, and convenient flat. Julia's place was great! Julia went above and beyond with many small touches to make sure our stay was comfortable. <br/><br/>The flat has been beautifully updated with many fine touches. The location felt very safe. Buses and markets were very convenient and we were able to get to most touristy places in London within a 5 minute walk and 10 minute bus ride. Otherwise, the area of Chelsea was wonderful on its own with lots of small shops and restaurants. Julia and her husband were very friendly, warm, and extremely helpful during our stay.<br/><br/>The only thing to note is that the room can get a bit hot/stuffy. There is only one window/door combo that serves as the only source of fresh air. In the evenings, when the door is closed for quiet and privacy, the fresh air source is also gone. With three of us in the room (two adults and a small child), it maybe was a bit too much. My husband and child both like sleeping when it's a bit cooler. Probably would not be an issue for one or two people staying. <br/><br/>Even so, we would stay here again. Overall a great stay! ",5,"Guest appreciated Julia's place for its cleanliness, safety, and convenience, but noted that the room can get hot/stuffy."
5081461,30556174,2015-04-24,28353196,Jelena,"We had a great time at Gail's for two days!! First of all the room was beautiful and neat, with our private bathroom, all new and fresh, and a big terrace full of flowers and herbs Gail and Steve grow, where we sat in the evening and could chat and drink a cup of tea after the busy two days we had in London. The house is in the quite neighbourhood and close to several bus stops that get you very fast to wherever you want in London. In the mornings we got a bonus with a perfect breakfast of fruits and yoghurt, cereals and whatever else you could imagine, the best coffee in London (I might add) and the bonus was their little five year old girl Poppy that was an absolute delight and all two mornings that we stayed there we were late going out because she was entertaining us the whole breakfast time before she left for school. Alltogether we would definetly recomend staying at Gail's because she was also very helpful regarding the information about London and things to do and how to get around.<br/>As soon as we come back we will most certanly look to stay at their place again.",5,"Guest had a great time at Gail's, praising the beautiful room, private bathroom, big terrace, and warm breakfasts, as well as Gail's helpfulness and her daughter Poppy's charm."
3658078,172285120,2017-07-20,21921754,Hanan,"Liz's flat is perfect - it's better than staying at a hotel, but with all the cleanliness, and nice small touches that a hotel would offer. Check in was super easy and very accommodating of our circumstances. The flat itself is immaculate and beautifully decorated, with enough space for hanging up clothes in the wardrobe. Super quiet, sunny, very comfortable and has everything you need and more. Thanks so much for a great stay!",5,"Liz's flat is perfect, with cleanliness, nice touches, and easy check-in."
19535158,222651456,2017-12-30,103555325,Jonathan,"James went above and beyond to accommodate us at his beautiful place. He's such a lovely guy with fascinating and insightful stories. He was extremely helpful and our lives are better as a result of meeting him. We got a bit delayed from the airport which meant we didn't get to his until around 2 in the morning, but there he was waiting up for us, extremely kind indeed.",5,James went above and beyond to accommodate us at his beautiful place.
10351152,106448216,2016-10-06,61206184,Sharon,"My experience indicates that Angel would feel more comfortable as a Host to singles, couples without young children. Given her residence is in immaculate condition I spent most of my time at her house feeling hyper vigilant in keeping the place spotless and keeping my daughter in line, so did not feel like I was on holiday. Cost of the stay is not far off Hotel prices whereby keeping things in order would not be required and much more relaxation could be had. Angel also has adorable dogs however you need to also be mindful that your stay will require you to work around them in terms of accessing areas of the apartment and ensuring your food is stored away from access to the dogs.<br/>Location is great and Angel is happy to provide advice on how to get around, and makes herself readily available for advice. <br/>  ",5,Angel's residence is immaculate but may not be suitable for families due to the need to keep it spotless.
604185,300056657,2018-08-01,390781,Adam,"Marie and Sally were fantastic hosts. Their home is beautiful, the bed comfortable, and the cats that visit the backyard very cute. Their place is in a nice quiet area that's very close to a Tube station, so it's easy to get to other parts of the city. I had a great stay and will certainly try to stay with them again next time I'm in London. ",5,Marie and Sally were fantastic hosts with a beautiful home in a quiet area near a Tube station.
18391778,297155805,2018-07-27,102171916,Kymbat,"Everything was good. The room was very cozy and Alice was super friendly and left us water, tea and cookies. However, we were not lucky with the weather. There was unexpectedly very hot in London and there was no air conditioning in the room. Therefore, it was too hot in the room and dusty because we tried to keep the window open. In addition, it was a bit difficult to get used to shower.  ",4,"Alice's room was cozy but lacked air conditioning, making it difficult to stay cool during hot weather."
28489720,476016389,2019-06-25,86964066,E,"If you’re short on cash and are used to communal living with very thin walls, a ton of rules and lecturing posts based on what you must not do, and are a heavy sleeper, this is the place for you. We stayed one night, and just left to find a hotel elsewhere. The door locks, but has a gap at bottom and window at top, so the hall light shines bright inside. The place smelled like it had been shellacked with disinfectant. The floors and bedding were clean. Any movement upstairs at all rumbled the house and we barely slept. This isn’t a “shared home” but a hostel. The owners were nice in communications, but it was not the experience we thought from reading the description.",5,"The reviewer had a poor experience due to thin walls, rules, and lack of sleep."
1195425162035537308,1225969886998088880,2024-08-18,257407449,Jordan,"Vy was a great host with clear instructions on how to find the apartment and made the check in and check out process easy. The apartment is clean and in a nice area. Some small critiques we’d have would be the lack of iron and TV as well as the door handle on the bathroom not being sturdy and falling off on our last day. The pillows were also slightly uncomfortable and the apartment is on a main road and so can get very noisy at night so you would need to keep the windows closed. It is also circa 40 minutes from central London but close to Shoreditch which is also nice. <br/>Overall, the apartment is great value for money as long as you don’t mind the travel. If some small changes could be made as mentioned above it would definitely be 5 stars.",5,The reviewer was satisfied with the apartment's cleanliness and location but had some minor complaints.
560155184309246369,620162836923709729,2022-05-05,84602816,Adrienne,"Shane's a super charismatic host who has so much love for the Shoreditch area and its hip bar and art scene. He's friendly, welcoming and is willing to answer any of your questions on life in London. The flat itself is immaculate and the bed is so, so comfortable. Checkin was very easy, Shane meets you to show you how to use the keys and get to the apartment, would be a bit confusing without the first hand tour. Would definitely recommend to all and happily stay again.",5,The reviewer had a great experience with a charismatic host and an immaculate flat.
844242575087047506,858539896675175023,2023-03-30,484871037,Chen,"I recently had the pleasure of staying at Gracia's cozy flat and I must say, it was a fantastic experience!<br/>The location was ideal for me as it was walking distance from my office. The apartment itself was clean, comfortable, and had everything I needed for a comfortable stay.<br/>But what really stood out was the host's amazing hospitality. She went above and beyond to ensure that I had a great stay - she even lend me her personal iPhone charger when she got to know that I had forgotten mine. It's these small touches that really made me feel welcome and cared for.<br/>Overall, I highly recommend this nocarz to anyone looking for a comfortable and convenient stay in the area. Thank you again to Gracia for your wonderful hospitality and for making my trip a memorable one!",5,The reviewer highly recommended the apartment due to its ideal location and the host's exceptional hospitality.
15332911,1210762180464829394,2024-07-28,84255220,Nicola,This was a great place to stay after a gig at Wembley.  Chris was really welcoming and the room was perfect for the night.  It's less than a 15 minute walk from the stadium and the underground and the area felt pretty safe to us especially with so many people around.  Chris's place is in a quiet street and her lovely back garden made us feel like we'd woken up in the trees!  We will definitley be back in touch when we visit the area again.,5,The reviewer was pleased with the welcoming host and the convenient location near Wembley Stadium.
8813364,662184578792388893,2022-07-02,360063501,Peggy&Amp;Chris,"The place is just as described and David was very responsive.  Check-in was easy.  We had a family of 5 (2 Adults and 3 children under 13) and the place fit us just fine.  The location was very nice with a Tesco and a coffee shop within a 2<br/>minute walk.  Transportation is a key factor here. Realize you are about 30 to 40 minutes away from all the main London attractions by public transit. 20 to 28 minutes by taxi or car. So remember to allow for that time. Accessing the public transit however is supper easy. Bus stops into town are just outside the door.  Also the Imperial wharf overground station was just past the coffee shop. The station connects into underground stations up the route, even an uber boat (infrequent outside of weekday rush hour) is also available in the river to bring you into London proper. All transport is reasonably priced and accessible with an oyster card you can buy at Imperial Wharf.   We liked being a little away from very touristy sections and we found the neighbors to be very nice as well.  We found this location to be a clean and affordable option for our London adventure.",5,Clean and affordable option with great location and responsive host
5820464,535424122,2019-09-24,25431926,Andrew,This was our second stay at Leah’s and it was great. It is a lovely house and excellent room with en-suite bathroom. It is especially good to have the guest kitchen with breakfast things supplied. The position of the house is very good as it is very close to Queen’s road station. Although Queen’s road itself is busy and noisy the double glazing in the room filters it out very effectively. Leah is an excellent host and we will definitely return if we can.,5,"Lovely house with excellent room and en-suite bathroom, close to Queen's road station"
3293028,215539235,2017-11-30,16310866,John,"Richard was a great host - very responsive to any messages or questions that we had. We really appreciated that he met us at the house. I liked that he has thought about the safety of his guests - for example making sure we knew where the fire extinguisher was and where the emergency exits were. While it is very unlikely that there would ever be need for that information - especially in a well maintained property like this - to me it was a sign of a host who takes his hosting seriously.<br/>We loved the house - clean, and light filled. We used all the major appliances in the course of our visit - oven, dish washer, washer and dryer - and they all worked well. I made good use of the turntable and records, and we were able to use our Netflix account on the TV.<br/>We needed to be in the Ealing area for family reasons, but found the access to London and Heathrow was good, with the Northfields station on the Piccadilly line a short walk away.<br/>When we return to London, our first choice will be to return this property.",5,"Well-maintained property with clean and light-filled space, good access to London and Heathrow"
43077298,1173791313098763038,2024-06-07,419326300,Jaye Laura,"It was a real pleasure to meet Kevin and stay at his place - he was a perfect host and an all-round great conversationalist. We really enjoyed the chats we had with him over the three nights about teaching, travel, music and languages, and he made us feel really welcome in his space. The room is comfy, clean and warm, exactly as it looks in the pictures, and we will definitely be visiting again when we return to London. Thank you and see you again soon!",5,Comfy and warm room in a unique house with great host who made us feel welcome
879448634203614289,952830650390768523,2023-08-07,81461465,Immanuel,"we had an amazing stay, the unique house has a creative, imaginative quality matched with fun and individualist spaces. <br/>we had a family looking weekend in London and each had their space. The kitchen was well stocked and local shops were within easy walking distance.<br/>The location was good for getting into town centre, with butter stops just out side. <br/>We would stay here again.",5,"Unique house with creative spaces, well-stocked kitchen, and good location for getting into town centre"
768698345487289824,895571942031573323,2023-05-20,369315333,Lillian,"We absolutely loved the place, Hugh and his assistant communicated with us ahead of time with simple and clear instructions, easy check in with lock box, place is remodeled and clean, bed was super comfortable, mattress provided great back support and we had two awesome restful nights there, cotton linens and feather blanket felt like clouds. The place has two shared bathrooms (there is a few bedrooms in the house occupied by different travelers at the same time, but we never had a problem with bathroom access), also there is a neat kitchen with everything you need. <br/>A little bit unexpected was the fact that they forgot to clean our room before our arrival, and we had to wait after our check in, but Hugh responded right away and everything was ready by the time we came back from the walk. Excellent place, we’ll taken care of. Highly recommend for a reasonable price and cleanliness.",5,"Excellent place with comfortable bed and clean facilities, minor issue with room cleaning but resolved promptly by host."
21564181,356413986,2018-12-08,218823916,Francisco,"Es un apartamento estudio muy coqueto y práctico para ir una pareja . Muy bien equipado, limpio y súper confortable. La ubicación es buena en zona 2 a solo 5 minutos del metro. El Barrio es muy tranquilo y acogedor. Además tiene el rio muy cerquita y una bonita terraza para disfrutar los días buenos. La cocina y los baños están perfectamente equipados. Ha sido una grata experiencia y la propietaria muy atenta y pendiente de todo.",3,"Cozy studio apartment in a quiet neighborhood with good location, well-equipped kitchen and bathroom, and friendly owner."
165336,670452301,2020-10-03,33487829,Marina,"Nathan's place was fantastic for our one week stay. The apartment is stylish, spanking clean and very well tidied and organised. There are several supermarkets around and the area couldn't be more central and interesting - there's tons of independent restaurant and cafes. The tube is also around the corner, which is rare to find in London!",5,"Stylish and clean apartment in central London with easy access to public transport, supermarkets, and restaurants."
16894514,1018064416495338990,2023-11-05,24719187,Viviane,"We stayed for a little bit more than one week in Edouards Apartment. It‘s located very central and you have quick access to buses or metros to go the city centre and all the main attractions. Also there is a tesco and several little shops nearby if you plan to cook sometimes for yourself, what you absolutly can because the kitchen has everything you need. The apartment itself is cozy, clean and makes you feel at home. Edouard answers very quick and is always friendly and helpful. One of the best nocarz‘s I‘ve ever stayed in. Def. recommend!",5,"Central location, quick access to buses and metro, cozy and clean apartment with well-equipped kitchen, friendly and helpful host."
801383690960755369,967236312911367199,2023-08-27,65830667,Eric,"Sarah has been very accommodating and hospitable throughout my stay! She’s always responded to my messages. The studio is in the back of the house, about 25-30 minutes to Victoria Station (city center in London) by taking Southeastern Line from Shortlands to Victoria, one week pass ~£55, and it runs until pretty late. The studio itself has a bed, a kitchenette, a washer, a cabinet/dresser, a working TV? and a standing shower. About 10-15 square meters. There’s a backyard which Sarah let me hang out. Anyways, it’s a good studio considering the price. Thank you Sarah :)",5,"Accommodating and hospitable owner, good value for price, studio has everything needed for a comfortable stay."
1099035412041879239,1109309315024828980,2024-03-10,74300556,Eddie,"Baltic!! <br/>tiny radiator in hallway not enough, living was area freezing. Vent in room just pouring in cold air, Looks like double glazing windows but draughts from all angles. No chance !!<br/>On enquiry before booking asked to specific address (as not listed ) was told something fancy nearby , on the morning due of arrival got the update of official address and wasn’t happy, the posh answers followed & slippery enough to deal with on the phone, Shame she doesn’t match the setting. <br/>It’s always disappointing to be duped & Don’t think Id book nocarz places again without properly listed addresses . live & learn hey!!",0,Disappointed with the property's lack of heating and misleading address information.
786205359610603733,1270995488330791056,2024-10-19,31770705,Yulia,"Nous avons passé 2 nuits dans l'appartement de Mita et notre séjour a été très agréable. Mita est très réactive et essaie d'aider ses hôtes à avoir un maximum de confort. L'appartement se trouve à 2 min à pieds du métro, le quartier est chouette, vivant mais calme, plein de petits restos. Plusieurs lignes passent à Ealing Broadway, vous arriverez donc en centre ville assez rapidement. Ligne directe jusqu'à Westminster.  L'appartement a été très propre, il a du être rénové il n'y a pas très longtemps, le linge de lit était de bonne qualité. Merci pour vos efforts Mita, nous reviendrons.",2,"Had a pleasant stay in Mita's apartment, which was clean and well-located."
10945211,124225198,2017-01-01,57051010,Marsha,"We stayed in Jasmine cottage with our 3 kids 21, 18 and 15 (from the US)  The apartment was great!   Nicola emailed me in advance asking for our food preferences and stocked the fridge with eggs, cheese, bread, etc. What a delight!  The beds were comfy, towels were excellent and the robes were a great touch. We loved the location and were fortunate we had good weather and could walk most places. A great stay and London was fabulous!",5,"Nicola's Jasmine cottage was great for our family, with comfortable beds and excellent location."
50908199,753546998146291080,2022-11-05,441050719,Aleksandra,"i find this nocarz very cute , cozy and ideal for a young couple , it’s very well located close to a super market, restaurants, a little mall and its also very close to 2 overground stations and bus stops . i loved the little terrace it has that looks to the street (ideal for smokers), has all the necessary equipment , its a bit smaller from what i expected but that didn’t bother me at all, still pretty spacey for 2 tourists . What i would have liked to be different is the heater to reach warmer than just lukewarm and even tho the nocarz was quite warm itself especially during the day , there was 2 out of 4 nights that i spent there that i wished the radiator would warm a bit more but if ur someone that likes to sleep w long winter pyjamas u will be fine , the hosts were pretty helpful and kind except from the last night when we had to call cuz the code to enter the building was on my phone and my phone had gone dead , he picks up all mad talking to us like we’re not the ones who payed for the stay and whatever comes w it but him. <br/>Overall a pretty good stay but there is still room for improvement.<br/>P.S The stay was beginnings of november <br/>:D",5,"Found the nocarz cute and cozy, but had some issues with heating and communication from the host."
22722328,741142411364215744,2022-10-19,316131298,Đỗ,"The house is really clean and comfortable. The host is really nice and support, we have a great time here. The house is near the lime station ( 9 mi walk). The host also help us to leave our luggage without any fare when we go to edin. I definitely recommend my friend to go there. Love ❤️",5,"The house was clean and comfortable, with a nice host who helped us with luggage storage."
748302014824244941,1255068638428330530,2024-09-27,124324088,Kate,Had a great few nights stay with Adriana and Ruby. The room and bathroom were clean and tidy and Adriana was very communicative on check in day which was a big help. Apartment is really quiet despite being close to the rail line which is great! Lots to do in Brixton and a short walk from Brixton tube station so very easy to get into central London. Would absolutely recommend!,5,"Had a great stay with Adriana and Ruby, clean room, quiet apartment, and easy access to central London."
465435,505639832550404869,2021-11-28,425329464,Uygur,"It was a wonderful nocarz experience. A comfortable and clean en suite in a lovely apartment with lots of artwork, plants and books, which all together give the place its character and make it feel like home. The building is a new and nice one with a good lift. Location was very good.  You can take a bus from literally in front of the building and go to Picadilly Circus directly. Tube is just minutes walk away if you prefer.<br/>Simon is a great host. Beyond that he is such a wonderful person he even gave me his spare phone after mine was stollen somewhere around Angel. And when he did this great favour, I wasn’t even staying in his place yet. I was in my previous nocarz. I will always feel thankful and lucky to discover Simon’s apartment.",5,"Wonderful nocarz experience with Simon, comfortable and clean en suite in a lovely apartment with good location."
1093290410392069284,1293453942879257588,2024-11-19,50491066,Fran,"Gracious welcome from Sadiq, who kindly let us leave our luggage early and helped us with our cases. Warning - there’s a few flights of typical-London-terrace steep stairs to the private quarters at the top of the house. The room was beautiful with a wonderful outlook over the garden and wider neighbourhood and the bathroom spotless and very well appointed.  Central heating and a heated towel rack added to the comfort of our stay during a cold and rainy week.<br/>The home is in a very convenient location in a great neighbourhood, two bus routes almost on the doorstep will take you right into the heart of London.<br/>The handwritten welcome card, tasty treat and luxurious toiletries were a lovely touch.  We also loved the personalised list of recommended cafes and local attractions. Thanks Sadiq!",5,"Gracious welcome from Sadiq, beautiful room with garden view, spotless bathroom, and convenient location."
46633721,888327482379912033,2023-05-10,60350373,Manon,L’appartement d’Alex est vraiment bien situé dans un quartier accessible par de nombreux transport en commun ! La propreté était correct malgré bcp d’humidités dans la salle de bain. Les murs sont très fin et le poindrez bruit dans le couloir s’entend de suite. <br/>La procédure d’arrivée sans clé est top !,3,"Alex's apartment is well-located, clean, but had some issues with humidity in the bathroom and noise from the hallway."
4972039,1236161688803404438,2024-09-01,468049101,Alex,"Llegamos temprano y pudimos entrar sin problema antes del check in. Diane es super amable y sus perritos se comportan muy bien. Todo coincidía con las fotos, la habitación es pequeña pero cómoda. La ubicación es buenísima y muy fácil llegar. Hay ascensor. Tiene a pocos pasos tiendas con todo para comprar cualquier cosa de higiene y comidas preparadas.",3,"Diane's apartment was great, early check-in allowed, friendly host and pets, small but comfortable room, good location."
1234077324817525876,1266581297975541595,2024-10-13,8135128,John,"Alexis & Emanuele were perfect hosts, they responded to questions promptly and were very accommodating, the apartment is exactly as described, it’s in a beautiful quiet residential area of Knightsbridge close to everything including Harrods, Knightsbridge underground station is only a 5 min walk away, you are only a couple of stops on the underground to Leister Square and the middle of Soho for the nightlife. I highly recommend this apartment and I will definitely be back, I stayed in nocarz’s in London before but this one is in my top two apartments to stay. Oh and just to mention that Alxsis’s recommendation for breakfast in L’ETO just down the street was great, <br/>Thanks again Alexis & Emanuele.",5,Perfect hosts with a beautiful apartment in a quiet residential area of Knightsbridge.
4280762,290934091,2018-07-15,23708322,Sven,Ich war mit meiner Tochter bei Matt und A in London und wir können nur gutes berichten. Beide waren äußerst aufmerksam und hilfsbereit. Wir bekamen nette Tipps und fühlten uns wirklich wie zu Hause... :) Die Wohnung und das Zimmer waren sauber und ruhig in der Nähe vom Regent's Canal gelegen. Für uns war die Lage perfect und wir genossen allabendlich einen kleinen Spaziergang am Kanal. Gerne wieder...,0,Friendly and helpful hosts with a clean and cozy apartment near Regent's Canal.
43120947,1281159354566935238,2024-11-02,650857640,Grace,"Amazing place . check in was quick , it was close to the trains and buses. So many shops around. The place was clean , The people are friendly. The prices were good , cheap as well .<br/>😜.It was close to KOKO London to see my concert.Just that the pillows were less . But overall i recommend ✨👏🏽.",5,"Great location, friendly people, and good prices for an amazing place to stay."
30123947,497193720,2019-07-28,278181148,Beth,"Not worth the money.  While the apartment was clean and in the heart of Soho-the cost simply does not live up to the value.  I had dear friends fly in from Germany and we were looking forward to sitting together, dining in the apartment.  There was a heat wave that week and the apartment did not have adequate ventilation.  33 degrees Celcius/90 degrees farenheit in the apartment almost the whole time.  All  but one window in a back bedroom was cemented shut, so we could not open the windows to cool down at night.  The living spaces were unbearable.  One of us got a heat rash and none of us slept.  Even though I called and asked for more/better fans, Mike texted that it was too late the first night; then never tried to rectify the situation.  We were miserable.  The apartment did not include air conditioning, but that doesn't mean 33/90 degrees is acceptable. Candidly, while the weather was out of his control, he could have reduced our bill (we could not possibly sit and chat in that stifling kitchen, and eating there was impossible), or found some way to make the stay palatable.  On top of this, the over $120 cleaning fee was adding insult to injury.  We couldn't sit there long enough to mess up the place!  There are equally nice places just outside of Soho, we found for next time that are a fraction of the cost.  <br/>He was nice during the texts, but nice neded action.  He could have taken more responsibility to his guests.",4,Not worth the money due to inadequate ventilation and poor communication from the host.
31755856,668399343,2020-09-27,97807109,Mark,"Great location, just a few minutes walk from Victoria train/coach station and Buckingham Palace. Walked to Churchill War Rooms and to the Hayward Gallery on the Southbank via Parliament and straightforward direct bus journey to the trendy Spitalfields market and hipster Shoreditch. Really central location. <br/>Nice size living room with decent tv. Great little kitchen, spacious bedrooms. Some carpets are a bit tired and could do with some tlc but all was clean and it didn’t detract from a great stay. <br/>Excellent communication from Dmitry and he was very understanding when our arrival was delayed. <br/>Highly recommend.",5,Excellent central location with a nice apartment and great communication from Dmitry.
50709090,1186831362185557990,2024-06-25,4404176,Dani,"I stayed for a week in Shawn's downstairs-upstairs flat and always felt good coming back to it after exploring London. Two tube stations on different lines are nearby, busstop in front of the house, big Tesco around the corner, smaller shops and restaurants along the road, perfect. The road is very loud, no doubt, but I didn't mind although I kept the window tilted. In the summer heat the room (ground floor) was not to warm thankfully. The kitchen has what you need, the bathroom/ separate toilet upstairs as well (hairdryer is in the bedroom in the nightstand, saw that too late, but brought my own anyway). A second room is rented out as well, but I never had problems with the other guest. Shawn is a nice lady near retirement, she wasn't there all the time, so should you have lots of questions or need her help I guess phoning her would have been okay. I think, the price for the room was absolutely fine. Thank you, Shawn, for letting me stay.",5,Guest had a comfortable stay in Shawn's flat with good amenities and location.
26872240,591145261316989198,2022-03-26,432415653,Leo,"Its our first visit in UK and we are lucky to stay in Webb's house.  The environment is quite and clean. <br/> Webb's family is very nice and the check-in process is easy.  The place is very convenient, no matter with or without a car.  Its only 10 min walk to a big supermarket, and 15 min bus to shopping center in Croydon.  If you prefer natural environment, feel free to spend an afternoon in the Beddington park (5 min bus) , or watching swans in Wadden Pond (5 min walk).  Well, subject to the local weather.",5,"Guests enjoyed their stay at Webb's house due to its quiet environment, cleanliness, and convenient location."
7605914,447862681,2019-05-04,257932167,Vikas,A very comfortable and quiet place to stay at Harrow. Harrow on the Hill underground station is around 7 minutes walk. There is a Morrisons around 3 minutes and a good Indian restaurant 2 minutes walk away. I had 4 pieces of luggage including 2 large suitcases and the room (which is on the first floor) is big enough to fit these in. Renee is a good host. I stayed there for 3 days and had a peaceful and relaxed stay.,5,"Guest found Renee's place to be comfortable, quiet, and conveniently located near Harrow on the Hill underground station."
53094825,592517160674250563,2022-03-28,9190259,Johanna,"Me and my sister had a wonderful stay with Andrea in his AMAZING home. A flat in Victorian English townhouse on a wonderful street, just between stoke newington and dalston. Andrea was super sweet and even baked us lemon cake one night! His flat truly is a hidden gem, it’s newly renovated and absolutely beautiful, could be in any fancy English interior magazine. Felt more like a trendy but classy hotel than an nocarz. I will deffo come back! 🙏",5,"Guests had a wonderful stay at Andrea's home, describing it as an 'AMAZING' hidden gem with a trendy but classy atmosphere."
9642962,168222852,2017-07-09,27649458,Cassandra,"This apartment couldn't have been in a better location -- quiet neighborhood but so close to everything London has to offer through a moderate walk or short tube ride! The apartment itself was perfect for the five of us, with two good sized bathrooms and living space that fit us all. It was clean and as pictured. Check-in and check-out were a breeze and the host was incredibly communicative.  ",5,"Guests praised the apartment's perfect location and amenities, including two good-sized bathrooms and living space for five people."
16389550,345890219,2018-11-06,36577391,Beat,"Very stylish apartment!!<br/>Love the kitchen although we don’t have much time to cook.<br/>Libby and Jordan are really nice and helpful. We enjoy the week staying with them. The room is big enough for 2 with all our shopping bags!! (it will be great if there is a desk to put our things) <br/>The area is convenient, supermarkets and nice cafe near by. The tube station is walking distance : )",5,Very stylish apartment with friendly hosts and convenient location
1227411419400044394,1307179398579819324,2024-12-08,169910369,Dimitry,"We had a great overall experience staying here. The place was generally clean and comfortable, but there are a few things to note. There was a leak in the ceiling of the kitchen, which could be an issue for future guests. The windows aren’t insulated, so there was a lot of street noise from traffic. Also, we were missing enough duvets and towels for our group of 8 people, which was a bit inconvenient.<br/>The location is close to the metro, which made getting around easy. For the price and what we were looking for, it was a decent stay, but addressing these minor issues would make it even better!",5,"Generally clean and comfortable stay, but some minor issues to address"
638228581325018736,1269557882280573923,2024-10-17,406884055,Kirsty,We had a brilliant stay at Max’s place. It was walkable to Battersea Power Station which had loads of restaurants and the river boat. It was right next to Battersea Park which was lovely. Very peaceful surroundings and a lovely area. We had a problem with the shower and Max phoned me up straight away with instructions on how to use it. Great host and will definitely return,5,Brilliant stay in a peaceful area with helpful host
31914332,475124469206372736,2021-10-17,91443081,Massimiliano,"Great stay in Tottenham. 40' walks from Tottenham Hale and from the Hotspur Stadium, you can find comfort and quiet in a tiny but gracious room in Maud' house. I arrived late in the night but no problem for them to check out late, fantastic hosts. When I travel again there, I'll be their guest again.",5,Comfortable and quiet room in a great location with friendly hosts
1192037274730813538,1257166098086959985,2024-09-30,131296714,Ralf,"Die Wohnung ist relativ groß für den Preis. Ein klares Plus ist die Waschmaschine mit Trocknerfunktion. Dafür fehlten zahlreiche Dinge, die einfach dazugehören: Kleiderbügel, Licht am Bett, Garderobe (es gab nicht mal einen Nagel in der Wand), in der Küche: nur eine (1) Tasse, keine (!) Gläser, keine Kochtöpfe, Kochlöffel, Küchenmesser, Schere, Korkenzieher, Geschirrtuch. Schön wären auch Stühle und ein richtiger Tisch. Und eine Dusche ohne Rost und Schimmel, die normal funktioniert. <br/>Die Heizung ging mehrmals nicht, offenbar weil ein anderer Mieter sie kurzerhand wieder abgestellt hatte. Ich habe zweimal einen ganzen Tag auf eine Reaktion auf meine Nachfragen warten müssen.",0,"Large apartment with washing machine, but lacking basic amenities"
633724747629040893,1211551783379437439,2024-07-29,24651849,Elizabeth,"Tamzin’s place was perfect for our needs during our stay, especially when traveling with a little one (lots of toys and books!). The location is convenient to shops and bus routes, and felt private and quiet. We had everything we needed during our stay, and Tamzin was very response and helpful. Also, the artwork is great!",5,"Tamzin's place was perfect for our needs, with a convenient location and plenty of amenities."
20597476,852808105649502041,2023-03-22,1239762,Andy,"Lovely homely property with an eye for design. Lots of neutral colours and natural textures. Especially liked the concrete worktops in the kitchen and the calm living space. All the amenities you’d need, including parking right outside. Clearly somewhere the host has lived, rather than an investment rental as many nocarzs are these days. Friendly host. Had one small issue but Clare was super responsive.",5,"Lovely homely property with an eye for design, friendly host, and responsive to issues."
23958660,445505933,2019-04-29,115598125,Seth,Sally's place is a a very convenient location to Greenwich and also transport and shops. Access to the backyard flat is down some stairs through the main kitchen of the house. The flat is very private and once it is warmed up it is cosy. The bed is comfortable and was big enough for the both of us. The flat and amenities are all very modern and the 2 burner hob works very well  but there was no microwave. Sally is a very accomodating and friendly host and we highly recommend her place :),5,"Sally's place is a very convenient location, private flat with modern amenities, and accommodating host."
1034673551275392980,1183978437649414052,2024-06-21,210812971,Emmaly,"I loved this spot! I am quite envious of this cute little apartment, and hope the host all the best in the future. Ivan, our host, allowed for an early check-in and was a very proactive communicator. <br/>The house feels both cozy and spacious, and the neighborhood was wonderful and neighborhoody to walk around in after being in central London for a few days.",5,"Ivan's apartment was cozy and spacious, with a wonderful neighborhood to explore."
716521983576699405,764308816969609737,2022-11-20,22735706,Ardeshir,"Very easy check in, keys were in a Box outside the flat.comfortable flat and it has very nice light. Good Wi-Fi and nice TV. Kitchen appliances were all very good and clean. <br/>The flat was nice and clean. The bedding were clean and nicely done,but the dining table is broken and didn’t expand so it was only enough for 2 people. Also one chair in tv room was broken. <br/>There were lots of furniture/ beds/ drawers in the hallway entrance/staircase which wasn’t nice and the staircase was very dusty. <br/>There were daily issues with the parking space as the shop next door kept parking their cars( sometimes 2 cars!) there despite telling the host. We also told the shop next door that we have rented the flat. They said the owner had allowed them and that they had spoken to Richard about it! We were not able to use the parking everyday. Only 4-5 days out of our 3 weeks stay!",5,"The flat had some issues with parking and furniture, but was clean and comfortable otherwise."
26215757,854215000152020967,2023-03-24,73407976,Sadie,"the apartment was super great, amazing location and Jaymin was very quick to communicate. The cleaning manager was brilliant, I left my handbag inside and she ran down the street to give it to me. thank you so much! the landlord didn't like us playing music out of a mini speaker at 5pm, that was the only disappointment!",5,"Great location, excellent communication from Jaymin, but minor issue with noise complaint"
33355757,889724992082635543,2023-05-12,26771501,Horst Guenter,As Shruti was unavailable to meet us on arrival she made an easy alternative arrangement for us to collect the key from a friend in her neighbourhood and kept us informed all evening.We were very tired after a long haul flight from NZ and found Shruti's spare room extremely quiet and comfortable and we slept very soundly all week.We tried not to inconvenience her in any way while sharing her kitchen at breakfast time and chose to eat out in the evenings.We were grateful for her recommendations and local knowledge.We also appreciated the opportunity to eat breakfast outside in the sunshine .We found Shruti to be a warm and genuine soul who was polite and interested in our lives too.,5,"Shruti was warm and welcoming, provided a comfortable stay with great local knowledge"
21548875,221336345,2017-12-26,8332705,Rebecca,This is a lovely flat in an excellent location. The entrance is right next to Gibson Gardens and then you walk through a courtyard to get to the entrance to the flats. It is beautifully decorated. Ami kept in emailed to ensure I picked up the keys from a drop off and that everything was ok. The flat is in a great location- just across the road from Abney Cemetery and around the corner from Church Street with all its bars and shops.,5,"Lovely flat in an excellent location, beautifully decorated and well-maintained by Ami"
942671903912124175,1092654133535570027,2024-02-16,86208631,Sam,"The host was very good at replying to messages but the room wasn't great. I'm not normally one to leave bad reviews but this was an experience.<br/>To access the house and your room you need to use an app on your phone every single time, it took a while to get the app working firstly and then it meant anytime you went to the bathroom or kitchen you needed to bring your phone or you'd be locked out of your room.<br/>The room and sheets and towels smelled like smoke, it was really gross - had to have the window open the whole time I was in there. The sheets had holes in and odd stains. The bed was springy and not comfortable. The bathroom was mouldy, everywhere.",0,"Poor experience due to issues with app access, cleanliness, and comfort of the room"
734058772303863370,933265334672837625,2023-07-11,45703622,Jude,"it was an absolute pleasure staying with Sandra.<br/>The room was light and spacious with plenty of wardrobe space and a desk. The rest of the house was clean and comfortable and Sandra made me feel very welcome and at home.<br/>Sandra herself was unfailingly kind, helpful and easy to get on with. <br/>I would not hesitate to recommend Sandra's as a place to stay.",5,"Sandra was kind and welcoming, provided a clean and comfortable stay"
584541304330457373,981100202293968094,2023-09-15,30553580,Mazen,"The apartment 6 was in second floor, you have to use stairs. So, it’s suitable for maximum 2 persons . It is near from Bond street station and Oxford street. From the morning till 11 pm you can hear noise from outside due to nearby restaurants. Moreover if you come in summer there is no air conditioning. The host very helpful.",3,"The apartment is suitable for 2 people, near Bond street station, but noisy due to nearby restaurants."
776158450548919137,869473633342002564,2023-04-14,333908933,Katana,My stay in London was an absolute dream thanks to Soon Young. I unfortunately had a stuffy nose most of my stay but she kindly gave me a heat mat to warm myself at night as well as a tea to help with the stuffiness. I felt so calm and safe as a solo traveler and she was so easy to communicate and was really fun to speak with! She even made me some toast and eggs and laid fresh fruits on the day I didn’t feel the best. She was like an angel honestly! I truly recommend this stay. The bathroom was spotless!! And I’m excited to visit London again and stay here again!!,5,Host Soon Young was extremely helpful and made the guest feel calm and safe during their stay.
51171108,792588594130407740,2022-12-29,53488226,Coleen,"The moment you walk into the luxurious lobby and are greeted by the concierge, you will feel you are in a quality building. <br/>As the doors open to the apartment, you notice how large the apartment is, the stunning decor, the extremely well-appointed kitchen and finally, the vast expanse of sliding doors leading onto the balcony. <br/>I can’t speak highly enough of this apartment and have started feverishly planning my next visit. <br/>The host was extremely responsive and helpful.",5,"The luxurious apartment is spacious, well-decorated, and has a vast balcony with sliding doors."
10985877,526787446,2019-09-09,5372737,Susan,"A cosy, convenient and comfortable studio right in the heart of Chelsea. Location was ideal. Sainsbury's supermarket next door to pick up supplies. Having the kitchen/washing machine was ideal for us.  We chose to eat in most nights after busy days seeing the sights.  A fantastic first-time visit to London. Ana was a very good communicator, nothing was a hassle.",5,"The studio apartment in Chelsea is cozy, convenient, and comfortable, with a good location and amenities."
12199234,930364475171657194,2023-07-07,516169031,Sacdio,"I had a wonderful stay at Verity's home! She was an exceptional host, providing a calm and beautiful home for me during my event nearby. The space was cozy, clean, and filled with thoughtful touches. Verity's hospitality and attention to detail made my stay truly enjoyable.  I would most definitely recommend her home and would stay again myself☺️ Thank you for a great experience!",5,"Host Verity provided a calm and beautiful home for the guest during their stay, with thoughtful touches and excellent hospitality."
35830004,514278979997593101,2021-12-10,107706909,Dustin,"This is a great location close to 5 different underground lines and it made our stay very enjoyable! Really fast Internet (upwards of 350mbps down), basic cooking needs, and a decent size flat for two couples in our party. The heating elements are right up against where you sit on the toilet in the bathrooms so be mindful, cover with a towel or turn off. Thankfully, there's not a lot of noise at night (at least not enough to prevent us falling asleep). Living room/dining area was spacious enough to entertain a couple other folks visiting for an evening.",5,"Great location with fast internet, comfortable flat for two couples, and some minor issues with heating elements in the bathroom."
42833921,519367951577427087,2021-12-17,50063323,Carissa,"The rooms are located in a nice neighbourhood which is very convenient. It is close to nice cafes, train station and a variety of supermarkets. There’s also a nice park nearby. The kitchen is gorgeous and makes cooking a breeze. It faces a really nice large garden which would be nice to sit out and watch the day go by. The rooms are functional and the shower is in the room itself. The toilet is a shared WC just outside the rooms. <br/>Jeanie was helpful and at the same time respectful of giving us space to use her kitchen. The rooms are good value for money and I would recommend staying here.",5,"Nice neighborhood with convenient access to cafes, train station, supermarkets, and a park, with a functional kitchen and helpful host."
5476930,50019244,2015-10-08,44815384,Beatrice,"L'appartement était très bien préparé pour notre arrivée ! très propre, tout est bien ordonné, on se sent attendus.<br/>La literie est de très bonne qualité et les finitions sont soignées.<br/>Anna a été patiente avec nous car nous avons eu quelques heures de retard. Nous sommes venus en voiture et à Londres la circulation est très difficile!<br/>Le quartier est excentré mais en voiture , nous avons trouvé facilement (Attention de ne pas oublier de payer le parking /nous avons été verbalisés car nous ignorions qu'il y avait un horodateur)<br/>",1,"Well-prepared apartment with good quality bedding, clean and organized space, but be aware of parking fees and traffic in London."
416238,39381213,2015-07-23,31969757,Rémy,"Nous n'avons pas vu Sam (trop occupé à se gratter la barbe ?) mais avons été reçus par Michelle, très avenante.<br/>Le logement est parfait pour 4 personnes, très calme et proche de Hampstead, très vivant et agréable (attention, la crêperie, très courue, n'ouvre qu'à partir du Jeudi.)<br/>Le parc de Hampstead Heath tout proche, est magnifique, recommandé pour un pic-nic<br/>Les indications écrites par Sam sont bien utiles.<br/>Nous avons passé un excellent séjour, le métro nous amène  rapidement dans le centre de Londres<br/>Nous avons pu arriver à 13H et repartir à 16H, ce qui est bien pratique.<br/>A noter : Sam répond très rapidement aux mails ; merci<br/>Seul petit bémol : la douche, à régler au millimètre, sinon c'est glacé ou brûlant.<br/>Nous reviendrons sans hésiter",2,"Quiet and calm flat perfect for four people, close to Hampstead and its park, with useful written instructions from Sam, but some issues with the shower temperature."
762792341165487739,1074550438479342050,2024-01-22,29232562,Cleo,"Tony was responsive and the apartment was very central. It was a little tricky to get in with the lock on the front door being a little tricky. <br/>On first impression, the apartment looked clean however the floor was a slightly dirty, leaving our feet and socks a little black. <br/>Coffee/ tea would also have been nice but there was a cafe a few minutes away.",4,"Central location with responsive host Tony, but minor issues with cleanliness and lock on front door, and no coffee/tea provided."
24045624,542431047,2019-10-06,292350602,Jay,Great apartment. All amenities required supplied. Decor a little tired in places. We only stayed for one night and it was perfect for our needs. Bedding a bit rough and cheap not sure we would want to stay longer than one night. Great location. Would use again but bring our own bedding. Very homely otherwise. Owners communication has been excellent and all in all good value for money!,5,"Great apartment with all amenities, but some minor issues with bedding and decor."
46556617,1248523672710262825,2024-09-18,18675690,Sonali,Absolutely loved staying here. Great location and super peaceful. Alick was an amazing host with helpful local tips. The tv/projector is a great touch if you want a quiet night in you can curl up and relax easily. Had a good space to work also if you need it.. but the beautiful peaceful garden is the best bit!,5,"Loved the peaceful location, helpful host, and beautiful garden."
54255024,716546089846719400,2022-09-15,39649596,Victoria,"This is a lovely, quiet room and was perfect for a few days for a solo trip. The area is lovely, and the flat is well located in walking distance to tube and bus stops, with plenty of food and conveniences around as well. Melanie is a lovely host: accommodating and relaxed.",5,"Quiet room in a lovely area, perfect for solo trip, with accommodating host."
553628594582582071,1140451259477427881,2024-04-22,248871338,Kim,Although the place was clean and the kitchen was great everything needed a bit of TLC the walls were marked and the bathrooms a bit rough around the bottom of the walls and bath. The description was not accurate as there was only one television in the one bedroom and not all 3 as stated and shown on the pictures. The bottom bedroom was very cluttered and we had nowhere to hang any clothes. The area was okay but not much there. Overall we did enjoy ourselves and the flat had plenty of space,5,"Clean but needs TLC, inaccurate description, cluttered bottom bedroom."
41553027,670802368001933008,2022-07-14,330540311,Lucinda,"Had a lovely stay at Jo’s apartment. So many thoughtful touches such as a breakfast basket, fresh organic milk and quality products such as soap, shampoo and body wash. The place was immaculately clean, the bed was incredibly comfortable and it was also in a great location which was within close walking distance of local shops, restaurants, pubs and cafes. Jo was also a lovely, attentive host who went above and beyond to ensure we had a comfortable stay!",5,Immaculately clean apartment with thoughtful touches and great location.
2371649,80995746,2016-06-20,64044051,Cindy,"If you will be visiting London, Lyn's B&B is the place to stay!! Gavin was away but we had the pleasure of being pampered by Lyn! She was most helpful for us two Americans to find their way around! Lyn fed us so well!! I looked forward to her homemade goodies every morning, not to mention her assortments of jellies and teas! It was truly a treat to stay in their home! The room was very cozy and inviting! The bathroom was clean and the tub alone was a treat! Specially after a long day of walking around London! Oh and did I mention the garden?!?! A great spot to take in Gods beauty! We have already said, if London is a place we get a chance to go back to, I truly don't believe we will ever stay in a hotel again, Lyn and Gavin's home is where we want to rest our heads as long as they will have us!!! ",5,"Lyn's B&B is a wonderful place to stay with a cozy room, delicious homemade goodies, and a beautiful garden."
1147047399340943052,1286209236664156834,2024-11-09,2077289,Jaretta,"Our stay at Miran's was just perfect! The flat is large and beautiful. We had all the amenities we needed to make our stay wonderful. <br/>Miran was extremely helpful, friendly and quick with communication. The neighborhood was easily walkable with many restaurants and shops up and down the street. A bus stop is just outside the door and the Underground station is also easily accessible with a 15min walking you'd rather not ride the bus. <br/>Note: The flat is directly atop a mosque so just be aware that there will be worship noise occuring, especially on Fridays, but we were not bothered. <br/>We really enjoyed our stay and would absolutely stay again!",5,"Miran's flat was perfect with all amenities, friendly communication, and a great location near restaurants and shops."
11340222,465275744,2019-06-07,46096360,Jason,"Pictures are quite misleading, as the place is not maintained nearly as well as what the  photos may indicate. The boiler is turned off around noon until early evening, so there is a chance that there is no hot water during that span, depending on other guests' usage. The wifi can also get unbearably slow at night and it feels like there is a general effort to reduce overhead costs (have to air dry laundry before putting them into dryer/emphasis on reducing water usage). <br/>That said, the price point is low to the point that these issues have to be taken for what they are. The walk from the location to the main road is about a full 10 minute walk. From there, you can grab a bus towards Brixton which is the closest Tube station, though there are other buses heading directly towards the Knightsbridge/Victoria area. Again, for the price, it's hard to complain but the pictures and general description felt a bit deceptive.",2,"The place is not well-maintained, but the low price point makes it tolerable despite issues with hot water and wifi."
12825208,353264376,2018-11-27,122344384,Sylvia,"What you see is what you will get. Even better when you are there in the apartment. It's very clean and everything has been carefully thought of to your stay a comfortable and enjoyable one. Very modern apartment and stylish. Also very friendly and warm host. You will get a quick response also. It's a fantastic area also for shopping, restaurants and the station is a walk away. I walked to the station on most days and was regularly in the East Croydon town center which has an array of shops.",5,"The apartment was very clean, modern, and stylish with a friendly host and great location for shopping and restaurants."
23371010,446854666896971426,2021-09-08,268132143,Lucy,"Read through other reviews before booking, good value at £80 for two nights in London. There was lots of plug sockets and cupboards. Clever use of a small space, however it's not very private (you can hear everything) so not best for couples who like privacy. Found a fair bit of dust on the shelving, in the bathroom area, on the sheets, and the curtains were a little dirty along with a stain on the carpet and sofa. However, you do get what you pay for, it was in a brilliant location near the tube and did the job: somewhere to sleep and wash. We think we'll stay further in the centre next time just for ease.",5,"It's good value at £80 for two nights in London, but not private and had some cleanliness issues."
584579738630287719,617877530347795431,2022-05-02,26010574,Kelly,Our stay in London was lovely thanks to Louise. She worked so hard to make sure we made it to her place safely and responded quickly to our questions. The apartment has a great. Jew and a balcony to enjoy. It also has a bus station right outside the door. Great for getting around London. I highly recommend her place and hope to return again in the future.,5,Guest had a lovely stay at Louise's apartment in London due to her excellent service and amenities.
39211227,670802942044579009,2022-07-14,204287092,Wade,This hotel was incredibly cheap but was a bad stay. Every inch of the carpets in the building was stained. The walls were splattered with something. Our bathroom door had a large crack in it from someone pulling it over the door stopper. Our window was broken and with our stay it was so hot it was unbearable and we decided to leave after just one night and book elsewhere. The way our stay went even with how cheap it was to stay it wasn’t worth it.,0,"Guest had a terrible experience with stains, cracks, and broken window at this hotel."
13524455,731763017692443391,2022-10-06,10398711,Julia,"Clean bedding and towels and the bed is very comfy.<br/>Lots of kind generous extras in the room such as drinks and snacks. My room wasn’t ready when I arrived but I was offered tea whilst I was waiting, much appreciated after a long journey.<br/>The flat itself is run down and tatty.  The furnishings tired.  It only has single glazing so was very loud with road noise and people, which only stops after midnight and starts again at 5 am.",4,Guest found the room clean and comfortable but the flat itself was run down and noisy.
17976639,567040754,2019-11-21,197051169,Sorin,"Great apartment – historical Victorian house with a beautiful interior, located very close to the city centre, yet in a calm and quiet area. Perfect for people looking for a romantic getaway holiday. The room was squeaky clean, as well as the common area. Upon arrival, we were greeted by the host, who was very friendly and helpful regardless of our both check-in and check-out being very early in the morning.",5,"Guest loved the historic Victorian house apartment for its cleanliness, location, and friendly host."
24385068,1025338258583244176,2023-11-15,120991683,Miguel,"Place is smaller than  expected. It is kind of difficult to find it as all buildings look the same. Somebody's dog urinated in the stairs. And the bathroom needs a deep cleaning. Also in the advertisementit mentions that there is a drying machine, but the only thing available is a clothing hanger. My average rating is 3 / 5 stars.",2,"Guest had a mediocre experience with a small place that was difficult to find, dirty bathroom, and false advertising."
3573976,102494763,2016-09-18,66536507,Dario,"George and his kids are just amazing amazing people, helpful and polite. Bedroom, bathroom and kitchen are really clean. The atmosphere in the house is really friendly and the connection with the centre and metro is immediate. <br/>Thank you very much George for everything, I hope to see you again soon!",5,"Guest had a great experience at George's house, praising cleanliness, atmosphere, and location."
7852769,364272475,2018-12-30,232743111,Christopher,"This was our first time using air bnb. Llovely experience from start to finish, Monica was so welcoming, there was everything you needed in the bathroom, very clean and comfortable, with tv and wifi in your room, and bottles of water when you turned up,. Breakfast cooked by Paul was delicious, parking was good on their drive, and only a 10 min walk to Twickenham stadium. We were given a key to come and go as we pleased, absolutely perfect for all our needs, we will be going back and will be recommending  to everyone",5,"Monica and Paul's place was perfect for their stay, with excellent amenities, breakfast, and location near Twickenham stadium."
4505695,131214294,2017-02-11,10830019,Donald And Kate,"Everything about Lizzy's flat exceeded our expectations: from the location, light, great kitchen, friendly neighbors, quiet, it all was a dream. Only a stone's throw from the bus stop meant it was super convenient to get into town. Having Broadway Market only a few blocks away meant we had fabulous coffee, bread, groceries at our fingertips and on Saturday, a great street market. ",5,"Lizzy's flat exceeded expectations in terms of location, light, kitchen, and neighborhood, making it a dream to stay there."
314985,8028135,2013-10-13,2138494,Teresa,Ideal location for anyone seeking for a very quiet place where to rest after a deep immersion in the Londoners' movida! Roger's house is full of colors and reveals the artistic personality of its landlord. Comfortable and fully equipped: you can be sure of finding everything needed. Roger is extremely willing to help in every occasion and let you feel at perfect ease. Highly recommended!,5,"Roger's house was ideal for a quiet retreat from London's busy streets, with colorful decor and excellent amenities."
18838317,516513546265699401,2021-12-13,10382741,Dana,"Charlie is a wonderful host. He responded withing minutes and welcomed me in the flat on an extremely short notice, with a kind smile too. He was also super helpful when I needed his assistance the next morning with something urgent, and generally gave me the feeling that he's available for anything I might need during my stay. Thank you, Charlie! Till next time!",5,"Charlie was a wonderful host who responded quickly, welcomed guest warmly, and provided helpful assistance during their stay."
23219030,575162147136217598,2022-03-04,321840968,Candela,"Our stay at Lisa’s place was perfect. The apartment has absolutely everything you need for a comfortable stay and it makes you feel like you are home. The beds are comfortable, the kitchen is very modern and the living room and sofa really cozy. Communication with Lisa was really fast and warm, we would definitely stay here again!",5,The apartment has everything you need for a comfortable stay and the host's communication is excellent.
6811617,110776515,2016-10-28,28984054,Mark,"Flora and Jacob are perfect hosts, excellent communication throughout and clear instruction of the booking, property and location. The area is great with fantastic links to all the parts of London. Good local area with shops restaurants and conveniences all around . Great stay at the property which is well equipped comfortable and immaculately clean highly recommend the property for a stay in London.",5,"The property is well equipped, clean, and in a great location with good links to all parts of London."
36115293,1018031287785459981,2023-11-05,102606910,Leyre,"The staff is amazing, all of them. Really friendly and professional. Immediate replies to queries, quick reactions (like when we asked to have the room changed). Really outstanding. Perfect location. Now, the rooms (at least the two I saw) need a lot of love. The showers need to be modernised, humidity on the walls in the rooms at the lower level (basement). The bed headers had head marks on them with peeled off fabric, the wardrobe bar for hanging clothes was too short and falling all the time. Too much furniture in the room for its size (always a good chance to play tetris while moving around). And very thin walls and ceilings.",5,"The staff is friendly and professional, but the rooms could use some modernization and maintenance."
28361144,447270746,2019-05-03,95882821,Franziska,"War das zweite Mal hier und es wird nicht das letzte Mal gewesen sein. Tolle Unterkunft in erstklassiger Lage! <br/>Man ist schnell in der Stadt, bei der U-Bahn und in unmittelbarer Nähe gibt es viele Restaurants, Cafés, Museen und Einkaufsmöglichkeiten.<br/>Besonders empfehlen kann ich das kleine Café gegenüber des Royal Marsdens Hospital. Der Kaffee und das Essen sind wahnsinnig gut und nicht überteuert. <br/>Der Pub um die Ecke ist gut und kann mit einer Auswahl an Bier, Gin und Tonics überzeugen.<br/>Wer etwas teurer ausgehen möchte, dem kann ich den Spanier an der U-Bahnstation wärmstens ans Herz legen! Die Tapas sind erstklassig.",0,"The accommodation is excellent, located in a fantastic area with many restaurants, cafes, and shops nearby."
861161085199480551,1170173173384366028,2024-06-02,31224824,Aravind,"PROs:<br/>- Overall the home reflected the listing: very close to Hyde park and restaurants and walkable.<br/>- While space was a bit tight, the house did have 3 bedrooms and 2 baths.<br/>CONs:<br/>- The keys were a bit difficult to operate.  It may have been our lack of knowledge, but we needed to use the keys to lock from inside which was very inconvenient to get out.<br/>- The biggest CON was the behavior of the cleaning lady.  There was some confusion around the check-out time, and the lady came at 11:00 instead of 11:30.  (this confusion could have been on both sides, to be candid).  But the lady accused my daughter of lying (we had stepped out and coming to the home at that time).  My daughter was distraught and started crying.  As a result, we had to leave the house in a hurry - not a very pleasant departure.",0,"The house was convenient to Hyde Park and restaurants, but had some issues with keys and the cleaning lady's behavior."
891952217404356879,1228884440237786435,2024-08-22,265664979,James,"A lovely 4-night stay at this BnB and had everything you could want at a great price. Northwood Tube is 5 mins walking distance. Lots of shops and local eateries a plenty. <br/>Lisa was really polite, friendly and easy to work with. The place was really clean, comfy and lots of space.<br/>Only things to mention would be firstly it’s in a ULEZ zone so check your vehicle is okay to enter the area.<br/>Secondly the WiFi in the room wasn’t great also the signal is woeful in the area so trying to message/view maps/social media was really slow.<br/>Finally, the mattress on the bed felt like it was going to fall apart during the night, thank goodness it didn’t.<br/>These are minor inconveniences but just thought I’d mention as an honest reviewer.<br/>Thank you for having us though Lisa, you were a brilliant host and the room did the exact job we wanted it to. We will deffo be coming back soon!",5,"Lovely BnB with great price, but minor issues with WiFi and mattress"
898456904028448571,1150636399189227620,2024-05-06,558013384,Annina,"We found this a nice place to stay. It was a clean and well-appointed flat with room enough for two adults and three kids, and it had almost everything we needed for our stay. The only issues we had were the fact that the sofa bed was uncomfortable and should really have had a roll-up top mattress available for use with it, and the dining chairs, although comfortable, were all scratched and very well-used, dropping vinyl flakes on the floor. Overall though, it was pretty good and we would stay here again.",5,"Clean and well-appointed flat, but sofa bed was uncomfortable and dining chairs were scratched"
917568511234304542,1142714480343645919,2024-04-25,90825711,Gwenaëlle,"Bon séjour chez Shane qui a répondu rapidement à nos sollicitations. L'appartement est correct pour 4 mais pas pour 5, le lit d'appoint n'est pas adapté nous avons donc dormi à 3 sur le canapé et 2 dans le lit car nous voyagions avec nos enfants. <br/>Il manque un aspirateur ou un balai pour pouvoir faire un peu de ménage au cours du séjour. <br/>Emplacement correct, 9 minutes à pieds de la gare de Willesden Junction, 1 minute pour l'arrêt de bus. Il faut compter entre 40min et 1h de trajet pour rejoindre le centre de Londres qui est bien desservi.",2,"Good stay at Shane's apartment, but it was a bit cramped for 5 people and lacked cleaning supplies"
44600832,528756288505142386,2021-12-30,97978211,Rhys,Lovely hotel in a great location. A short walk to the tube and Hyde park and with lots of local amenities close by it made our trip so easy. <br/>The hotel is quirky and fun with so many lovely and interesting features. Although the rooms are small they provide more than enough space for a short stay. The rooms and common areas were clean and tidy and the staff couldn’t have been more accommodating. We will not hesitate to recommend to friends and family and we are looking forward to staying again soon.,5,Quirky hotel in great location with friendly staff and plenty of local amenities
19451959,269403501,2018-05-27,11074860,Juliane,"We had a wonderful stay in the interesting area of Peckham! If you’re like us and love exploring changing, up-and-coming neighborhoods, you will love it. The bus stops right in front of the house and we felt like we’re staying with a friend and would therefore definitely stay there again, even though there’s no Tube stop nearby.",5,Wonderful stay in Peckham neighborhood with bus stop right outside the house
1086766231454168677,1158588100616498099,2024-05-17,270239252,Kaushal,"I will give 5 star ⭐ to this place in term of cleaning ,location , host communication, well located and connected to center London.<br/>Everything was available at 2 mins walkable distance. <br/>My wife like the kitchen specially, everything was there and well organized.<br/> <br/>One of the best place to stay, highly recommended.<br/>Thank you Ben for all your help and assistance.",5,"The place needs improvement in cleaning, location, and host communication but has potential."
8363329,107102235,2016-10-09,47757117,Amath,"Aruna is very welcoming person and easy going. He made me feel comfortable the first time we met for visiting the house and collecting the key. The apartment was immaculate, well decorated, nice very clean and cosy like in the pictures and the area is also great with all amenities close by.  I rented the flat for my parents for a week and they absolutely loved their stay and want to come back already ! And Aruna has contributed a lot for it - by staying available and prompt to our queries....so thank you so much Aruna, I highly recommend his service !",5,"Aruna's apartment was immaculate, well-located, and he provided excellent service."
927415967406607766,1190520334079892449,2024-06-30,13443864,Tina,"The photos don't do Vahid's place justice. We've stayed in the area many times, and this was one of our favourite flats. Charming rooms with high ceilings and huge windows letting in lots of light, comfortable furniture, and everything you might need in the kitchen. This is also very well located, close by Old St station and to numerous bus stops, and walkable to lots of interesting areas, like Columbia Rd Market, Spitalfields and Brick Lane, the City, etc. There is a very popular (and friendly!) pub at the corner, but they bring their sidewalk tables in around 10pm every evening, so the noise is contained and didn't affect our sleep. Vahid was a welcoming, friendly, and responsive host, and we appreciated his warmth and flexibility throughout our stay.",5,"Vahid's flat exceeded expectations with its charming rooms, high ceilings, and great location."
28774644,353703894,2018-11-29,61977017,Tatiana,"One of those rare gems at Notting Hill run by REAL hosts, not an Agency! Highly recommended! About 4,5m high ceilings and enourmous windows, one of which giving to a communal garden... Very clean & perfectly located. Jodie is an adorable host - very attentive and helpful. I'd love to return there again!",5,"Jodie's house in Notting Hill is a rare gem with high ceilings, large windows, and perfect location."
9556078,652665972,2020-08-17,144463720,Julie,"A very pretty house situated in a quiet cul-de-sac in Chelsea.<br/>The hub of the house is a large bright, airy kitchen with a small terrace.<br/>The house is full of the family’s personal effects which suited me as I had chosen this house partly because of the fact it wasn’t a house that stood empty much of the time. I had wanted a house with some character.<br/>The beds are extremely comfortable and the rooms are quiet.<br/>On the first floor there is a further terrace, much larger than the ground floor. With a table for four.<br/>The house does sleep six people but would better suit four in terms of living accommodation.<br/>The hostess, Sophie, was responsive and accommodating  both through the booking process and during my stay.<br/>Overall a very lovely stay in a clean, well located (just off the Kings Road) house that is bursting with charm.",5,"Sophie's house in Chelsea was clean, well-located, and had character, but better suited for 4 people."
3882483,1053524310197503002,2023-12-24,31407376,Nicolas,"Très bel appartement dans l'ancienne ambassade de la Norvège sur Trafalgar Square , en plein centre de Londres , à deux pas de Soho et Chinatown . Très pratique pour manger sans se ruiner le soir . On peut faire énormément de choses à pied à partir de là . <br/>La chambre est très confortable , avec un petit coin salon permettant de prendre son petit déjeuner ou son repas .<br/>La chambre est plutôt calme , à part les importants travaux en cours qui démarrent à 07H30 le matin .<br/>La cuisine est très fonctionnelle et la salle d'eau individuelle est très bien . <br/>Nous n'avons pas été dérangé par les autres locataires car l'isolation entre les chambres est très bonne .",1,"The apartment was very comfortable with a small living room and individual bathroom, but the construction work starting at 7:30 am was noisy."
691603731099581023,896235898573237727,2023-05-21,954008,Heather,"My mother and I stayed here for our 12 day trip to London. The apartment was lovely. Had everything we needed. Close to stores and transportation. Being so close to the Bakerloo line made it very easy for transfers to trains for our day trips out of town. The outdoor space was lovely, to enjoy the wonderful weather we had, after a long day of sightseeing. Patrick was a very attentive host, very quick to respond to any questions or concerns.   I very highly recommended this little apartment.",5,"The apartment was lovely, clean, and had everything needed for a 12-day stay in London, with a great location near transportation and amenities."
630426750119999330,946237573820499299,2023-07-29,46236957,Uche,"What a delightful place. 🌟 🌟 🌟 🌟 🌟 <br/>Michelle was there to warmly welcome us despite the delay we experienced at Heathrow. The apartment was clean, and exactly as described in the advert. She even left toiletries and even food stuff for our use. <br/>The apartment is situated in a good area with easy access to Algate East Station, shops, restaurants, and pubs. It was worth every pence and more. <br/>My wife and I enjoyed every minute of our stay in the apartment and will go back again and again.<br/>Highly recommended!!!!",5,"The apartment was perfect, clean, and exactly as described, with a warm welcome from Michelle and easy access to shops, restaurants, and pubs."
1646537,104224974,2016-09-25,53114904,Jasmine,"Salwa could not meet us because of a family emergency but was in regular communication with me in the run up to my stay and arranged for her friend to meet us instead. Salwa also checked in with me during the stay to make sure all was well (sorry - I didn't see it until afterwards but thank you!) Our room and the communal spaces (kitchen and bathroom) were very clean, location is great - especially if you want somewhere close to Paddington but a bit quieter, that said - good pubs within easy reach. Just because we were surprised by it - will highlight that the flat has three bedrooms available so there may be other guests there during your stay and there is no living room.",5,"The room and communal spaces were very clean, the location was great for Paddington but quieter than expected, and Salwa's communication was excellent despite her absence."
53392348,1240499406649740254,2024-09-07,17795068,Hector,"Great place to stay at central london, the location is the best you will get for the price. <br/>The entrance can be difficult if you have a lot of luggage, but nothing impossible, the room it’s definitely small but it has everything you might need, and its way better than in the pictures.<br/>Just keep in mind this is a busy area and there are a lot of noises at night, we brought our own earplugs and had a good night sleep",5,"The apartment had a great central London location, but be aware that it can be noisy at night due to its busy area and small room size."
42499733,1197069368295286428,2024-07-09,198006697,Karisa,"This home is designed beautifully and functioned very well for our family of 5! We felt right at home, and the children enjoyed the garden on the dry days. Although, it’s a little farther outside the city, the location gives you a sense of everyday life as a Londoner :) I wouldn’t recommend this home to anyone looking for a wonderfully curated home with lots of space!",5,"This home is beautifully designed, spacious, and located just outside the city for an authentic London experience."
32587382,1153576280416086972,2024-05-10,46344111,Mariel,"Rosie and Stuart are incredibly nice people. They are flexible and make sure you make the most of your time in London. The house was very clean, comfortable and at the same time “homely”. Muswell Hill is a really nice area too. We would love to stay with Rosie and Stuart again when we have to opportunity!",5,"Rosie and Stuart's house was clean, comfortable, and homely, with a great location in Muswell Hill."
354003,149011421,2017-05-02,53248077,Stephanie,"Eleonor's house is exactly like the pictures on nocarz, very clean, quiet, comfy and tidy.  <br/>We  met eleonor a few times during the stay, she is super friendly and replies really quickly. She gave us a very detail house manual, showing how to use tv, and everything which is really nice.<br/>I think the best thing of this house is that there is a lift in the building (which is quite rare in london) and the house locates very close to the earl's court station (which also has lifts too) . It has easy access to all london attractions and the airport. I will definitely suggest eleonor's house, if you are travelling with parents like me, or doesnt want to carry luggage upstairs.<br/>Thank you very much for giving us an amazing stay Eleonor :) xx",5,"Eleonor's house is very clean, quiet, and convenient, with easy access to London attractions and amenities."
52880827,1014467756216988706,2023-10-31,159024769,Jean-Luc,"This was a perfect place to stay for us. The location is great with short walking distance to two tube lines giving easy access around London. We were able to easily get to central London, the Olympic park, and the airport. The pub next door was a fantastic way to end off an evening with great local brews as well. Would highly recommend this place for a stay in North London.",5,"This place has a great location for exploring North London, with two tube lines nearby and a pub next door."
17152155,662827232694106019,2022-07-03,302340297,Sarah,My family and I absolutely loved Mary's space. It was exactly what we needed and more. It was exceptionally clean and absolutely beautiful in every way. Mary's attention to all the little details and helpful directions made for a very easy adjustment to a new city. <br/>Whenever we had a question for Mary she would respond very quickly whether it was before our arrival at Mary's house or during our stay. Public transportation such as bus stations and tube stations were walking distance away and could get you into the city in about 30 minutes. It was a lovely quiet space to come back to after a long day exploring.,5,"Mary's space was exceptionally clean, beautiful, and well-equipped, with helpful directions and quick responses from the host."
2691533,47958672,2015-09-22,33580622,Yuki,非常感谢主人的热情接待。及时处理了我们的咨询和问题。推荐大家选择这个住家：）<br/>Thanks Rajna and her family's hospitality and kind help to my inquires. We much appreciate your accommodation with comfortable beds and great location to get around easily in the central London with many shoppings in the nearby Westfield! All my families enjoyed staying at your place and would like to recommend this to other people as well! Thank you all again from Yuki ,5,"The host's hospitality was excellent, and we highly recommend this accommodation."
6620546,660024987325931914,2022-06-29,58848638,Rebecca,"Lovely 3bd, 2 ba apartment just outside of the chaos of central London, but close to the underground (Warwick/Bakerloo Line) and bus stop to make it easy to get into London.  The apartment area is in nice, safe and walkable area with a small Tesco and other bodegas close-by and many restaurants.  You can take one of the Little Venice  canal boats to Camden and then walk to the London Zoo/Regents Park.  If you want, you can even walk to Paddington Station which is about 1/2 mile away.  <br/>The apartment has all of the amenities you need including a dishwasher and a separate washer and dryer.  There is a nice private park in the center of the complex that has a nice play area for children 10 and under.",5,"This 3-bedroom apartment is a great location for exploring London, with plenty of amenities nearby."
52059217,992698519405087725,2023-10-01,41303343,Florian,"Ayoob is a great host with perfect instructions and quick reaction times. Flat is spacious and very conveniently located. Tons to discover by foot and public transportation. Really enjoyed the cleanliness as well as amenities like shower gel, coffee towels etc. The bars below are noisy as described, but I guess that's to be expected in Soho. Perfect spot for a weekend trip to London and indulge in Soho's night life. Definitely recommend!",5,"Ayoob is a great host with a well-equipped flat in a convenient location, perfect for a weekend trip to Soho."
1016011492203985086,1079671881425954334,2024-01-29,502459438,Annette,"Could not have asked for better. Extremely well equipped nocarz, in particular when it comes to the kitchen as well. We had no issues with the stairs involved and I think it's accurately described. Location very central, right by Chinatown and at times loud at night. Would stay there again or any other property Nassau has.",4,"This property was extremely well equipped and located in the heart of Chinatown, we would stay here again."
587686182576163844,762940476463427051,2022-11-18,81562566,Ricker,"I feel so lucky to have found Lucka's beautiful renovated flat loacated in South London. A quick tube ride to the City Centre without paying a huge premium.  Small hiccups for the lock and thermostat during our stay, but Lucase came over personally right away even at late hours which is greatly appreciated.  Awesome host<br/> Highly recommended",5,"Lucka's beautifully renovated flat is a great value for its location, with easy access to the city centre."
49681347,870918817930499994,2023-04-16,62157941,Ann,"We spent 3 nights. The location was perfect for us and allowed us to catch up with friends in the area. Very easy to get a bus to Finsbury Park and then onto the Victoria Line into central London.  The accommodation was spacious for a couple, large bathroom, bedroom (separated from living area by curtain) and large living/ dining area with a separate kitchenette. We will certainly consider coming back. Thank you Derek and Brenda.",5,The location was perfect for us and the accommodation was spacious with easy access to central London.
23759482,329643393,2018-09-29,67174742,Bląįr,"I cannot praise Marianne enough for all the brilliant things she did for me during my stay. I was in hospital for surgery and she bent over backwards to make sure my family were well looked after. Not only was her apartment impeccably turned out, her communication and all round understanding was heart warming. I loved speaking to her and cannot recommend her higher than the highest of the high!  What a wonderful woman and a great place to stay! Thank you sooo much.",5,"Marianne went above and beyond as a host, providing impeccable service and communication during my stay."
580086244354675460,742553105504134879,2022-10-21,170206214,Charlotte,Katharine and Johnny were great hosts made us feel welcome! They have a lovely home and the conversion of the loft was beautiful making it a comfortable place to stay! We had never been to Richmond before so the recommendations of where to go from Katharine and Johnny were helpful! Loved our stay!,5,Katharine and Johnny were great hosts who made us feel welcome in their lovely home with helpful recommendations for the area.
1041207884241638100,1185461951862547920,2024-06-23,60189187,Selina,"Milena’s place was exactly as described and shown in the pictures. She’s such a lovely host; very inviting and amicable. She’s always on hand with recommendations or help to get to places with a great knowledge of London. The area is very quiet and public transport is so easily accessible and super easy to find. Shes such a responsive host and even replies after you’ve left, if like me you left belongings behind she’s always helpful and is happy to help you get them back to you. Would definitely recommend this place to everyone.",5,"Milena's place was exactly as described, quiet and easily accessible with a responsive host who helped with any needs."
44029426,901258729383527223,2023-05-28,47758522,Amol,"Absolutely stunning apartment and so beautifully kept by Alina. My parent stayed here for 3 nights and they loved it so much. Super clean, near Manor house tube station (5 mins walk). My parents fell in love with all the plants kept at Alina's place. Alina was very good in communication. Just one area to improve on, if the name of the building and flat number can be mentioned in the listing or provided a day before check in will be make it excellent. Highly recommended, thank you Alina.",5,"Alina's apartment was stunningly clean and beautifully kept, with great communication from the host and a convenient location near Manor House tube station."
1212362242990788816,1292729294837166676,2024-11-18,107810886,Joost,"Warm welcome in a very quiet area with a lot of opportunities for good food and drinks in the evening. Close to the Northern-line which is great to visit different areas of London. Lots of recommendations by the host, and very flexible and reactive. Would be happy to return one day",5,Warm welcome and quiet area with plenty of food and drink options near Northern-line tube station.
5223640,30517405,2015-04-23,30618979,Tim,"My first nocarz experience was entirely positive. I happily recommend this property.<br/><br/>The room is bright and large, the bed is comfortable, and the property is located conveniently close to Brixton tube station - just a short distance from central London. <br/><br/>Ivy is an attentive host, providing breakfast each morning and is generous with advice on getting around London and places to see. Ivy goes to considerable effort to ensure the comfort of her guests. ",5,Bright and large room in a convenient location near Brixton tube station with attentive host Ivy.
679459372795420277,1257128476687338182,2024-09-30,1631234,Klaus,"Shlome was hyperprofessional and very, very sweet and helpful! Everything was easy and well organised! My friends and I enjoyed the stay at the small apartment - that is a tiny bit smaller than one might expect from pictures! We fully recommend our host and the apartment! Thank you so much for having us!",5,"Shlome was very helpful and organized, providing a comfortable stay at the small apartment despite its smaller-than-expected size."
1210403000053576928,1260100300056892091,2024-10-04,25137014,Jason,"Great location with easy access to the tube and buses. Easily walkable to Brick Lane. Nice neighborhood with respectable locals and shops. Amazing restaurants all within walking distance.<br/>The flat had all you need for a multiple night stay. Everything you may need to be comfortable just as if you were home.<br/>Federico was very responsive, timely, offered great local ideas and kept us up-to-date on all we needed to know. Highly recommend and would stay there again!<br/>Thank you!",5,"Great location with easy access to tube and buses, nice neighborhood with good restaurants and shops near Brick Lane."
45732882,520820740714927797,2021-12-19,185835242,Holly,"Good if you want a cheap budget friendly hotel in a good location.  Close to tube stations which is good for getting around London.  The bedroom and bathroom were clean and fresh towels, shampoo and shower gel were provided upon arrival.  <br/>Check in was easy and the staff were friendly.<br/>The reason for giving a 3 star review is that when we came back to the hotel in the evening there was a strong smell of weed coming from our hallway and really loud music as if people were having a party in one of the rooms nearby.  Obviously this is not the fault of the hotel but it was quite unpleasant.  <br/>Aside from that it was a good stay for the price we paid.",5,"Good budget-friendly hotel in a good location, but had issues with strong weed smell and loud music from neighboring rooms."
28960638,423667850381703828,2021-08-07,86077791,Sevgi,"The flat is half basement. But this is hid by the landlord so professionally that in the pictures all the curtains are closed. Since it is basement, there is constant mold and humid problem in the flat which affects human health really adversely. As soon as you enter the flat you feel it so intensely. Although we booked the flat for a month we had to terminate on the 3rd night as started to feel unhealthy.  Landlord said there is dehumidifier in the flat (which justifies what i said above) and if we run it non stop it would go away. We run the machine all night long it just helped a bit. When i told this to the landlord, he said over the last days it rained a lot so that is why the humid is. But helloooo, it is not Sahara Desert, it is meant to rain often heavily in this city..  And the price is not reasonable at all, for the same price we found a really modern and nice residence. But still even the flat would offered by a third price, would not recommend you to rent because staying there is too bad for your health so never!!! No human being should stay there..",0,The flat was poorly maintained with mold and humidity issues that affected our health.
18187431,497356103,2019-07-28,50556935,Svetlana,"We spent  lovely days at Ossy&Gaia”s House. Thank you for hospitality !!! For Useful Tips!!! That due to our plans were changed , you let us to leave our luggage at your place for several days! We appreciate that lots!!! The flat is very clean ,  there are all necessary things for cooking , for having glass of wine in the evening :-)  Wishing You all the Best!!! Thank You!!!",5,"We had a lovely stay at Ossy&Gaia's House, the host was very welcoming and helpful."
266037,166957185,2017-07-05,49884241,Leisa,"I loved staying in James and Akbar's home. I was traveling by myself and this place felt like a home away from home. From the start, communication was great. They checked with me prior to my arrival to confirm my time and Akbar was there to greet me and show me the house. Now, for the house... IT IS BEAUTIFUL! Everything is very tasteful and clean, and the views! Two of the four walls in the kitchen are huge windows from were you can see part of the London skyline (the Shard and the BT tower). I spent many moments looking at this view. I was lucky that my room also had part of this gorgeous view, alongside a very comfy bed, a spacious closet and several extra amenities like a tv, a hair dryer, and convertible power plugs (very useful!). <br/>This place was great because it allowed me to explore the city, basically you can get ANYWHERE from here. It is a five minutes walk to Euston Station, which has the Northern and Victoria lines, and many buses to connect you with the rest of the tube system, as well as railway services to other parts of England. In addition there are so many walking distance places you can visit! I went to King's Cross (~10 minutes), Gordon Square, if you are interested in seeing where Virginia Wolf and other writers from the Bloomsbury Group  lived (~5 minutes), The British Museum (~12 minutes), Regent's Park (~25 minutes), and I am sure many more I did not have time to explore! <br/>James and Akbar also allowed me to use the kitchen which was great because I was able to visit a nearby, and very well stocked Waitrose supermarket, and buy ingredients to prepare breakfast, lunch, and dinner, something to consider if you are traveling within a budget or want to eat healthy during your trip. I was also able to use the washer and dryer, great because I was traveling around England and not all places have this commodity. <br/>James and Akbar are very accommodating, laid-back, friendly, generous, and warm hosts. If I ever return to London I hope to stay with them and I would highly recommend their home to all my loved ones. You should not let the opportunity to stay with them pass you by! ",5,"James and Akbar's home was beautiful, clean, and perfectly located for exploring London."
2416056,25491375,2015-01-18,11771100,Sally,"We had a wonderful time in Milena's totally comfortable apartment.  Everything worked perfectly, it was spacious and airy and we felt like the kings of the city.  The warmth of the decor is not evident in the photos and was welcome after the sterility of some other places where we have stayed.  Milena made us extremely welcome and was a generous host. Gratitude from all of us,<br/>Sally, Paul and boys, from Australia.",5,"We had a wonderful time in Milena's apartment, it was comfortable, spacious, and well-decorated."
21676258,454445359,2019-05-18,2952014,Luca,Daniel is a super host. <br/>He has been always available for our questions and gave us some tips as well.<br/>The house is really clean and spacious and is in a really quite area but not far from city center.<br/>A supermarket is right to the next door and even public transportation are close!<br/>Really suggested room and host!,4,Daniel is a super host with a clean and spacious house in a quiet area near the city center.
32765053,622338584829075959,2022-05-08,274831896,Paul,"We really enjoyed our stay here for a weekend in London. The apartment was immaculately clean, well furnished and a very pleasant, relaxing space. <br/>We’ll located for access to the underground to go further into London and DLR trains to head out to Greenwich through Canary Wharf. <br/>The host was very responsive and the check in details very comprehensive and clear. Would definitely stay again",5,Clean and well-furnished apartment with easy access to London's underground.
12781793,433376850,2019-04-06,170434697,Julie,The place is pretty nice but it's a bit of a pain to walk 15 minutes to the metro station every morning to get into the more populated area of London. It was also difficult because you're only provided 1 key. If you're in a group that wants to separate it can be difficult. Overall would recommend.,1,Nice but a bit far from the metro station and only one key provided.
23167253,1260057953047212859,2024-10-04,101352029,Sam,"We enjoyed our stay at Alice's place. It was clean, fresh and had everything we needed. the Beds were super comfy and is is absolutely silent at night. The road is a dead-end, so there is no traffic noise. Alice messaged to check in on us during our stay, and the check in process was easy. I saw that previous guests reported a damp smell in the bathroom. We didn't experience this at all so perhaps it has been resolved or perhaps they were being a bit dramatic. Parking is free from 6:30pm to 8:30am. I highly recommend staying here if you want a simple, clean and quiet place.",5,"Quiet, clean, and comfortable stay with friendly host and free parking."
688787474874258285,1078903462998232711,2024-01-28,544580846,Hristo,"I recommend this place for everyone. It was clean everywhere, there were snacks in the kitchen, the toilet isn’t in the room but it is right in front of the door (I am saying this because I was worried at first). There are umbrellas so that you can take one when you go out. The host is super responsive and friendly, I asked him so many questions and he kept answering really fast. We really enjoyed our time there!",5,Clean and well-equipped apartment with responsive and friendly host.
1117564980170384319,1155022015569334993,2024-05-12,181604136,Nathalie,"Caroline is reactive and answers quickly. She offered us a warm welcome despite an unexpected very late arrival, with lovely attentions. She also provided good advices on activities. Caroline is a kind person, easy to access. Her appartement was clean, confortable and well equipped ; we did not miss anything.  This is well deserved: first bus stop is at 5 minutes walking distance. We are a family with 3 children, We spent 5 days like « at home », we all recommend.",5,"Clean, comfortable, and well-equipped apartment with kind and helpful host."
3184830,434625756,2019-04-08,142945749,Daniela,"Salve...sono Daniela.. siamo stati ospiti da Chris… Anche se la stanza non è enorme , è pulita (grande cosa rispetto ad altri alloggi di Londra), carina e calda. Il bagno è nuovo, ben strutturato, ha  un' ampia doccia. La colazione era ottima e preparata in base alla ns nazionalità (italiana).  La posizione è buona; due secondi dalla metro(dietro casa) e pochissima distanza da zone centrali. Ci sono tanti punti di ristorazione, x tutti i gusti e negozi di tutti i tipi.  Chris è una brava persona, carina e ospitale. Anche se parliamo pochissimo l' inglese, è riuscito a consigliarci alcuni posti da visitare e a farsi capire.<br/>A chi dovesse recarsi a Londra, consiglierei  la sua casetta in WHITE CHAPEL . BUON VIAGGIO...",3,"Daniela had a great stay at Chris's place in White Chapel, praising its cleanliness, location, and Chris's hospitality."
17301636,565072620632109271,2022-02-18,40207342,Anna Jenny,"Christina, Leslie, Kim and Tracy are amazing host and you would be lucky to stay in their house. It is super clean and super organized with a lock on your door. Christina and Leslie were also very helpful with helping me with other things around London as well. So I would def recommend staying here, and I will probably return there in the future. Thank you for taking great care of me as your guest.",5,"Christina and Leslie were amazing hosts, providing a clean and organized space with helpful recommendations for London."
51873197,991235025974442432,2023-09-29,519212666,Sam,"Brenda was fantastic, helpful and kind. She was happy for a chat but happy to leave me alone to just chill. Brenda’s home was comfortable, clean and presented beautifully and the bed warm and I slept well. Her home was 15 mins to the train station & even closer to bus stops to get you anywhere you want to go I just love trains so I went by them . Her local knowledge was great and gave me ideas where to eat & the choice was many. I enjoyed my stay and would definitely return to Brenda’s if need be one day , thank you Brenda for being a great host .",5,"Brenda was a fantastic host, offering a comfortable and clean home with great local knowledge and amenities nearby."
825280543718481347,967944112288664655,2023-08-28,452587303,Nicole,"I am honestly so happy with the decision I made, choosing to book Fahima’s place. Super blessed to had stayed the night, she was very helpful and tried her best to stay out of the way although we honestly didn’t mind her as she’s such a joy even just to speak to! May God bless her abundantly. Thank you !!",5,"Fahima's place was perfect, with a helpful and kind host who made the guest feel blessed to have stayed there."
23247933,928838907298561779,2023-07-05,459591893,Andrew,"Perfect location for our visit to Wimbledon, tube 2 minutes away. The flat was exactly as pictured, lots of coffee pods , mineral water, everything you could need in the kitchen. Good hot shower , comfy bed and Clare was quick and easy to contact . Local stores and restaurants just round the corner - We’ll be back !",5,"Clare's flat had a perfect location for Wimbledon, with amenities nearby and a comfortable space that exceeded expectations."
1192246898671340607,1231079434138626657,2024-08-25,532378617,Katherine,"La experiencia fue buena, todo muy limpio y una excelente ubicación. Sin embargo, no le doy 5 estrellas porque al recoger mis maletas no había llaves disponibles para ingresar a retirarlas , Aunque Jordán resolvió el problema en 20 minutos, estuve preocupado porque necesitaba las maletas para viajar.Pero súper recomiendo la estadía !!!",0,"Good experience with clean and well-located accommodation, but had some issues with luggage retrieval."
936759372670407628,972289685885564482,2023-09-03,193976273,Tadashi,"Spent 3 nights and had a wonderful time.  The room at the top floor is very spacious, private and beautifully decorated.   The area may not be touristy but Underground station is very walkable, there's bus stops all around so the place has great access to central London. It's covered in peaceful residential area ambient which was exactly I was looking for.   Lots of great eating options nearby.  I would definitely recommend the place and want to go back soon myself.",5,Had a wonderful time in this spacious and beautifully decorated room with great access to central London.
1241481,50290660,2015-10-11,38783514,Stella,"The house is approx 8-10 min walk from the nearest metro station. The room was very clean and in a perfect condition.<br/>I didn't get to meet Alexandra as she was away but I met her sons. I arrived earlier before the check-in time and I was kindly offered to leave my luggage.<br/>I loved the room, comfortable bed, clean towels and bed sheets. <br/>The house is 20 min tube ride to most London attractions.<br/>Would highly recommend and I would consider booking again.<br/>A great place to stay!<br/>",5,Clean and comfortable room in a peaceful residential area with easy access to London attractions.
1758791,1140470210233762817,2024-04-22,306476530,Estelle,"Charles and Jana are exceptional, adorable and caring hosts. <br/>We stayed in a typical English house, the room was well decorated, warm and comfortable. <br/>In the morning we had a very hearty English breakfast. <br/>Buses are 5 minutes from the house and take us directly to central London. Very practical given the city's heavy traffic. <br/>We highly recommend this place for a friendly and friendly stay in London. <br/>5 stars<br/>Estelle Philippe and Lou😉",5,Exceptional hosts with a warm and welcoming home serving hearty English breakfasts.
699947509748206887,819427843685179340,2023-02-04,139509777,Lucy,"Sanya was a great host! Quick to respond to questions and helpful. <br/>I had a great stay. It’s a cute flat in an awesome location. Steps away from restaurants, bars, transit, and entertainment.<br/>Flat is a roomy size which I enjoyed. I felt like I had a lot of space to spread out. It’s up a couple flights of stairs but nothing strenuous. It’s a nice spot to stay!",5,Great stay in this cute flat with a lot of space and an awesome location near restaurants and transit.
14276103,192343336,2017-09-10,59749303,Maureen,"Good value and in a good location close to Eden Park station. Aidan is a lovely host, very welcoming and easy to communicate with. The double room is next to the bathroom which we had sole use of. The home is in a gated community so is very secure. It's very quiet and peaceful. Very good train links to central London. Just stayed the one night and it gave us everything we needed. We felt welcomed and comfortable.",5,"Good value and location, welcoming host with a clean and secure home."
25560597,553108979,2019-10-23,251161307,Vale,"Great person - terrible host. Got ill and kindly asked her two times, day after day,  not to put the heaters off in the room as the room is big and i was freezing inside. The third time I have returned home at night (12 pm) and messaged her on the phone (kindly) to turn on the heater (again). No answer. I went to knock into her room (the light was on) - no answer. I did it another time and after that went to sleep with my winter clothes on, also wrote her a message, that’s it’s not what I am paying for. After that I stayed couple more days and haven’t see her after ever again. She never replied - never even mentioned the situation that happened. Ok. I remember one thing pretty well her saying when we met: “I’m not a hotel, I just give you a room, if you don’t like something, book a hotel”. Basically that’s everything you need to know. She didn’t say it to me, but that’s her attitude. Not a bad person.. she just doesn’t care at all about people who are staying at her home. My advice: book a hotel! :)",5,Terrible experience with unresponsive host who didn't care about guests' needs.
1081788464871825061,1188341401643785040,2024-06-27,575999346,Yunus,"I had a wonderful stay at Joanne's place in London. The location was perfect, very close to the metro, which made getting around the city incredibly easy. The accommodation was clean and well-maintained, and having a parking spot was a huge plus. Joanne and her family were fantastic hosts, always friendly and communicative. I highly recommend this place to anyone visiting London.",5,"Wonderful stay at Joanne's place with perfect location, clean accommodation, and friendly hosts."
27014247,465737493749421779,2021-10-04,33063618,Lauren,"I am sorry that it could not be a better review but unfortunately our experience getting into the property was quite traumatic - the key box was jammed and we were left on the streets on London at midnight with nowhere to stay and no hotel rooms available. The management team were really not great at sorting out the situation: it took hours for them to eventually tell us they couldn’t help. We all had to attend a work meeting the next day without any sleep. Hopefully for future they will put an emergency key somewhere. Once we did get inside, the house itself was really nice, clean and with everything we needed.",0,Traumatic experience getting into the property due to jammed key box and unhelpful management team.
47542808,928913681877217513,2023-07-05,510514385,Dominique,La personne qui nous a accueilli était très gentille mais il y a vraiment quelques travaux à faire même si pour Londres le prix est attractif. <br/>On est arrivée 1h a l avance et pour déposer nos bagages on a du payer un peu. C est dommage pour 1h. Par contre c est proche de la gare et proche des Metro donc très facile d accès .,4,"Nice but dated home in a good location, with some issues with check-in and extra baggage fee."
17664017,888999661755502144,2023-05-11,7764257,Jessica,"Despina is a standout host. She will go out of her way to make you feel comfortable and I can’t stress that enough. Self check-in was simple and efficient. The space is completely private and you can rest assure that your privacy will be respected. While some have mentioned that it is a bit of a walk to the nearest station, we found it to be a non-issue and a fantastic trade-off with the level of hospitality that we received. This is the kind of nocarz you want to stay at — with a host that genuinely cares about their guests.",5,Despina is a standout host who goes out of her way to make guests feel comfortable.
45933316,719408241429064934,2022-09-19,282560003,Francesca,"We had a great experience at the fox den! Everything was clean and nicely decorated, we felt very at home. We loved the little balcony and the amazing views you could get over canary wharf. We had everything we needed for our weekend trip and the host Sinnead was very friendly and gave us a warm welcome and showed us around the apartment. The area is very quiet which was nice to get a well rested sleep and relax in the evening from walking around the city all day. The flat is only 10mins away from a tube station which makes getting around London very easy. For us it was also very easy to travel from the Mile End station to the airport as there is a great straight bus connection. <br/>Thank you to our great host! We had an amazing weekend!",5,"The Fox Den has everything you need for a great stay, with friendly hosts and easy access to London."
1148340682229170022,1189802264694797989,2024-06-29,213465241,Belle,"The place is as the pictures and comfortable enough for 5 of us. Distance from the tube is 15-20 mins  walk, could be a bit tough if you are lugging heavy luggage. However there’s a bus service to Kings Cross area which was pretty convenient. Owner was rather responsive to our requests like change of towels since we were staying for 5 nights and when dishwasher liquid run out, owner got his cleaner to deliver to us.<br/>Also appreciate the fact that the owner allowed us to collect our luggage later after our check out since our flight was at night. <br/>Only thing was that the unit is on ground floor and when we opened our window at night, it was a bit noisy from talking noises from passers by and ambulance sirens. No laundry detergent was provided as per the owner, so if you are staying for a number of nights and want to do laundry, bring your own laundry capsules. Having a laundry rack will be helpful to the guests. Overall has a pretty good experience staying in the unit",5,"The place is as advertised, but be aware of the 15-20 minute walk to the tube and some noise from passersby."
592590736916375859,991138306323359538,2023-09-29,89719741,Noah,"This spot was a dream in many ways — it's a spacious proper 1-bedroom apt, which I'm told is difficult to come by in London. The location is super close to train lines, and less than a 10min walk to Brick Lane for all your vintage shopping needs.<br/>Ed was incredibly helpful and responsive. Would come back!",5,This spacious 1-bedroom apartment in a great location with helpful hosts is a dream come true.
17038155,891146066689137106,2023-05-14,103595236,Ayomide,"My wife and I enjoyed our stay. The location was perfect. Central and close to multiple stores, restaurants and the train station. The place was very clean, and decorated with character. The home was stocked with most items that we needed. The host was very responsive and helpful. Will definitely book again!",5,"The place was perfect for our stay, clean, decorated with character and stocked with everything we needed."
26508361,451966877,2019-05-12,18890693,Gilberto,"Riccardo has a great place, confy and very well located (near Canadá water station), I have to say that is in very pretty neighborhood (much green and foxes included), The house is tidy an the room has a good space, the bed is very confortable, I slept so well, the bathroom is very clean. By the other hand Riccardo is great host too kind, and helpful everytime, Even if you want to have a Nice talk he's always available, don't forget to ask for hints and suggestions about London. I would definitely stay there again.",5,"Riccardo's place is comfortable, well-located, and clean with a great host."
7642556,172313807,2017-07-20,25172945,Freddie,"An excellent hospitality offered from Olivia!<br/>Olivia is a very nice lady. Quick responses in nocarz messenger during booking. After I moved in, she provided me a lot of advices when I asked for as it is my first time visiting London. The breakfast was splendid with lot of fruit and choices. <br/>The house is located very close to underground train station, bus stop and B&F outlets. The room is a ensuite, clean and bed is comfortable.",5,"Olivia offers excellent hospitality, a clean room, and helpful advice for first-time London visitors."
4723195,852827758569321853,2023-03-22,152227000,Celin Sophie,Emil‘s place felt like home from the very first beginning. The apartment is very nice and it is exactly as shown and described within the listing. It is clean and cozy and a great place to stay even for a month or longer. The area is a nice one with Camden Market and a lot of restaurants close by and within less than 10 minutes you can reach the northern line underground that takes you to London City in less than 15 min. Emil and Erik are great people who love to give you some local advices and I enjoyed talking to them every time. Would definitely come back if I had the chance again. 100% recommended!,5,"Emil's apartment is cozy, clean, and conveniently located near Camden Market and public transportation."
40420483,436678791558712506,2021-08-25,48710906,Jeff,"Daima’s place is super convenient, clean throughout, full of modern touches to make a stay easy, and maintained in fine order. The living space is particularly generous by London standards, being light and airy and nice to spend time in. Bedrooms are comfortable and bathroom is small but modern and everything functions as it should. Peaceful location and close to public transportation links. Thank you for a comfortable and convenient stay.",5,"Daima's place is modern, convenient, clean, and peaceful with a generous living space."
6084934,46310121,2015-09-09,41435220,Kim,"The listing was accurate. The flat was clean. <br/><br/>Need to check some of the bathroom fixtures panel around tub pops out and plug for the tub is hard to remove without the chain attached. Also, toilet room sink faucet fell off. <br/><br/>Only other thing to consider is a note about how to use the laundry. We figured it out,  but it's not necessarily intuitive. <br/><br/>Only mention these things for reference  as they did not get in our way of enjoying the flat.  We enjoyed our stay and would recommend it to anyone. ",5,"The flat was accurate to the listing, clean, but had some minor issues with bathroom fixtures."
51496964,1014440194498777332,2023-10-31,29693527,Milan,This is a great location! Easy to get around by foot or tube/rail (3 min walk). It’s close to so much and there’s plenty to do.  I was only there for a Monday night so I did not have loud noise from the bar/street and slept soundly. <br/>The unit is on the highest floor but I did not mind it. It was very clean and neat.  I would stay here again. I highly recommend it!,5,"Great location, easy to get around, and very clean."
43120947,941189850272269727,2023-07-22,151123660,Emily,"Easy to find, next to tube station, good location. Rooms are basic but pleasant. However we had an issue checking in because my nocarz took my first and middle name as my booking name. Kip require a photo ID in order to checkin. My ID (driving license and passport) didn’t have my middle name on so they wouldn’t allow checkin. These seems very unusual, I would hate to think what would happen if someone booked a room for someone else (friend/family/through work). The receptionist was rude about it too.",3,Good location but had issues with check-in due to name mismatch on ID.
688874201981533646,957173232855993477,2023-08-13,95102719,Lauren,House was good size and walkable to where we needed to be. Tv wasn’t working when we arrived but someone came over and sorted it after I said I can’t wait for the following day due to my kids being there. <br/>Light and good space in the house and garden a good size.,5,"House was good size, walkable to where we needed to be, and TV issue was quickly resolved."
776559224745343662,1136863585196755785,2024-04-17,422704051,Chloé,"Nous avons passé 5 nuit dans ce logement et nous ne sommes pas du tout déçu, arrivé dans le logement facile, super bien situé !<br/>La propreté du logement était nickel, nous avons rien à redire.<br/>Attention pour les sensibles à la lumière du jour, il n’y a pas de volet, juste un rideau qui n’empêche pas la lumière de rentrer ! N’oubliez pas votre masque de nuit !",4,"Clean and well-situated apartment, but note that it gets direct sunlight."
644022375311292637,691116511162085602,2022-08-11,74178235,Hanna,"This was such a charming and sweet place to stay. It felt really homey and special (unlike some of those corporate/soulless spots out there) and we loved Jenny’s decorating style. Placed on a lovely quiet street but with easy access to buses/the tube, and a small high street 5 minutes away with grocery, pharmacy, restaurants, etc. It really felt like home! Thank you Jenny 😊",5,Charming and homey place with easy access to buses and the tube.
48911431,1084659064505215484,2024-02-05,446558536,My Phung,One of the best nocarzs I have stayed at.<br/>The apartment offers extreme comfort and everything has been thought through to make it feel like home with everything you need. <br/>Linda is extremely reactive and always ready to help and even go beyond. <br/>The jacuzzi and the projector are definitely the highlight.,5,The apartment offers extreme comfort with everything thought through for a homey feel.
32080763,457964993,2019-05-25,233188581,Rose,"This home is very conveniently located close to Leyton High Street and the charming little villagey<br/>Francis Road. It’s just a 10 minute walk to the tube station which is on the Central Line. Nice well equipped kitchen/dining area with small grassed courtyard with bbq. Four bedrooms, two bathrooms, small tv room",5,"Conveniently located near Leyton High Street and the tube station, this home is well equipped and spacious."
7997354,591189810176597342,2022-03-26,60587040,Jon,"A very different experience for us to stay at Brett's place; its very personal,  a real home from home. for london there's a lot of space indoors and outdoors. The hot tub was amazing. comfy home which was very welcoming after visiting the city. a short walk to the local DLR station, and bus routes. good value for money, if we got the chance to return we would.",5,"Brett's place is a personal and welcoming home with plenty of space indoors and outdoors, including an amazing hot tub."
1190650560372747527,1204991111980653892,2024-07-20,174882468,Brenton,"I tried to give as accurate review as possible here. Great communication, great location, great price, etc. The only thing I’d say is that it is very small (as a lot of places are in London) and its right above a pub so if you’re a bigger person who likes an early night, it’s maybe not perfect for you. Me and the mrs aren’t big humans and we love a pint so it was bloody perfect for us. Just something to be aware of.",5,"A small but great value for money apartment in a good location, just above a pub."
18697277,958634294188168623,2023-08-15,10238574,Fabrice,"Yinka is a beautiful human being and we've been very glad to spend these days with her. She has a very nice taste, her place is very clean and we had a wonderful time there. Her area is lovely, calm, full of nice shops, and very convenient to visit London. We'd definitely come back. Thank you very much Yinka.",5,"Yinka's place is clean, lovely, and convenient to visit London, with a beautiful host."
53256693,647695581390227873,2022-06-12,161978533,Natalie,"Brett and his team were extremely responsive and detailed in all of their instructions. The location is wonderful, with a beautiful collection of shops and everything you could need within ten minutes walking. The apartment is well furnished, and the patio is quite lovely as well. Would definitely stay here again when visiting London!",5,"The apartment is well-furnished, in a great location with shops and amenities nearby."
6908532,41146432,2015-08-04,39353673,Clayton,"Awesome house, awesome host! Sha is a stellar guy, going above and beyond. His directions were clear, his welcome and explanations at the house were very comprehensive, he gave plenty of helpful info about the area, the city, what to see, and how to get there; and he also had a bunch of gifts when we arrived to help us settle in. The house was perfect. It was immaculate, clean and tidy, up-to-date, and fully equipped with more than you'd need for your stay. The house is also a 1-minute walk to the subway station. This is where you want to stay in London! We'll be back, Sha.",5,"Sha's house was immaculate, clean, and fully equipped, with excellent service and helpful information about the area."
5689940,355704561,2018-12-05,2594786,Will,"George is a really awesome guy and it was a pleasure to meet him and stay at his cosy apartment. The WiFi was super fast and the apartment a great value for a budget traveller. bus route very close that gets you to the tube and everywhere, I even   just walked one night from Central London back to the apartment. I am grateful for George's hospitality and for a great stay.",5,"George's cosy apartment was a great value for budget travellers, with fast WiFi and good location near public transport."
6398931,475989033,2019-06-25,2941739,Madeline Catherine,I wanted a place near Kew-this is it. The bed was comfortable and the bathroom had a deep bath with nice shower. There is no air conditioning but the window opened wide for fresh air and there is a good fan. Great breakfast everyday with excellent service - cappuccino included if you prefer.,5,"The bed was comfortable, bathroom had a deep bath, and breakfast was excellent at this place near Kew."
5284496,84336521,2016-07-06,22475011,Romain,"Goran was a perfect host , from check-in to departure ! Despite a delay of our arrival, he waited for us to show us the most beautiful corners of the neighborhood, which is very quiet while being 5 minutes walk from the Chalk Farm station ( which provides access to the center London in 10 minutes) , 6 minutes from Regent 's Park and 7 -minute walk from Camden lock : Perfect location !<br/>The apartment itself is decorated with taste , lounge / kitchen is very large , everything is designed to accommodate at least 4 people : dishwasher, washing machine, coffee machine , tea ... and rooms, a little smaller than the living room, are Hyper comfortable after a long day of walking! Perfect flat and perfect host, I recommend !",5,"Goran's apartment was perfect, with a great location near Chalk Farm station, Regent's Park, and Camden lock."
21269986,557943750,2019-11-02,33677487,Nathalie,"Alice’s beautiful London townhouse was the perfect location for a trip to London with children. The place is stunningly decorated and perfectly located for wanders around Notting hill. <br/>Alice went above and beyond to cater to our specific needs in regards to cleaning products, specifics for the children and was always reachable by phone. couldn’t  recommend highly enough!!",5,"Alice's London townhouse was perfectly located and decorated, with excellent service from Alice herself."
1117433351518667563,1160799086360455218,2024-05-20,134598167,Péter,"Although the room is very small,  we had a great time. Getting in was easy with the keysafe and the detailed instructions. Karol and Ibrahim responded very quickly and offered help if needed. The only problem is that  the room has only a small window which opens to the staircase, so fresh air is far away. The good news is that outside noises are kept out too.",5,"The small room had its drawbacks, but the location and helpful hosts made up for it."
958033396109217241,1125289730694023232,2024-04-01,55472417,Kyle,The flat was amazing! The location is perfect if you are active and want to be amongst Londoners. The flat itself has a beautiful common space and is great for when your exhausted from a long day of adventuring the city. My next visit to London I will be hopefully re-booking.,5,"The flat was amazing, with a perfect location and beautiful common space."
52139568,1191952082969903376,2024-07-02,263803445,Danica,"Maria was excellent with communication and all the staff I encountered were friendly. I loved getting a special hello from the dog when I arrived!<br/>As mentioned in other reviews, the room is very small however the shared spaces were empty most of the time.<br/>Bathroom is very nice, specious and clean.<br/>Other guests were kind and considerate.<br/>A lovely little oasis about a 10 minute walk from the train station.",5,"Maria's communication was excellent, and the shared spaces were clean and quiet."
29624586,479552355098790870,2021-10-23,31480671,John,"The actual place is better than the pictures. The attention to detail in the home is fantastic. We slept in the back bedroom and found it very comfortable. The kitchen has everything you need, and the back porch is a nice addition. It's a quiet street that is right in the middle of everything. Two things of note: 1) there are no closets, so hanging stuff can be a challenge 2) the stairs are steep, so be ware if someone has any mobility challenges.",5,"The home exceeded expectations, but be aware of the lack of closets and steep stairs."
739774,85388754,2016-07-11,68798096,Jasmine,"Studio was better than in photos. Good size throughout. Lovely kitchenette with sufficient utensils to cook. Shower very spacious. Very comfortable bed. Thanks for the variety food left, it made the difference.  Easy check in and check out. Location is perfect just 6 minutes walk to Victoria Station and nice walk to  central london. Definately will book again on our next visit.",5,"The studio was better than expected, with a good size, lovely kitchenette, and comfortable bed."
685615055991804455,862136664622459901,2023-04-04,462130084,Shynell,"Zanieb was available and responsive the entire visit. The listing is as posted. Our goal was to live in a neighborhood vice hotels. This place was a good location but on the corner of a busy intersection. The walk to the train station was less than 5 minutes. The Gentleman's Club next door was opened one night and did not bother us at all. The DLR train was easy to use, safe, and available until after midnight. I would stay here again.",5,"Zanieb's place was a good location for our needs, but the busy intersection nearby was a drawback."
1395088,506369052041911288,2021-11-29,87128569,Laura,"We had a wonderful stay at Phyllis' flat! The location was perfect - centrally located and ideal for sightseeing all over London!  Phyllis' home is lovely and welcoming just like she is.  She contacted us in advance to inquire about our breakfast preferences, and to ask if we had any food allergies. She greeted us upon arrival, helped us navigate the public transit system, and recommended all kinds of activities. The guest bathroom in the flat is modern and newly updated (even a heated towel rack!) and the mattresses were extremely comfortable. There was plenty of storage and many thoughtful amenities. Phyllis is a delightful host and a truly interesting person, and we loved chatting with her. We thoroughly enjoyed our time at Phyllis' home right in the heart of London on Trafalgar Square and we cannot recommend it highly enough :)",5,"Phyllis' flat was perfect for sightseeing in London, with a lovely host and many thoughtful amenities."
1050047039915530900,1102164268631031274,2024-02-29,13063966,Angela,"The listing for a Contemporary Studio Retreat caught my eye and was just that - The retreat I was looking for! Gonzalo was responsive from the start of booking through to check-out. He ensured I had directions and was easily able to access the flat. The flat looked exactly as it does in the photos, was clean and tidy, and the kitchen well supplied with dishes and necessities. The wifi was quick, heater warm, neighbors quiet, and the neighborhood beautiful with close proximity to the Highgate Woods, Hampstead Heath and a number of additional parks. There are several good restaurants and coffee shops a few minutes walk from the flat, as well as Highgate Village. The close proximity to the Northern line and buses allow for easy access to central London. Gonzalo reached out several times during my stay to ensure I was comfortable, check-in on any needs, replenish clean linens, and clean the flat. I recommend this flat for both short-term and longer stays in London! Thank you, Gonzalo!",5,"Gonzalo's Contemporary Studio Retreat was exactly as advertised, clean, tidy, and well-supplied."
11954890,875192821216046680,2023-04-22,493704597,Jean-Baptiste,"6 jours à Londres avec ma fille, le logement de Chied correspond aux photos que l'on voit dans l'annonce. <br/>A notre arrivée, Chied s'est proposé pour m'aider à monter nos bagages 👍. <br/>Malgré mon niveau d'anglais très basique, la communication s'est bien passée. <br/>Pour ce qui est de l'aménagement c'est très bien mis à part ceux qui veulent manger à table avec des chaises, il n'y en a pas mais le canapé et la table basse font l'affaire 😉.<br/>Point positif, l'appartement est dans un quartier calme mais il faut compter entre 10/15 min en bus pour rejoindre la station de métro, pour ensuite aller au Centre de Londres. Rapport qualité-prix imbattable.",2,"Chied's apartment matched the photos, but lacked dining chairs, and was a 10-15 minute bus ride from central London."
19502721,259710928,2018-05-02,8201851,Issa,L’appartement se situe à l’avant dernier étage d’une tour moderne.<br/>Au 19eme étage!!!<br/>La vue est SUBLIIIIIIME!!!<br/>La chambre est parfaite!<br/>Le lit est de très bonne facture ainsi que les oreillers!!<br/>Nos serviettes nous attendaient pliées surlelit avec des produits de bain.. :)Elle est dotée d’une grande télé avec la touche Netflix ;)<br/>La salle de bain mise à disposition est grande et bien équipée!<br/>Le salon est confortable et moderne et la cuisine neuve et fonctionnelle!<br/>Le balcon est immense et la vue est exceptionnelle!!! John mérite laaaaargement son statut de Super Host!! Il est très gentil et nous a laissé profiter des parties communes à notre guise.<br/>Nous avons passé 3 nuits dans ce fabuleux Appart dans lequel nous reviendrons!! Je finirai en disant que John’s room is one of the BEST IN LONDON!! :))),5,Guest had a great stay at John's apartment with an amazing view and excellent service.
5010335,28650683,2015-03-28,27041418,Nadine,"Katie and Simon were fantastic. They gave us the feeling to be home. They helped us to find locations and gave us hints for sightseeing. We loved their stories they could tell about their lifes, experiences and London. Both are very lovely, relaxed and super helpful. We highly recommend them to any person who wants to see London and needs a great place and an awsome family to stay with. We would always go there again. Thanks!",5,Katie and Simon were fantastic hosts who made guests feel at home and provided helpful recommendations.
17735594,143549049,2017-04-12,19564697,Saule,"At Monique's place we really felt like at home :) We got wonderful welcome pack: wine and coffee, which were great. And the location is very good, easy to reach all parts of town in just minutes. Monique prepared a lot of advices and recommendations. We especially enjoyed Broadway market on Saturday! :) Beautiful place for kids... In few steps there are two playgrounds in the London Fields park. Strongly recommend this charming place :)",5,"Monique's place was welcoming and well-located, with a great welcome pack and plenty of kid-friendly activities nearby."
1019483947702427918,1187603173750814390,2024-06-26,4843815,Ines,"Don't miss out this London gem! great place to stay. One of the best nocarzs I stayed in. The location is perfect: quiet but in the hurt of everything. Easy access to other parts of the city. Lots of grocery stores, cafes and bars literally in 1 minute walk. The place is shining clean and the hosts are super nice and friendly. You get a lot for what you pay here. I highly recommand it!!",5,"Don't miss out on this London gem - it's one of the best places to stay, with a perfect location and friendly hosts."
30259828,1031816556641444759,2023-11-24,2174760,Anna,"- no possibilty to leave luggage after the checkout. <br/>- No flexibility on the checkout time, 11:00 and no discussion. <br/>- Smell of cigarette outside the room once even when i was in bed in my room I smelled it.<br/>- Cameras above each door to the room which made me feel observed and a bit uncomfortable each time i was going out to shower or toilet .. <br/>- lack of the liquid to wash dishes and the Sponges in the kitchen were in an appealing state .. you wouldn’t want to see them not mentioning touching them. <br/>- Bad smell in the room when Windows were closed, the carpet needs good cleaning. <br/>- Lack of furniture to put your luggage or clothes or anything. there is a bed & table with 2 chairs. You keep your stuff on the floor. <br/>- no kettle in the room<br/>- The hairdryer was..  in the kitchen. <br/>- A bit of stairs & up and down running, toilet or shower 2 Floors down, kitchen 4<br/>-the mattress was not very comfortable, nor the pillow or the duvet, i woke up sweaty. <br/>+ the host was very responsive.",0,"Guest had several issues with their stay, including lack of flexibility, cleanliness problems, and uncomfortable amenities."
22007576,239827009,2018-03-03,117174342,David,"Appartement très bien placé: 100 m d’une station de Metro, 5 minutes à pieds de Waterloo Station, 10 minutes à pieds du London Eye. <br/>Tous commerces à 5 minutes à pieds.<br/>L’appartement en duplex se trouve dans une petite résidence. Entrée et sortie, ménage, gestion par une société spécialisée: parfait. Déco et agencement très sympa. Bien équipé (hors TV si important, mais moniteur TV dispo) enceinte bluetooth, lave vaisselle, lave linge, micro onde, nespresso...<br/>Seul defaut: les fenêtres ferment mal et sont en simple vitrage, donc les bruits des rues environnantes prennent de l’ampleur et lorsqu’il fait très froid et venteux cela peut être inconfortable ce qui fut le cas lors de notre passage et vaut 1 étoile sur la note finale.<br/>Sinon, parfait.",3,Well-located apartment with some minor issues with noise and window functionality.
1105173244176722697,1212251482970227647,2024-07-30,197220124,Alba,"El apartamento de Omar se ajustaba a lo descrito. Nos alojamos en una habitación con una cama y almohadas cómodas y sábanas limpias. Había también una nevera, lo cual fue muy práctico, y un armario grande. Aunque compartíamos las zonas comunes con otros huéspedes, esto no fue un problema, puesto que había dos baños (uno de ellos con bañera, el otro un aseo). Para mí, lo mejor de haberme hospedado en este lugar, fue la localización: a poca distancia de Little Venice, un lugar muy pintoresco, y de Paddington y otras paradas de autobuses y estaciones de metro. El último día nos encontramos con el padre de Omar y fue muy simpático y amable, asegurándose de que nuestra estancia estuvo bien. Muchas gracias por todo.",2,Guest had a comfortable stay in Omar's apartment with great location near Little Venice.
627123,36499826,2015-06-29,25133956,Coralie,"Excellent séjour à Londres . Appartement très bien décoré et emplacement top dans un quartier tranquille proche du centre ville en métro. Quelques dizaines de mètres, il y a quelques restaurants et l'accès au métro. C'est vraiment bien. L'appartement est propre, la literie de bonne qualité. Je ne regrette pas mon choix et je reviendrai avec plaisir. Merci beaucoup.<br/>",4,Guest had an excellent stay in a well-decorated and centrally located apartment.
691125880278173354,1031793683067836229,2023-11-24,12287389,Jaime,"This has been my second visit to Nadia's apartment and, just like the first time, the experience has been absolutely wonderful. From the moment of booking until the end of my stay, Nadia has stood out as an exceptional host.<br/>Her ability to make me feel welcome and cared for is something I truly value. The apartment was in impeccable condition, shining with cleanliness and order, which shows the care and dedication that Nadia puts into her role as a host.<br/>Furthermore, I have noticed that Nadia is always willing to go above and beyond to improve her guests' stay.<br/>I highly recommend this apartment to any traveler looking for a home away from home. The combination of a cozy space and a host as attentive as Nadia undoubtedly guarantees a memorable stay. I look forward to returning soon!",5,"Guest had a wonderful experience at Nadia's apartment, praising her exceptional hosting skills."
315658,5077853,2013-06-11,477620,Carol,"I booked Graeme's place for my parents for 7 nights and their feedback was: ""Central location,close to London centre, rail & buses 10 min walk,Tesco supermarket 10 min walk, clean, modern, compact, shared bathroom, good kitchen, Graeme was a very helpful person, would not hesitate to recommend for other visitors."" Thanks Graeme!",5,"Graeme's place was described as clean, modern, and central with good kitchen facilities."
